[01May2025 16:07:39.818] [main/INFO] [cpw.mods.modlauncher.Launcher/MODLAUNCHER]: ModLauncher running: args [--launchTarget, forgeserver, --fml.forgeVersion, 47.3.7, --fml.mcVersion, 1.20.1, --fml.forgeGroup, net.minecraftforge, --fml.mcpVersion, 20230612.114412, nogui]
[01May2025 16:07:39.822] [main/INFO] [cpw.mods.modlauncher.Launcher/MODLAUNCHER]: ModLauncher 10.0.9+10.0.9+main.dcd20f30 starting: java version 17.0.14 by Ubuntu; OS Linux arch amd64 version 6.8.0-1026-azure
[01May2025 16:07:39.864] [main/DEBUG] [cpw.mods.modlauncher.LaunchServiceHandler/MODLAUNCHER]: Found launch services [fmlclientdev,forgeclient,minecraft,forgegametestserverdev,fmlserveruserdev,fmlclient,fmldatauserdev,forgeserverdev,forgeserveruserdev,forgeclientdev,forgeclientuserdev,forgeserver,forgedatadev,fmlserver,fmlclientuserdev,fmlserverdev,forgedatauserdev,testharness,forgegametestserveruserdev]
[01May2025 16:07:39.880] [main/DEBUG] [cpw.mods.modlauncher.NameMappingServiceHandler/MODLAUNCHER]: Found naming services : [srgtomcp]
[01May2025 16:07:39.899] [main/DEBUG] [cpw.mods.modlauncher.LaunchPluginHandler/MODLAUNCHER]: Found launch plugins: [mixin,eventbus,slf4jfixer,object_holder_definalize,runtime_enum_extender,capability_token_subclass,accesstransformer,runtimedistcleaner]
[01May2025 16:07:39.911] [main/DEBUG] [cpw.mods.modlauncher.TransformationServicesHandler/MODLAUNCHER]: Discovering transformation services
[01May2025 16:07:39.917] [main/DEBUG] [net.minecraftforge.fml.loading.FMLPaths/CORE]: Path GAMEDIR is /workspaces/serverSurvival/servidor_minecraft
[01May2025 16:07:39.917] [main/DEBUG] [net.minecraftforge.fml.loading.FMLPaths/CORE]: Path MODSDIR is /workspaces/serverSurvival/servidor_minecraft/mods
[01May2025 16:07:39.917] [main/DEBUG] [net.minecraftforge.fml.loading.FMLPaths/CORE]: Path CONFIGDIR is /workspaces/serverSurvival/servidor_minecraft/config
[01May2025 16:07:39.918] [main/DEBUG] [net.minecraftforge.fml.loading.FMLPaths/CORE]: Path FMLCONFIG is /workspaces/serverSurvival/servidor_minecraft/config/fml.toml
[01May2025 16:07:40.894] [main/DEBUG] [cpw.mods.modlauncher.TransformationServicesHandler/MODLAUNCHER]: Found additional transformation services from discovery services: 
[01May2025 16:07:40.901] [main/INFO] [net.minecraftforge.fml.loading.ImmediateWindowHandler/]: ImmediateWindowProvider not loading because launch target is forgeserver
[01May2025 16:07:40.911] [main/DEBUG] [cpw.mods.modlauncher.TransformationServicesHandler/MODLAUNCHER]: Found transformer services : [mixin,fml]
[01May2025 16:07:40.912] [main/DEBUG] [cpw.mods.modlauncher.TransformationServicesHandler/MODLAUNCHER]: Transformation services loading
[01May2025 16:07:40.912] [main/DEBUG] [cpw.mods.modlauncher.TransformationServiceDecorator/MODLAUNCHER]: Loading service mixin
[01May2025 16:07:40.915] [main/DEBUG] [cpw.mods.modlauncher.TransformationServiceDecorator/MODLAUNCHER]: Loaded service mixin
[01May2025 16:07:40.915] [main/DEBUG] [cpw.mods.modlauncher.TransformationServiceDecorator/MODLAUNCHER]: Loading service fml
[01May2025 16:07:40.916] [main/DEBUG] [net.minecraftforge.fml.loading.LauncherVersion/CORE]: Found FMLLauncher version 1.0
[01May2025 16:07:40.917] [main/DEBUG] [net.minecraftforge.fml.loading.FMLLoader/CORE]: FML 1.0 loading
[01May2025 16:07:40.917] [main/DEBUG] [net.minecraftforge.fml.loading.FMLLoader/CORE]: FML found ModLauncher version : 10.0.9+10.0.9+main.dcd20f30
[01May2025 16:07:40.918] [main/DEBUG] [net.minecraftforge.fml.loading.FMLLoader/CORE]: FML found AccessTransformer version : 8.0.4+66+master.c09db6d7
[01May2025 16:07:40.918] [main/DEBUG] [net.minecraftforge.fml.loading.FMLLoader/CORE]: FML found EventBus version : 6.0.5+6.0.5+master.eb8e549b
[01May2025 16:07:40.919] [main/DEBUG] [net.minecraftforge.fml.loading.FMLLoader/CORE]: Found Runtime Dist Cleaner
[01May2025 16:07:40.920] [main/DEBUG] [net.minecraftforge.fml.loading.FMLLoader/CORE]: FML found CoreMod version : 5.1.6
[01May2025 16:07:40.921] [main/DEBUG] [net.minecraftforge.fml.loading.FMLLoader/CORE]: Found ForgeSPI package implementation version 7.0.1+7.0.1+master.d2b38bf6
[01May2025 16:07:40.921] [main/DEBUG] [net.minecraftforge.fml.loading.FMLLoader/CORE]: Found ForgeSPI package specification 5
[01May2025 16:07:40.921] [main/DEBUG] [cpw.mods.modlauncher.TransformationServiceDecorator/MODLAUNCHER]: Loaded service fml
[01May2025 16:07:40.923] [main/DEBUG] [cpw.mods.modlauncher.TransformationServicesHandler/MODLAUNCHER]: Configuring option handling for services
[01May2025 16:07:40.930] [main/DEBUG] [cpw.mods.modlauncher.TransformationServicesHandler/MODLAUNCHER]: Transformation services initializing
[01May2025 16:07:40.931] [main/DEBUG] [cpw.mods.modlauncher.TransformationServiceDecorator/MODLAUNCHER]: Initializing transformation service mixin
[01May2025 16:07:40.948] [main/DEBUG] [mixin/]: MixinService [ModLauncher] was successfully booted in cpw.mods.cl.ModuleClassLoader@7a3d45bd
[01May2025 16:07:40.973] [main/INFO] [mixin/]: SpongePowered MIXIN Subsystem Version=0.8.5 Source=union:/workspaces/serverSurvival/servidor_minecraft/libraries/org/spongepowered/mixin/0.8.5/mixin-0.8.5.jar%2365!/ Service=ModLauncher Env=SERVER
[01May2025 16:07:40.977] [main/DEBUG] [mixin/]: Initialising Mixin Platform Manager
[01May2025 16:07:40.978] [main/DEBUG] [mixin/]: Adding mixin platform agents for container ModLauncher Root Container(ModLauncher:4f56a0a2)
[01May2025 16:07:40.979] [main/DEBUG] [mixin/]: Instancing new MixinPlatformAgentMinecraftForge for ModLauncher Root Container(ModLauncher:4f56a0a2)
[01May2025 16:07:40.984] [main/DEBUG] [mixin/]: MixinPlatformAgentMinecraftForge rejected container ModLauncher Root Container(ModLauncher:4f56a0a2)
[01May2025 16:07:40.985] [main/DEBUG] [mixin/]: Instancing new MixinPlatformAgentDefault for ModLauncher Root Container(ModLauncher:4f56a0a2)
[01May2025 16:07:40.985] [main/DEBUG] [mixin/]: MixinPlatformAgentDefault accepted container ModLauncher Root Container(ModLauncher:4f56a0a2)
[01May2025 16:07:40.988] [main/DEBUG] [cpw.mods.modlauncher.TransformationServiceDecorator/MODLAUNCHER]: Initialized transformation service mixin
[01May2025 16:07:40.989] [main/DEBUG] [cpw.mods.modlauncher.TransformationServiceDecorator/MODLAUNCHER]: Initializing transformation service fml
[01May2025 16:07:40.989] [main/DEBUG] [net.minecraftforge.fml.loading.FMLServiceProvider/CORE]: Setting up basic FML game directories
[01May2025 16:07:40.990] [main/DEBUG] [net.minecraftforge.fml.loading.FMLPaths/CORE]: Path GAMEDIR is /workspaces/serverSurvival/servidor_minecraft
[01May2025 16:07:40.990] [main/DEBUG] [net.minecraftforge.fml.loading.FMLPaths/CORE]: Path MODSDIR is /workspaces/serverSurvival/servidor_minecraft/mods
[01May2025 16:07:40.991] [main/DEBUG] [net.minecraftforge.fml.loading.FMLPaths/CORE]: Path CONFIGDIR is /workspaces/serverSurvival/servidor_minecraft/config
[01May2025 16:07:40.991] [main/DEBUG] [net.minecraftforge.fml.loading.FMLPaths/CORE]: Path FMLCONFIG is /workspaces/serverSurvival/servidor_minecraft/config/fml.toml
[01May2025 16:07:40.991] [main/DEBUG] [net.minecraftforge.fml.loading.FMLServiceProvider/CORE]: Loading configuration
[01May2025 16:07:40.994] [main/DEBUG] [net.minecraftforge.fml.loading.FMLServiceProvider/CORE]: Preparing ModFile
[01May2025 16:07:40.997] [main/DEBUG] [net.minecraftforge.fml.loading.FMLServiceProvider/CORE]: Preparing launch handler
[01May2025 16:07:40.998] [main/DEBUG] [net.minecraftforge.fml.loading.FMLLoader/CORE]: Using forgeserver as launch service
[01May2025 16:07:41.015] [main/DEBUG] [net.minecraftforge.fml.loading.FMLLoader/CORE]: Received command line version data  : VersionInfo[forgeVersion=47.3.7, mcVersion=1.20.1, mcpVersion=20230612.114412, forgeGroup=net.minecraftforge]
[01May2025 16:07:41.016] [main/DEBUG] [cpw.mods.modlauncher.TransformationServiceDecorator/MODLAUNCHER]: Initialized transformation service fml
[01May2025 16:07:41.017] [main/DEBUG] [cpw.mods.modlauncher.NameMappingServiceHandler/MODLAUNCHER]: Current naming domain is 'srg'
[01May2025 16:07:41.018] [main/DEBUG] [cpw.mods.modlauncher.NameMappingServiceHandler/MODLAUNCHER]: Identified name mapping providers {}
[01May2025 16:07:41.018] [main/DEBUG] [cpw.mods.modlauncher.TransformationServicesHandler/MODLAUNCHER]: Transformation services begin scanning
[01May2025 16:07:41.020] [main/DEBUG] [cpw.mods.modlauncher.TransformationServiceDecorator/MODLAUNCHER]: Beginning scan trigger - transformation service mixin
[01May2025 16:07:41.021] [main/DEBUG] [cpw.mods.modlauncher.TransformationServiceDecorator/MODLAUNCHER]: End scan trigger - transformation service mixin
[01May2025 16:07:41.021] [main/DEBUG] [cpw.mods.modlauncher.TransformationServiceDecorator/MODLAUNCHER]: Beginning scan trigger - transformation service fml
[01May2025 16:07:41.022] [main/DEBUG] [net.minecraftforge.fml.loading.FMLServiceProvider/CORE]: Initiating mod scan
[01May2025 16:07:41.036] [main/DEBUG] [net.minecraftforge.fml.loading.moddiscovery.ModListHandler/CORE]: Found mod coordinates from lists: []
[01May2025 16:07:41.041] [main/DEBUG] [net.minecraftforge.fml.loading.moddiscovery.ModDiscoverer/CORE]: Found Mod Locators : (mods folder:null),(maven libs:null),(exploded directory:null),(minecraft:null),(userdev classpath:null)
[01May2025 16:07:41.043] [main/DEBUG] [net.minecraftforge.fml.loading.moddiscovery.ModDiscoverer/CORE]: Found Dependency Locators : (JarInJar:null)
[01May2025 16:07:41.054] [main/DEBUG] [net.minecraftforge.fml.loading.moddiscovery.ModFileParser/LOADING]: Considering mod file candidate /workspaces/serverSurvival/servidor_minecraft/mods/AME's Mobs 1.4.1 - 1.20.1.jar
[01May2025 16:07:41.103] [main/DEBUG] [net.minecraftforge.fml.loading.moddiscovery.ModFileInfo/LOADING]: Found valid mod file AME's Mobs 1.4.1 - 1.20.1.jar with {animatedmobsmod} mods - versions {1.0.0}
[01May2025 16:07:41.104] [main/DEBUG] [net.minecraftforge.fml.loading.moddiscovery.ModFileParser/LOADING]: Considering mod file candidate /workspaces/serverSurvival/servidor_minecraft/mods/aquamirae-6.API15.jar
[01May2025 16:07:41.109] [main/DEBUG] [net.minecraftforge.fml.loading.moddiscovery.ModFileInfo/LOADING]: Found valid mod file aquamirae-6.API15.jar with {aquamirae} mods - versions {6.API15}
[01May2025 16:07:41.110] [main/DEBUG] [net.minecraftforge.fml.loading.moddiscovery.ModFileParser/LOADING]: Considering mod file candidate /workspaces/serverSurvival/servidor_minecraft/mods/BOMD-Forge-1.20.1-1.1.1.jar
[01May2025 16:07:41.112] [main/DEBUG] [net.minecraftforge.fml.loading.moddiscovery.ModFileInfo/LOADING]: Found valid mod file BOMD-Forge-1.20.1-1.1.1.jar with {bosses_of_mass_destruction} mods - versions {1.1.1}
[01May2025 16:07:41.115] [main/DEBUG] [net.minecraftforge.fml.loading.moddiscovery.ModFileParser/LOADING]: Considering mod file candidate /workspaces/serverSurvival/servidor_minecraft/mods/born_in_chaos_[Forge]1.20.1_1.5.2.jar
[01May2025 16:07:41.116] [main/DEBUG] [net.minecraftforge.fml.loading.moddiscovery.ModFileInfo/LOADING]: Found valid mod file born_in_chaos_[Forge]1.20.1_1.5.2.jar with {born_in_chaos_v1} mods - versions {1.5.2}
[01May2025 16:07:41.117] [main/DEBUG] [net.minecraftforge.fml.loading.moddiscovery.ModFileParser/LOADING]: Considering mod file candidate /workspaces/serverSurvival/servidor_minecraft/mods/call_of_drowner-0.1.0-forge-1.20.1.jar
[01May2025 16:07:41.118] [main/DEBUG] [net.minecraftforge.fml.loading.moddiscovery.ModFileInfo/LOADING]: Found valid mod file call_of_drowner-0.1.0-forge-1.20.1.jar with {call_of_drowner} mods - versions {0.1.0}
[01May2025 16:07:41.119] [main/DEBUG] [net.minecraftforge.fml.loading.moddiscovery.ModFileParser/LOADING]: Considering mod file candidate /workspaces/serverSurvival/servidor_minecraft/mods/call_of_yucatan-1.0.12-forge-1.20.1.jar
[01May2025 16:07:41.121] [main/DEBUG] [net.minecraftforge.fml.loading.moddiscovery.ModFileInfo/LOADING]: Found valid mod file call_of_yucatan-1.0.12-forge-1.20.1.jar with {call_of_yucutan} mods - versions {1.0.12}
[01May2025 16:07:41.122] [main/DEBUG] [net.minecraftforge.fml.loading.moddiscovery.ModFileParser/LOADING]: Considering mod file candidate /workspaces/serverSurvival/servidor_minecraft/mods/CerbonsApi-Forge-1.20.1-1.0.0.jar
[01May2025 16:07:41.123] [main/DEBUG] [net.minecraftforge.fml.loading.moddiscovery.ModFileInfo/LOADING]: Found valid mod file CerbonsApi-Forge-1.20.1-1.0.0.jar with {cerbons_api} mods - versions {1.0.0}
[01May2025 16:07:41.125] [main/DEBUG] [net.minecraftforge.fml.loading.moddiscovery.ModFileParser/LOADING]: Considering mod file candidate /workspaces/serverSurvival/servidor_minecraft/mods/citadel-2.6.0-1.20.1.jar
[01May2025 16:07:41.126] [main/DEBUG] [net.minecraftforge.fml.loading.moddiscovery.ModFileInfo/LOADING]: Found valid mod file citadel-2.6.0-1.20.1.jar with {citadel} mods - versions {2.6.0}
[01May2025 16:07:41.127] [main/DEBUG] [net.minecraftforge.fml.loading.moddiscovery.ModFileParser/LOADING]: Considering mod file candidate /workspaces/serverSurvival/servidor_minecraft/mods/cloth-config-11.1.118-forge.jar
[01May2025 16:07:41.128] [main/DEBUG] [net.minecraftforge.fml.loading.moddiscovery.ModFileInfo/LOADING]: Found valid mod file cloth-config-11.1.118-forge.jar with {cloth_config} mods - versions {11.1.118}
[01May2025 16:07:41.129] [main/DEBUG] [net.minecraftforge.fml.loading.moddiscovery.ModFileParser/LOADING]: Considering mod file candidate /workspaces/serverSurvival/servidor_minecraft/mods/curios-forge-5.10.0+1.20.1.jar
[01May2025 16:07:41.132] [main/DEBUG] [net.minecraftforge.fml.loading.moddiscovery.ModFileInfo/LOADING]: Found valid mod file curios-forge-5.10.0+1.20.1.jar with {curios} mods - versions {5.10.0+1.20.1}
[01May2025 16:07:41.134] [main/DEBUG] [net.minecraftforge.fml.loading.moddiscovery.ModFileParser/LOADING]: Considering mod file candidate /workspaces/serverSurvival/servidor_minecraft/mods/dungeons-and-taverns-3.0.3.f[Forge].jar
[01May2025 16:07:41.135] [main/DEBUG] [net.minecraftforge.fml.loading.moddiscovery.ModFileInfo/LOADING]: Found valid mod file dungeons-and-taverns-3.0.3.f[Forge].jar with {mr_dungeons_andtaverns} mods - versions {3.0.3.f}
[01May2025 16:07:41.137] [main/DEBUG] [net.minecraftforge.fml.loading.moddiscovery.ModFileParser/LOADING]: Considering mod file candidate /workspaces/serverSurvival/servidor_minecraft/mods/DungeonsArise-1.20.1-2.1.57-release.jar
[01May2025 16:07:41.138] [main/DEBUG] [net.minecraftforge.fml.loading.moddiscovery.ModFileInfo/LOADING]: Found valid mod file DungeonsArise-1.20.1-2.1.57-release.jar with {dungeons_arise} mods - versions {2.1.57-1.20.1}
[01May2025 16:07:41.139] [main/DEBUG] [net.minecraftforge.fml.loading.moddiscovery.ModFileParser/LOADING]: Considering mod file candidate /workspaces/serverSurvival/servidor_minecraft/mods/eeeabsmobs-1.20.1-0.96.1.jar
[01May2025 16:07:41.140] [main/DEBUG] [net.minecraftforge.fml.loading.moddiscovery.ModFileInfo/LOADING]: Found valid mod file eeeabsmobs-1.20.1-0.96.1.jar with {eeeabsmobs} mods - versions {1.20.1-0.96.1}
[01May2025 16:07:41.142] [main/DEBUG] [net.minecraftforge.fml.loading.moddiscovery.ModFileParser/LOADING]: Considering mod file candidate /workspaces/serverSurvival/servidor_minecraft/mods/faded_conquest_2-1.3.0B-forge-1.20.1.jar
[01May2025 16:07:41.143] [main/DEBUG] [net.minecraftforge.fml.loading.moddiscovery.ModFileInfo/LOADING]: Found valid mod file faded_conquest_2-1.3.0B-forge-1.20.1.jar with {faded_conquest_2} mods - versions {1.2.0}
[01May2025 16:07:41.144] [main/DEBUG] [net.minecraftforge.fml.loading.moddiscovery.ModFileParser/LOADING]: Considering mod file candidate /workspaces/serverSurvival/servidor_minecraft/mods/geckolib-forge-1.20.1-4.4.9.jar
[01May2025 16:07:41.145] [main/DEBUG] [net.minecraftforge.fml.loading.moddiscovery.ModFileInfo/LOADING]: Found valid mod file geckolib-forge-1.20.1-4.4.9.jar with {geckolib} mods - versions {4.4.9}
[01May2025 16:07:41.146] [main/DEBUG] [net.minecraftforge.fml.loading.moddiscovery.ModFileParser/LOADING]: Considering mod file candidate /workspaces/serverSurvival/servidor_minecraft/mods/guardvillagers-1.20.1-1.6.6.jar
[01May2025 16:07:41.147] [main/DEBUG] [net.minecraftforge.fml.loading.moddiscovery.ModFileInfo/LOADING]: Found valid mod file guardvillagers-1.20.1-1.6.6.jar with {guardvillagers} mods - versions {1.20.1-1.6.6}
[01May2025 16:07:41.148] [main/DEBUG] [net.minecraftforge.fml.loading.moddiscovery.ModFileParser/LOADING]: Considering mod file candidate /workspaces/serverSurvival/servidor_minecraft/mods/hs_bosses-0.0.3.jar
[01May2025 16:07:41.150] [main/DEBUG] [net.minecraftforge.fml.loading.moddiscovery.ModFileInfo/LOADING]: Found valid mod file hs_bosses-0.0.3.jar with {hs_bosses} mods - versions {1.0.0}
[01May2025 16:07:41.151] [main/DEBUG] [net.minecraftforge.fml.loading.moddiscovery.ModFileParser/LOADING]: Considering mod file candidate /workspaces/serverSurvival/servidor_minecraft/mods/illageandspillage-1.1.0.jar
[01May2025 16:07:41.155] [main/DEBUG] [net.minecraftforge.fml.loading.moddiscovery.ModFileInfo/LOADING]: Found valid mod file illageandspillage-1.1.0.jar with {illageandspillage} mods - versions {1.1.0}
[01May2025 16:07:41.158] [main/DEBUG] [net.minecraftforge.fml.loading.moddiscovery.ModFileParser/LOADING]: Considering mod file candidate /workspaces/serverSurvival/servidor_minecraft/mods/L_Enders_Cataclysm-2.16 - 1.20.1.jar
[01May2025 16:07:41.161] [main/DEBUG] [net.minecraftforge.fml.loading.moddiscovery.ModFileInfo/LOADING]: Found valid mod file L_Enders_Cataclysm-2.16 - 1.20.1.jar with {cataclysm} mods - versions {2.16}
[01May2025 16:07:41.163] [main/DEBUG] [net.minecraftforge.fml.loading.moddiscovery.ModFileParser/LOADING]: Considering mod file candidate /workspaces/serverSurvival/servidor_minecraft/mods/legendarymonsters-1.4.6 MC 1.20.1.jar
[01May2025 16:07:41.165] [main/DEBUG] [net.minecraftforge.fml.loading.moddiscovery.ModFileInfo/LOADING]: Found valid mod file legendarymonsters-1.4.6 MC 1.20.1.jar with {legendary_monsters} mods - versions {1.20.1}
[01May2025 16:07:41.165] [main/DEBUG] [net.minecraftforge.fml.loading.moddiscovery.ModFileParser/LOADING]: Considering mod file candidate /workspaces/serverSurvival/servidor_minecraft/mods/lionfishapi-1.9.jar
[01May2025 16:07:41.166] [main/DEBUG] [net.minecraftforge.fml.loading.moddiscovery.ModFileInfo/LOADING]: Found valid mod file lionfishapi-1.9.jar with {lionfishapi} mods - versions {1.9}
[01May2025 16:07:41.168] [main/DEBUG] [net.minecraftforge.fml.loading.moddiscovery.ModFileParser/LOADING]: Considering mod file candidate /workspaces/serverSurvival/servidor_minecraft/mods/mowziesmobs-1.6.5.jar
[01May2025 16:07:41.170] [main/DEBUG] [net.minecraftforge.fml.loading.moddiscovery.ModFileInfo/LOADING]: Found valid mod file mowziesmobs-1.6.5.jar with {mowziesmobs} mods - versions {1.6.4}
[01May2025 16:07:41.171] [main/DEBUG] [net.minecraftforge.fml.loading.moddiscovery.ModFileParser/LOADING]: Considering mod file candidate /workspaces/serverSurvival/servidor_minecraft/mods/obscure_api-15.jar
[01May2025 16:07:41.172] [main/DEBUG] [net.minecraftforge.fml.loading.moddiscovery.ModFileInfo/LOADING]: Found valid mod file obscure_api-15.jar with {obscure_api} mods - versions {15}
[01May2025 16:07:41.175] [main/DEBUG] [net.minecraftforge.fml.loading.moddiscovery.ModFileParser/LOADING]: Considering mod file candidate /workspaces/serverSurvival/servidor_minecraft/mods/Pehkui-3.8.2+1.20.1-forge.jar
[01May2025 16:07:41.177] [main/DEBUG] [net.minecraftforge.fml.loading.moddiscovery.ModFileInfo/LOADING]: Found valid mod file Pehkui-3.8.2+1.20.1-forge.jar with {pehkui} mods - versions {3.8.2+1.20.1-forge}
[01May2025 16:07:41.179] [main/DEBUG] [net.minecraftforge.fml.loading.moddiscovery.ModFileParser/LOADING]: Considering mod file candidate /workspaces/serverSurvival/servidor_minecraft/mods/sons-of-sins-1.20.1-2.1.6.jar
[01May2025 16:07:41.179] [main/DEBUG] [net.minecraftforge.fml.loading.moddiscovery.ModFileInfo/LOADING]: Found valid mod file sons-of-sins-1.20.1-2.1.6.jar with {sons_of_sins} mods - versions {2.1.6}
[01May2025 16:07:41.180] [main/DEBUG] [net.minecraftforge.fml.loading.moddiscovery.ModFileParser/LOADING]: Considering mod file candidate /workspaces/serverSurvival/servidor_minecraft/mods/takesapillage-1.0.3-1.20.1.jar
[01May2025 16:07:41.184] [main/DEBUG] [net.minecraftforge.fml.loading.moddiscovery.ModFileInfo/LOADING]: Found valid mod file takesapillage-1.0.3-1.20.1.jar with {takesapillage} mods - versions {1.0.3}
[01May2025 16:07:41.211] [main/DEBUG] [net.minecraftforge.fml.loading.moddiscovery.ModFileParser/LOADING]: Considering mod file candidate /workspaces/serverSurvival/servidor_minecraft/mods/the_bumblezone-7.6.8+1.20.1-forge.jar
[01May2025 16:07:41.215] [main/DEBUG] [net.minecraftforge.fml.loading.moddiscovery.ModFileInfo/LOADING]: Found valid mod file the_bumblezone-7.6.8+1.20.1-forge.jar with {the_bumblezone} mods - versions {7.6.8+1.20.1-forge}
[01May2025 16:07:41.217] [main/DEBUG] [net.minecraftforge.fml.loading.moddiscovery.ModFileParser/LOADING]: Considering mod file candidate /workspaces/serverSurvival/servidor_minecraft/mods/The_Graveyard_3.1_(FORGE)_for_1.20.1.jar
[01May2025 16:07:41.218] [main/DEBUG] [net.minecraftforge.fml.loading.moddiscovery.ModFileInfo/LOADING]: Found valid mod file The_Graveyard_3.1_(FORGE)_for_1.20.1.jar with {graveyard} mods - versions {3.1}
[01May2025 16:07:41.228] [main/DEBUG] [net.minecraftforge.fml.loading.moddiscovery.ModFileParser/LOADING]: Considering mod file candidate /workspaces/serverSurvival/servidor_minecraft/mods/tl_skin_cape_forge_1.20_1.20.1-1.32.jar
[01May2025 16:07:41.230] [main/DEBUG] [net.minecraftforge.fml.loading.moddiscovery.ModFileInfo/LOADING]: Found valid mod file tl_skin_cape_forge_1.20_1.20.1-1.32.jar with {tlskincape} mods - versions {1.32}
[01May2025 16:07:41.364] [main/DEBUG] [net.minecraftforge.fml.loading.moddiscovery.ModFileInfo/LOADING]: Found valid mod file server-1.20.1-20230612.114412-srg.jar with {minecraft} mods - versions {1.20.1}
[01May2025 16:07:41.372] [main/DEBUG] [net.minecraftforge.fml.loading.moddiscovery.ModFileParser/LOADING]: Considering mod file candidate /workspaces/serverSurvival/servidor_minecraft/libraries/net/minecraftforge/fmlcore/1.20.1-47.3.7/fmlcore-1.20.1-47.3.7.jar
[01May2025 16:07:41.374] [main/WARN] [net.minecraftforge.fml.loading.moddiscovery.ModFileParser/LOADING]: Mod file /workspaces/serverSurvival/servidor_minecraft/libraries/net/minecraftforge/fmlcore/1.20.1-47.3.7/fmlcore-1.20.1-47.3.7.jar is missing mods.toml file
[01May2025 16:07:41.378] [main/DEBUG] [net.minecraftforge.fml.loading.moddiscovery.ModFileParser/LOADING]: Considering mod file candidate /workspaces/serverSurvival/servidor_minecraft/libraries/net/minecraftforge/javafmllanguage/1.20.1-47.3.7/javafmllanguage-1.20.1-47.3.7.jar
[01May2025 16:07:41.379] [main/WARN] [net.minecraftforge.fml.loading.moddiscovery.ModFileParser/LOADING]: Mod file /workspaces/serverSurvival/servidor_minecraft/libraries/net/minecraftforge/javafmllanguage/1.20.1-47.3.7/javafmllanguage-1.20.1-47.3.7.jar is missing mods.toml file
[01May2025 16:07:41.382] [main/DEBUG] [net.minecraftforge.fml.loading.moddiscovery.ModFileParser/LOADING]: Considering mod file candidate /workspaces/serverSurvival/servidor_minecraft/libraries/net/minecraftforge/lowcodelanguage/1.20.1-47.3.7/lowcodelanguage-1.20.1-47.3.7.jar
[01May2025 16:07:41.384] [main/WARN] [net.minecraftforge.fml.loading.moddiscovery.ModFileParser/LOADING]: Mod file /workspaces/serverSurvival/servidor_minecraft/libraries/net/minecraftforge/lowcodelanguage/1.20.1-47.3.7/lowcodelanguage-1.20.1-47.3.7.jar is missing mods.toml file
[01May2025 16:07:41.386] [main/DEBUG] [net.minecraftforge.fml.loading.moddiscovery.ModFileParser/LOADING]: Considering mod file candidate /workspaces/serverSurvival/servidor_minecraft/libraries/net/minecraftforge/mclanguage/1.20.1-47.3.7/mclanguage-1.20.1-47.3.7.jar
[01May2025 16:07:41.389] [main/WARN] [net.minecraftforge.fml.loading.moddiscovery.ModFileParser/LOADING]: Mod file /workspaces/serverSurvival/servidor_minecraft/libraries/net/minecraftforge/mclanguage/1.20.1-47.3.7/mclanguage-1.20.1-47.3.7.jar is missing mods.toml file
[01May2025 16:07:41.456] [main/DEBUG] [net.minecraftforge.fml.loading.moddiscovery.ModFileParser/LOADING]: Considering mod file candidate /workspaces/serverSurvival/servidor_minecraft/libraries/net/minecraftforge/forge/1.20.1-47.3.7/forge-1.20.1-47.3.7-universal.jar
[01May2025 16:07:41.457] [main/DEBUG] [net.minecraftforge.fml.loading.moddiscovery.ModFileInfo/LOADING]: Found valid mod file forge-1.20.1-47.3.7-universal.jar with {forge} mods - versions {47.3.7}
[01May2025 16:07:41.472] [main/DEBUG] [net.minecraftforge.fml.loading.moddiscovery.AbstractJarFileDependencyLocator/]: Failed to load resource META-INF/jarjar/metadata.json from server-1.20.1-20230612.114412-srg.jar, it does not contain dependency information.
[01May2025 16:07:41.472] [main/DEBUG] [net.minecraftforge.fml.loading.moddiscovery.AbstractJarFileDependencyLocator/]: Failed to load resource META-INF/jarjar/metadata.json from sons-of-sins-1.20.1-2.1.6.jar, it does not contain dependency information.
[01May2025 16:07:41.473] [main/DEBUG] [net.minecraftforge.fml.loading.moddiscovery.AbstractJarFileDependencyLocator/]: Failed to load resource META-INF/jarjar/metadata.json from mowziesmobs-1.6.5.jar, it does not contain dependency information.
[01May2025 16:07:41.473] [main/DEBUG] [net.minecraftforge.fml.loading.moddiscovery.AbstractJarFileDependencyLocator/]: Failed to load resource META-INF/jarjar/metadata.json from eeeabsmobs-1.20.1-0.96.1.jar, it does not contain dependency information.
[01May2025 16:07:41.473] [main/DEBUG] [net.minecraftforge.fml.loading.moddiscovery.AbstractJarFileDependencyLocator/]: Failed to load resource META-INF/jarjar/metadata.json from call_of_drowner-0.1.0-forge-1.20.1.jar, it does not contain dependency information.
[01May2025 16:07:41.473] [main/DEBUG] [net.minecraftforge.fml.loading.moddiscovery.AbstractJarFileDependencyLocator/]: Failed to load resource META-INF/jarjar/metadata.json from The_Graveyard_3.1_(FORGE)_for_1.20.1.jar, it does not contain dependency information.
[01May2025 16:07:41.474] [main/DEBUG] [net.minecraftforge.fml.loading.moddiscovery.AbstractJarFileDependencyLocator/]: Failed to load resource META-INF/jarjar/metadata.json from born_in_chaos_[Forge]1.20.1_1.5.2.jar, it does not contain dependency information.
[01May2025 16:07:41.474] [main/DEBUG] [net.minecraftforge.fml.loading.moddiscovery.AbstractJarFileDependencyLocator/]: Failed to load resource META-INF/jarjar/metadata.json from lionfishapi-1.9.jar, it does not contain dependency information.
[01May2025 16:07:41.474] [main/DEBUG] [net.minecraftforge.fml.loading.moddiscovery.AbstractJarFileDependencyLocator/]: Failed to load resource META-INF/jarjar/metadata.json from obscure_api-15.jar, it does not contain dependency information.
[01May2025 16:07:41.475] [main/DEBUG] [net.minecraftforge.fml.loading.moddiscovery.AbstractJarFileDependencyLocator/]: Failed to load resource META-INF/jarjar/metadata.json from L_Enders_Cataclysm-2.16 - 1.20.1.jar, it does not contain dependency information.
[01May2025 16:07:41.475] [main/DEBUG] [net.minecraftforge.fml.loading.moddiscovery.AbstractJarFileDependencyLocator/]: Failed to load resource META-INF/jarjar/metadata.json from curios-forge-5.10.0+1.20.1.jar, it does not contain dependency information.
[01May2025 16:07:41.475] [main/DEBUG] [net.minecraftforge.fml.loading.moddiscovery.AbstractJarFileDependencyLocator/]: Failed to load resource META-INF/jarjar/metadata.json from CerbonsApi-Forge-1.20.1-1.0.0.jar, it does not contain dependency information.
[01May2025 16:07:41.475] [main/DEBUG] [net.minecraftforge.fml.loading.moddiscovery.AbstractJarFileDependencyLocator/]: Failed to load resource META-INF/jarjar/metadata.json from citadel-2.6.0-1.20.1.jar, it does not contain dependency information.
[01May2025 16:07:41.476] [main/DEBUG] [net.minecraftforge.fml.loading.moddiscovery.AbstractJarFileDependencyLocator/]: Failed to load resource META-INF/jarjar/metadata.json from legendarymonsters-1.4.6 MC 1.20.1.jar, it does not contain dependency information.
[01May2025 16:07:41.476] [main/DEBUG] [net.minecraftforge.fml.loading.moddiscovery.AbstractJarFileDependencyLocator/]: Failed to load resource META-INF/jarjar/metadata.json from dungeons-and-taverns-3.0.3.f[Forge].jar, it does not contain dependency information.
[01May2025 16:07:41.476] [main/DEBUG] [net.minecraftforge.fml.loading.moddiscovery.AbstractJarFileDependencyLocator/]: Failed to load resource META-INF/jarjar/metadata.json from call_of_yucatan-1.0.12-forge-1.20.1.jar, it does not contain dependency information.
[01May2025 16:07:41.476] [main/DEBUG] [net.minecraftforge.fml.loading.moddiscovery.AbstractJarFileDependencyLocator/]: Failed to load resource META-INF/jarjar/metadata.json from guardvillagers-1.20.1-1.6.6.jar, it does not contain dependency information.
[01May2025 16:07:41.477] [main/DEBUG] [net.minecraftforge.fml.loading.moddiscovery.AbstractJarFileDependencyLocator/]: Failed to load resource META-INF/jarjar/metadata.json from takesapillage-1.0.3-1.20.1.jar, it does not contain dependency information.
[01May2025 16:07:41.477] [main/DEBUG] [net.minecraftforge.fml.loading.moddiscovery.AbstractJarFileDependencyLocator/]: Failed to load resource META-INF/jarjar/metadata.json from AME's Mobs 1.4.1 - 1.20.1.jar, it does not contain dependency information.
[01May2025 16:07:41.477] [main/DEBUG] [net.minecraftforge.fml.loading.moddiscovery.AbstractJarFileDependencyLocator/]: Failed to load resource META-INF/jarjar/metadata.json from BOMD-Forge-1.20.1-1.1.1.jar, it does not contain dependency information.
[01May2025 16:07:41.478] [main/DEBUG] [net.minecraftforge.fml.loading.moddiscovery.AbstractJarFileDependencyLocator/]: Failed to load resource META-INF/jarjar/metadata.json from faded_conquest_2-1.3.0B-forge-1.20.1.jar, it does not contain dependency information.
[01May2025 16:07:41.478] [main/DEBUG] [net.minecraftforge.fml.loading.moddiscovery.AbstractJarFileDependencyLocator/]: Failed to load resource META-INF/jarjar/metadata.json from illageandspillage-1.1.0.jar, it does not contain dependency information.
[01May2025 16:07:41.478] [main/DEBUG] [net.minecraftforge.fml.loading.moddiscovery.AbstractJarFileDependencyLocator/]: Failed to load resource META-INF/jarjar/metadata.json from cloth-config-11.1.118-forge.jar, it does not contain dependency information.
[01May2025 16:07:41.478] [main/DEBUG] [net.minecraftforge.fml.loading.moddiscovery.AbstractJarFileDependencyLocator/]: Failed to load resource META-INF/jarjar/metadata.json from forge-1.20.1-47.3.7-universal.jar, it does not contain dependency information.
[01May2025 16:07:41.479] [main/DEBUG] [net.minecraftforge.fml.loading.moddiscovery.AbstractJarFileDependencyLocator/]: Failed to load resource META-INF/jarjar/metadata.json from tl_skin_cape_forge_1.20_1.20.1-1.32.jar, it does not contain dependency information.
[01May2025 16:07:41.479] [main/DEBUG] [net.minecraftforge.fml.loading.moddiscovery.AbstractJarFileDependencyLocator/]: Failed to load resource META-INF/jarjar/metadata.json from aquamirae-6.API15.jar, it does not contain dependency information.
[01May2025 16:07:41.479] [main/DEBUG] [net.minecraftforge.fml.loading.moddiscovery.AbstractJarFileDependencyLocator/]: Failed to load resource META-INF/jarjar/metadata.json from hs_bosses-0.0.3.jar, it does not contain dependency information.
[01May2025 16:07:41.479] [main/DEBUG] [net.minecraftforge.fml.loading.moddiscovery.AbstractJarFileDependencyLocator/]: Failed to load resource META-INF/jarjar/metadata.json from DungeonsArise-1.20.1-2.1.57-release.jar, it does not contain dependency information.
[01May2025 16:07:41.480] [main/DEBUG] [net.minecraftforge.fml.loading.moddiscovery.AbstractJarFileDependencyLocator/]: Failed to load resource META-INF/jarjar/metadata.json from mclanguage-1.20.1-47.3.7.jar, it does not contain dependency information.
[01May2025 16:07:41.480] [main/DEBUG] [net.minecraftforge.fml.loading.moddiscovery.AbstractJarFileDependencyLocator/]: Failed to load resource META-INF/jarjar/metadata.json from javafmllanguage-1.20.1-47.3.7.jar, it does not contain dependency information.
[01May2025 16:07:41.480] [main/DEBUG] [net.minecraftforge.fml.loading.moddiscovery.AbstractJarFileDependencyLocator/]: Failed to load resource META-INF/jarjar/metadata.json from fmlcore-1.20.1-47.3.7.jar, it does not contain dependency information.
[01May2025 16:07:41.480] [main/DEBUG] [net.minecraftforge.fml.loading.moddiscovery.AbstractJarFileDependencyLocator/]: Failed to load resource META-INF/jarjar/metadata.json from lowcodelanguage-1.20.1-47.3.7.jar, it does not contain dependency information.
[01May2025 16:07:41.538] [main/DEBUG] [net.minecraftforge.fml.loading.moddiscovery.ModFileParser/LOADING]: Considering mod file candidate 
[01May2025 16:07:41.539] [main/DEBUG] [net.minecraftforge.fml.loading.moddiscovery.ModFileInfo/LOADING]: Found valid mod file athena-forge-1.20.1-3.1.1.jar with {athena} mods - versions {3.1.1}
[01May2025 16:07:41.542] [main/DEBUG] [net.minecraftforge.fml.loading.moddiscovery.ModFileParser/LOADING]: Considering mod file candidate 
[01May2025 16:07:41.543] [main/DEBUG] [net.minecraftforge.fml.loading.moddiscovery.ModFileInfo/LOADING]: Found valid mod file mixinextras-forge-0.4.1.jar with {mixinextras} mods - versions {0.4.1}
[01May2025 16:07:41.547] [main/DEBUG] [net.minecraftforge.fml.loading.moddiscovery.ModFileParser/LOADING]: Considering mod file candidate 
[01May2025 16:07:41.550] [main/DEBUG] [net.minecraftforge.fml.loading.moddiscovery.ModFileInfo/LOADING]: Found valid mod file mixinextras-forge-0.3.6.jar with {mixinextras} mods - versions {0.3.6}
[01May2025 16:07:41.558] [main/DEBUG] [net.minecraftforge.fml.loading.moddiscovery.AbstractJarFileDependencyLocator/]: Failed to load resource META-INF/jarjar/metadata.json from athena-forge-1.20.1-3.1.1.jar, it does not contain dependency information.
[01May2025 16:07:41.571] [main/DEBUG] [net.minecraftforge.fml.loading.moddiscovery.AbstractJarFileDependencyLocator/]: Failed to load resource META-INF/jarjar/metadata.json from mclib-20.jar, it does not contain dependency information.
[01May2025 16:07:41.571] [main/DEBUG] [net.minecraftforge.fml.loading.moddiscovery.AbstractJarFileDependencyLocator/]: Failed to load resource META-INF/jarjar/metadata.json from MixinExtras-0.4.1.jar, it does not contain dependency information.
[01May2025 16:07:41.571] [main/DEBUG] [net.minecraftforge.fml.loading.moddiscovery.AbstractJarFileDependencyLocator/]: Failed to load resource META-INF/jarjar/metadata.json from MixinExtras-0.3.6.jar, it does not contain dependency information.
[01May2025 16:07:41.613] [main/DEBUG] [net.minecraftforge.fml.loading.moddiscovery.ModFileParser/LOADING]: Considering mod file candidate 
[01May2025 16:07:41.614] [main/DEBUG] [net.minecraftforge.fml.loading.moddiscovery.ModFileInfo/LOADING]: Found valid mod file mixinextras-forge-0.4.1.jar with {mixinextras} mods - versions {0.4.1}
[01May2025 16:07:41.618] [main/DEBUG] [net.minecraftforge.fml.loading.moddiscovery.ModFileParser/LOADING]: Considering mod file candidate 
[01May2025 16:07:41.619] [main/DEBUG] [net.minecraftforge.fml.loading.moddiscovery.ModFileInfo/LOADING]: Found valid mod file athena-forge-1.20.1-3.1.1.jar with {athena} mods - versions {3.1.1}
[01May2025 16:07:41.622] [main/INFO] [net.minecraftforge.fml.loading.moddiscovery.JarInJarDependencyLocator/]: Found 4 dependencies adding them to mods collection
[01May2025 16:07:41.624] [main/DEBUG] [net.minecraftforge.fml.loading.moddiscovery.ModFileParser/LOADING]: Considering mod file candidate /workspaces/serverSurvival/servidor_minecraft/mods/sons-of-sins-1.20.1-2.1.6.jar
[01May2025 16:07:41.625] [main/DEBUG] [net.minecraftforge.fml.loading.moddiscovery.ModFileInfo/LOADING]: Found valid mod file sons-of-sins-1.20.1-2.1.6.jar with {sons_of_sins} mods - versions {2.1.6}
[01May2025 16:07:41.628] [main/DEBUG] [net.minecraftforge.fml.loading.moddiscovery.ModFile/LOADING]: Loading mod file /workspaces/serverSurvival/servidor_minecraft/mods/sons-of-sins-1.20.1-2.1.6.jar with languages [LanguageSpec[languageName=javafml, acceptedVersions=[47,)]]
[01May2025 16:07:41.631] [main/DEBUG] [net.minecraftforge.fml.loading.moddiscovery.ModFileInfo/LOADING]: Found valid mod file server-1.20.1-20230612.114412-srg.jar with {minecraft} mods - versions {1.20.1}
[01May2025 16:07:41.632] [main/DEBUG] [net.minecraftforge.fml.loading.moddiscovery.ModFile/LOADING]: Loading mod file /workspaces/serverSurvival/servidor_minecraft/libraries/net/minecraft/server/1.20.1-20230612.114412/server-1.20.1-20230612.114412-srg.jar with languages [LanguageSpec[languageName=minecraft, acceptedVersions=1]]
[01May2025 16:07:41.632] [main/DEBUG] [net.minecraftforge.fml.loading.moddiscovery.ModFileParser/LOADING]: Considering mod file candidate /workspaces/serverSurvival/servidor_minecraft/mods/mowziesmobs-1.6.5.jar
[01May2025 16:07:41.633] [main/DEBUG] [net.minecraftforge.fml.loading.moddiscovery.ModFileInfo/LOADING]: Found valid mod file mowziesmobs-1.6.5.jar with {mowziesmobs} mods - versions {1.6.4}
[01May2025 16:07:41.633] [main/DEBUG] [net.minecraftforge.fml.loading.moddiscovery.ModFile/LOADING]: Loading mod file /workspaces/serverSurvival/servidor_minecraft/mods/mowziesmobs-1.6.5.jar with languages [LanguageSpec[languageName=javafml, acceptedVersions=[43,)]]
[01May2025 16:07:41.634] [main/DEBUG] [net.minecraftforge.fml.loading.moddiscovery.ModFileParser/LOADING]: Considering mod file candidate /workspaces/serverSurvival/servidor_minecraft/mods/geckolib-forge-1.20.1-4.4.9.jar
[01May2025 16:07:41.634] [main/DEBUG] [net.minecraftforge.fml.loading.moddiscovery.ModFileInfo/LOADING]: Found valid mod file geckolib-forge-1.20.1-4.4.9.jar with {geckolib} mods - versions {4.4.9}
[01May2025 16:07:41.634] [main/DEBUG] [net.minecraftforge.fml.loading.moddiscovery.ModFile/LOADING]: Loading mod file /workspaces/serverSurvival/servidor_minecraft/mods/geckolib-forge-1.20.1-4.4.9.jar with languages [LanguageSpec[languageName=javafml, acceptedVersions=[47,)]]
[01May2025 16:07:41.635] [main/DEBUG] [net.minecraftforge.fml.loading.moddiscovery.ModFileParser/LOADING]: Considering mod file candidate /workspaces/serverSurvival/servidor_minecraft/mods/call_of_drowner-0.1.0-forge-1.20.1.jar
[01May2025 16:07:41.635] [main/DEBUG] [net.minecraftforge.fml.loading.moddiscovery.ModFileInfo/LOADING]: Found valid mod file call_of_drowner-0.1.0-forge-1.20.1.jar with {call_of_drowner} mods - versions {0.1.0}
[01May2025 16:07:41.636] [main/DEBUG] [net.minecraftforge.fml.loading.moddiscovery.ModFile/LOADING]: Loading mod file /workspaces/serverSurvival/servidor_minecraft/mods/call_of_drowner-0.1.0-forge-1.20.1.jar with languages [LanguageSpec[languageName=javafml, acceptedVersions=[47,)]]
[01May2025 16:07:41.636] [main/DEBUG] [net.minecraftforge.fml.loading.moddiscovery.ModFileParser/LOADING]: Considering mod file candidate /workspaces/serverSurvival/servidor_minecraft/mods/eeeabsmobs-1.20.1-0.96.1.jar
[01May2025 16:07:41.637] [main/DEBUG] [net.minecraftforge.fml.loading.moddiscovery.ModFileInfo/LOADING]: Found valid mod file eeeabsmobs-1.20.1-0.96.1.jar with {eeeabsmobs} mods - versions {1.20.1-0.96.1}
[01May2025 16:07:41.637] [main/DEBUG] [net.minecraftforge.fml.loading.moddiscovery.ModFile/LOADING]: Loading mod file /workspaces/serverSurvival/servidor_minecraft/mods/eeeabsmobs-1.20.1-0.96.1.jar with languages [LanguageSpec[languageName=javafml, acceptedVersions=[47,)]]
[01May2025 16:07:41.637] [main/DEBUG] [net.minecraftforge.fml.loading.moddiscovery.ModFileParser/LOADING]: Considering mod file candidate /workspaces/serverSurvival/servidor_minecraft/mods/The_Graveyard_3.1_(FORGE)_for_1.20.1.jar
[01May2025 16:07:41.638] [main/DEBUG] [net.minecraftforge.fml.loading.moddiscovery.ModFileInfo/LOADING]: Found valid mod file The_Graveyard_3.1_(FORGE)_for_1.20.1.jar with {graveyard} mods - versions {3.1}
[01May2025 16:07:41.638] [main/DEBUG] [net.minecraftforge.fml.loading.moddiscovery.ModFile/LOADING]: Loading mod file /workspaces/serverSurvival/servidor_minecraft/mods/The_Graveyard_3.1_(FORGE)_for_1.20.1.jar with languages [LanguageSpec[languageName=javafml, acceptedVersions=[37,)]]
[01May2025 16:07:41.638] [main/DEBUG] [net.minecraftforge.fml.loading.moddiscovery.ModFileParser/LOADING]: Considering mod file candidate /workspaces/serverSurvival/servidor_minecraft/mods/born_in_chaos_[Forge]1.20.1_1.5.2.jar
[01May2025 16:07:41.639] [main/DEBUG] [net.minecraftforge.fml.loading.moddiscovery.ModFileInfo/LOADING]: Found valid mod file born_in_chaos_[Forge]1.20.1_1.5.2.jar with {born_in_chaos_v1} mods - versions {1.5.2}
[01May2025 16:07:41.639] [main/DEBUG] [net.minecraftforge.fml.loading.moddiscovery.ModFile/LOADING]: Loading mod file /workspaces/serverSurvival/servidor_minecraft/mods/born_in_chaos_[Forge]1.20.1_1.5.2.jar with languages [LanguageSpec[languageName=javafml, acceptedVersions=[47,)]]
[01May2025 16:07:41.639] [main/DEBUG] [net.minecraftforge.fml.loading.moddiscovery.ModFileParser/LOADING]: Considering mod file candidate /workspaces/serverSurvival/servidor_minecraft/mods/Pehkui-3.8.2+1.20.1-forge.jar
[01May2025 16:07:41.640] [main/DEBUG] [net.minecraftforge.fml.loading.moddiscovery.ModFileInfo/LOADING]: Found valid mod file Pehkui-3.8.2+1.20.1-forge.jar with {pehkui} mods - versions {3.8.2+1.20.1-forge}
[01May2025 16:07:41.640] [main/DEBUG] [net.minecraftforge.fml.loading.moddiscovery.ModFile/LOADING]: Loading mod file /workspaces/serverSurvival/servidor_minecraft/mods/Pehkui-3.8.2+1.20.1-forge.jar with languages [LanguageSpec[languageName=javafml, acceptedVersions=[28,)]]
[01May2025 16:07:41.640] [main/DEBUG] [net.minecraftforge.fml.loading.moddiscovery.ModFileParser/LOADING]: Considering mod file candidate /workspaces/serverSurvival/servidor_minecraft/mods/lionfishapi-1.9.jar
[01May2025 16:07:41.641] [main/DEBUG] [net.minecraftforge.fml.loading.moddiscovery.ModFileInfo/LOADING]: Found valid mod file lionfishapi-1.9.jar with {lionfishapi} mods - versions {1.9}
[01May2025 16:07:41.641] [main/DEBUG] [net.minecraftforge.fml.loading.moddiscovery.ModFile/LOADING]: Loading mod file /workspaces/serverSurvival/servidor_minecraft/mods/lionfishapi-1.9.jar with languages [LanguageSpec[languageName=javafml, acceptedVersions=[47,)]]
[01May2025 16:07:41.641] [main/DEBUG] [net.minecraftforge.fml.loading.moddiscovery.ModFileParser/LOADING]: Considering mod file candidate /workspaces/serverSurvival/servidor_minecraft/mods/obscure_api-15.jar
[01May2025 16:07:41.642] [main/DEBUG] [net.minecraftforge.fml.loading.moddiscovery.ModFileInfo/LOADING]: Found valid mod file obscure_api-15.jar with {obscure_api} mods - versions {15}
[01May2025 16:07:41.642] [main/DEBUG] [net.minecraftforge.fml.loading.moddiscovery.ModFile/LOADING]: Loading mod file /workspaces/serverSurvival/servidor_minecraft/mods/obscure_api-15.jar with languages [LanguageSpec[languageName=javafml, acceptedVersions=[47,)]]
[01May2025 16:07:41.643] [main/DEBUG] [net.minecraftforge.fml.loading.moddiscovery.ModFileParser/LOADING]: Considering mod file candidate /workspaces/serverSurvival/servidor_minecraft/mods/curios-forge-5.10.0+1.20.1.jar
[01May2025 16:07:41.643] [main/DEBUG] [net.minecraftforge.fml.loading.moddiscovery.ModFileInfo/LOADING]: Found valid mod file curios-forge-5.10.0+1.20.1.jar with {curios} mods - versions {5.10.0+1.20.1}
[01May2025 16:07:41.643] [main/DEBUG] [net.minecraftforge.fml.loading.moddiscovery.ModFile/LOADING]: Loading mod file /workspaces/serverSurvival/servidor_minecraft/mods/curios-forge-5.10.0+1.20.1.jar with languages [LanguageSpec[languageName=javafml, acceptedVersions=[41,)]]
[01May2025 16:07:41.644] [main/DEBUG] [net.minecraftforge.fml.loading.moddiscovery.ModFileParser/LOADING]: Considering mod file candidate /workspaces/serverSurvival/servidor_minecraft/mods/L_Enders_Cataclysm-2.16 - 1.20.1.jar
[01May2025 16:07:41.645] [main/DEBUG] [net.minecraftforge.fml.loading.moddiscovery.ModFileInfo/LOADING]: Found valid mod file L_Enders_Cataclysm-2.16 - 1.20.1.jar with {cataclysm} mods - versions {2.16}
[01May2025 16:07:41.645] [main/DEBUG] [net.minecraftforge.fml.loading.moddiscovery.ModFile/LOADING]: Loading mod file /workspaces/serverSurvival/servidor_minecraft/mods/L_Enders_Cataclysm-2.16 - 1.20.1.jar with languages [LanguageSpec[languageName=javafml, acceptedVersions=[36,)]]
[01May2025 16:07:41.645] [main/DEBUG] [net.minecraftforge.fml.loading.moddiscovery.ModFileParser/LOADING]: Considering mod file candidate /workspaces/serverSurvival/servidor_minecraft/mods/CerbonsApi-Forge-1.20.1-1.0.0.jar
[01May2025 16:07:41.646] [main/DEBUG] [net.minecraftforge.fml.loading.moddiscovery.ModFileInfo/LOADING]: Found valid mod file CerbonsApi-Forge-1.20.1-1.0.0.jar with {cerbons_api} mods - versions {1.0.0}
[01May2025 16:07:41.646] [main/DEBUG] [net.minecraftforge.fml.loading.moddiscovery.ModFile/LOADING]: Loading mod file /workspaces/serverSurvival/servidor_minecraft/mods/CerbonsApi-Forge-1.20.1-1.0.0.jar with languages [LanguageSpec[languageName=javafml, acceptedVersions=[47,)]]
[01May2025 16:07:41.646] [main/DEBUG] [net.minecraftforge.fml.loading.moddiscovery.ModFileParser/LOADING]: Considering mod file candidate /workspaces/serverSurvival/servidor_minecraft/mods/citadel-2.6.0-1.20.1.jar
[01May2025 16:07:41.647] [main/DEBUG] [net.minecraftforge.fml.loading.moddiscovery.ModFileInfo/LOADING]: Found valid mod file citadel-2.6.0-1.20.1.jar with {citadel} mods - versions {2.6.0}
[01May2025 16:07:41.647] [main/DEBUG] [net.minecraftforge.fml.loading.moddiscovery.ModFile/LOADING]: Loading mod file /workspaces/serverSurvival/servidor_minecraft/mods/citadel-2.6.0-1.20.1.jar with languages [LanguageSpec[languageName=javafml, acceptedVersions=[47,)]]
[01May2025 16:07:41.647] [main/DEBUG] [net.minecraftforge.fml.loading.moddiscovery.ModFileParser/LOADING]: Considering mod file candidate /workspaces/serverSurvival/servidor_minecraft/mods/legendarymonsters-1.4.6 MC 1.20.1.jar
[01May2025 16:07:41.648] [main/DEBUG] [net.minecraftforge.fml.loading.moddiscovery.ModFileInfo/LOADING]: Found valid mod file legendarymonsters-1.4.6 MC 1.20.1.jar with {legendary_monsters} mods - versions {1.20.1}
[01May2025 16:07:41.648] [main/DEBUG] [net.minecraftforge.fml.loading.moddiscovery.ModFile/LOADING]: Loading mod file /workspaces/serverSurvival/servidor_minecraft/mods/legendarymonsters-1.4.6 MC 1.20.1.jar with languages [LanguageSpec[languageName=javafml, acceptedVersions=[47,)]]
[01May2025 16:07:41.649] [main/DEBUG] [net.minecraftforge.fml.loading.moddiscovery.ModFileParser/LOADING]: Considering mod file candidate /workspaces/serverSurvival/servidor_minecraft/mods/dungeons-and-taverns-3.0.3.f[Forge].jar
[01May2025 16:07:41.649] [main/DEBUG] [net.minecraftforge.fml.loading.moddiscovery.ModFileInfo/LOADING]: Found valid mod file dungeons-and-taverns-3.0.3.f[Forge].jar with {mr_dungeons_andtaverns} mods - versions {3.0.3.f}
[01May2025 16:07:41.650] [main/DEBUG] [net.minecraftforge.fml.loading.moddiscovery.ModFile/LOADING]: Loading mod file /workspaces/serverSurvival/servidor_minecraft/mods/dungeons-and-taverns-3.0.3.f[Forge].jar with languages [LanguageSpec[languageName=lowcodefml, acceptedVersions=[40,)]]
[01May2025 16:07:41.650] [main/DEBUG] [net.minecraftforge.fml.loading.moddiscovery.ModFileParser/LOADING]: Considering mod file candidate /workspaces/serverSurvival/servidor_minecraft/mods/call_of_yucatan-1.0.12-forge-1.20.1.jar
[01May2025 16:07:41.650] [main/DEBUG] [net.minecraftforge.fml.loading.moddiscovery.ModFileInfo/LOADING]: Found valid mod file call_of_yucatan-1.0.12-forge-1.20.1.jar with {call_of_yucutan} mods - versions {1.0.12}
[01May2025 16:07:41.651] [main/DEBUG] [net.minecraftforge.fml.loading.moddiscovery.ModFile/LOADING]: Loading mod file /workspaces/serverSurvival/servidor_minecraft/mods/call_of_yucatan-1.0.12-forge-1.20.1.jar with languages [LanguageSpec[languageName=javafml, acceptedVersions=[47,)]]
[01May2025 16:07:41.651] [main/DEBUG] [net.minecraftforge.fml.loading.moddiscovery.ModFileParser/LOADING]: Considering mod file candidate /workspaces/serverSurvival/servidor_minecraft/mods/guardvillagers-1.20.1-1.6.6.jar
[01May2025 16:07:41.652] [main/DEBUG] [net.minecraftforge.fml.loading.moddiscovery.ModFileInfo/LOADING]: Found valid mod file guardvillagers-1.20.1-1.6.6.jar with {guardvillagers} mods - versions {1.20.1-1.6.6}
[01May2025 16:07:41.653] [main/DEBUG] [net.minecraftforge.fml.loading.moddiscovery.ModFile/LOADING]: Loading mod file /workspaces/serverSurvival/servidor_minecraft/mods/guardvillagers-1.20.1-1.6.6.jar with languages [LanguageSpec[languageName=javafml, acceptedVersions=[46,)]]
[01May2025 16:07:41.653] [main/DEBUG] [net.minecraftforge.fml.loading.moddiscovery.ModFileParser/LOADING]: Considering mod file candidate /workspaces/serverSurvival/servidor_minecraft/mods/takesapillage-1.0.3-1.20.1.jar
[01May2025 16:07:41.653] [main/DEBUG] [net.minecraftforge.fml.loading.moddiscovery.ModFileInfo/LOADING]: Found valid mod file takesapillage-1.0.3-1.20.1.jar with {takesapillage} mods - versions {1.0.3}
[01May2025 16:07:41.654] [main/DEBUG] [net.minecraftforge.fml.loading.moddiscovery.ModFile/LOADING]: Loading mod file /workspaces/serverSurvival/servidor_minecraft/mods/takesapillage-1.0.3-1.20.1.jar with languages [LanguageSpec[languageName=javafml, acceptedVersions=[46,)]]
[01May2025 16:07:41.654] [main/DEBUG] [net.minecraftforge.fml.loading.moddiscovery.ModFileParser/LOADING]: Considering mod file candidate /workspaces/serverSurvival/servidor_minecraft/mods/AME's Mobs 1.4.1 - 1.20.1.jar
[01May2025 16:07:41.655] [main/DEBUG] [net.minecraftforge.fml.loading.moddiscovery.ModFileInfo/LOADING]: Found valid mod file AME's Mobs 1.4.1 - 1.20.1.jar with {animatedmobsmod} mods - versions {1.0.0}
[01May2025 16:07:41.655] [main/DEBUG] [net.minecraftforge.fml.loading.moddiscovery.ModFile/LOADING]: Loading mod file /workspaces/serverSurvival/servidor_minecraft/mods/AME's Mobs 1.4.1 - 1.20.1.jar with languages [LanguageSpec[languageName=javafml, acceptedVersions=[47,)]]
[01May2025 16:07:41.655] [main/DEBUG] [net.minecraftforge.fml.loading.moddiscovery.ModFileParser/LOADING]: Considering mod file candidate /workspaces/serverSurvival/servidor_minecraft/mods/BOMD-Forge-1.20.1-1.1.1.jar
[01May2025 16:07:41.656] [main/DEBUG] [net.minecraftforge.fml.loading.moddiscovery.ModFileInfo/LOADING]: Found valid mod file BOMD-Forge-1.20.1-1.1.1.jar with {bosses_of_mass_destruction} mods - versions {1.1.1}
[01May2025 16:07:41.656] [main/DEBUG] [net.minecraftforge.fml.loading.moddiscovery.ModFile/LOADING]: Loading mod file /workspaces/serverSurvival/servidor_minecraft/mods/BOMD-Forge-1.20.1-1.1.1.jar with languages [LanguageSpec[languageName=javafml, acceptedVersions=[47,)]]
[01May2025 16:07:41.656] [main/DEBUG] [net.minecraftforge.fml.loading.moddiscovery.ModFileParser/LOADING]: Considering mod file candidate /workspaces/serverSurvival/servidor_minecraft/mods/the_bumblezone-7.6.8+1.20.1-forge.jar
[01May2025 16:07:41.657] [main/DEBUG] [net.minecraftforge.fml.loading.moddiscovery.ModFileInfo/LOADING]: Found valid mod file the_bumblezone-7.6.8+1.20.1-forge.jar with {the_bumblezone} mods - versions {7.6.8+1.20.1-forge}
[01May2025 16:07:41.657] [main/DEBUG] [net.minecraftforge.fml.loading.moddiscovery.ModFile/LOADING]: Loading mod file /workspaces/serverSurvival/servidor_minecraft/mods/the_bumblezone-7.6.8+1.20.1-forge.jar with languages [LanguageSpec[languageName=javafml, acceptedVersions=[38,)]]
[01May2025 16:07:41.657] [main/DEBUG] [net.minecraftforge.fml.loading.moddiscovery.ModFileParser/LOADING]: Considering mod file candidate /workspaces/serverSurvival/servidor_minecraft/mods/faded_conquest_2-1.3.0B-forge-1.20.1.jar
[01May2025 16:07:41.658] [main/DEBUG] [net.minecraftforge.fml.loading.moddiscovery.ModFileInfo/LOADING]: Found valid mod file faded_conquest_2-1.3.0B-forge-1.20.1.jar with {faded_conquest_2} mods - versions {1.2.0}
[01May2025 16:07:41.658] [main/DEBUG] [net.minecraftforge.fml.loading.moddiscovery.ModFile/LOADING]: Loading mod file /workspaces/serverSurvival/servidor_minecraft/mods/faded_conquest_2-1.3.0B-forge-1.20.1.jar with languages [LanguageSpec[languageName=javafml, acceptedVersions=[47,)]]
[01May2025 16:07:41.658] [main/DEBUG] [net.minecraftforge.fml.loading.moddiscovery.ModFileParser/LOADING]: Considering mod file candidate /workspaces/serverSurvival/servidor_minecraft/mods/cloth-config-11.1.118-forge.jar
[01May2025 16:07:41.659] [main/DEBUG] [net.minecraftforge.fml.loading.moddiscovery.ModFileInfo/LOADING]: Found valid mod file cloth-config-11.1.118-forge.jar with {cloth_config} mods - versions {11.1.118}
[01May2025 16:07:41.659] [main/DEBUG] [net.minecraftforge.fml.loading.moddiscovery.ModFile/LOADING]: Loading mod file /workspaces/serverSurvival/servidor_minecraft/mods/cloth-config-11.1.118-forge.jar with languages [LanguageSpec[languageName=javafml, acceptedVersions=[34,)]]
[01May2025 16:07:41.659] [main/DEBUG] [net.minecraftforge.fml.loading.moddiscovery.ModFileParser/LOADING]: Considering mod file candidate /workspaces/serverSurvival/servidor_minecraft/mods/illageandspillage-1.1.0.jar
[01May2025 16:07:41.660] [main/DEBUG] [net.minecraftforge.fml.loading.moddiscovery.ModFileInfo/LOADING]: Found valid mod file illageandspillage-1.1.0.jar with {illageandspillage} mods - versions {1.1.0}
[01May2025 16:07:41.660] [main/DEBUG] [net.minecraftforge.fml.loading.moddiscovery.ModFile/LOADING]: Loading mod file /workspaces/serverSurvival/servidor_minecraft/mods/illageandspillage-1.1.0.jar with languages [LanguageSpec[languageName=javafml, acceptedVersions=[47,)]]
[01May2025 16:07:41.662] [main/DEBUG] [net.minecraftforge.fml.loading.moddiscovery.ModFileParser/LOADING]: Considering mod file candidate /workspaces/serverSurvival/servidor_minecraft/libraries/net/minecraftforge/forge/1.20.1-47.3.7/forge-1.20.1-47.3.7-universal.jar
[01May2025 16:07:41.663] [main/DEBUG] [net.minecraftforge.fml.loading.moddiscovery.ModFileInfo/LOADING]: Found valid mod file forge-1.20.1-47.3.7-universal.jar with {forge} mods - versions {47.3.7}
[01May2025 16:07:41.663] [main/DEBUG] [net.minecraftforge.fml.loading.moddiscovery.ModFile/LOADING]: Loading mod file /workspaces/serverSurvival/servidor_minecraft/libraries/net/minecraftforge/forge/1.20.1-47.3.7/forge-1.20.1-47.3.7-universal.jar with languages [LanguageSpec[languageName=javafml, acceptedVersions=[24,]]]
[01May2025 16:07:41.667] [main/DEBUG] [net.minecraftforge.fml.loading.moddiscovery.ModFileParser/LOADING]: Found coremod field_to_method with Javascript path coremods/field_to_method.js
[01May2025 16:07:41.667] [main/DEBUG] [net.minecraftforge.fml.loading.moddiscovery.ModFileParser/LOADING]: Found coremod field_to_instanceof with Javascript path coremods/field_to_instanceof.js
[01May2025 16:07:41.667] [main/DEBUG] [net.minecraftforge.fml.loading.moddiscovery.ModFileParser/LOADING]: Found coremod add_bouncer_method with Javascript path coremods/add_bouncer_method.js
[01May2025 16:07:41.667] [main/DEBUG] [net.minecraftforge.fml.loading.moddiscovery.ModFileParser/LOADING]: Found coremod method_redirector with Javascript path coremods/method_redirector.js
[01May2025 16:07:41.668] [main/DEBUG] [net.minecraftforge.fml.loading.moddiscovery.ModFile/LOADING]: Found coremod coremods/field_to_method.js
[01May2025 16:07:41.668] [main/DEBUG] [net.minecraftforge.fml.loading.moddiscovery.ModFile/LOADING]: Found coremod coremods/field_to_instanceof.js
[01May2025 16:07:41.668] [main/DEBUG] [net.minecraftforge.fml.loading.moddiscovery.ModFile/LOADING]: Found coremod coremods/add_bouncer_method.js
[01May2025 16:07:41.668] [main/DEBUG] [net.minecraftforge.fml.loading.moddiscovery.ModFile/LOADING]: Found coremod coremods/method_redirector.js
[01May2025 16:07:41.668] [main/DEBUG] [net.minecraftforge.fml.loading.moddiscovery.ModFileParser/LOADING]: Considering mod file candidate /workspaces/serverSurvival/servidor_minecraft/mods/tl_skin_cape_forge_1.20_1.20.1-1.32.jar
[01May2025 16:07:41.669] [main/DEBUG] [net.minecraftforge.fml.loading.moddiscovery.ModFileInfo/LOADING]: Found valid mod file tl_skin_cape_forge_1.20_1.20.1-1.32.jar with {tlskincape} mods - versions {1.32}
[01May2025 16:07:41.669] [main/DEBUG] [net.minecraftforge.fml.loading.moddiscovery.ModFile/LOADING]: Loading mod file /workspaces/serverSurvival/servidor_minecraft/mods/tl_skin_cape_forge_1.20_1.20.1-1.32.jar with languages [LanguageSpec[languageName=javafml, acceptedVersions=[25,)]]
[01May2025 16:07:41.669] [main/DEBUG] [net.minecraftforge.fml.loading.moddiscovery.ModFileParser/LOADING]: Considering mod file candidate 
[01May2025 16:07:41.670] [main/DEBUG] [net.minecraftforge.fml.loading.moddiscovery.ModFileInfo/LOADING]: Found valid mod file athena-forge-1.20.1-3.1.1.jar with {athena} mods - versions {3.1.1}
[01May2025 16:07:41.670] [main/DEBUG] [net.minecraftforge.fml.loading.moddiscovery.ModFile/LOADING]: Loading mod file  with languages [LanguageSpec[languageName=javafml, acceptedVersions=[47,)]]
[01May2025 16:07:41.670] [main/DEBUG] [net.minecraftforge.fml.loading.moddiscovery.ModFileParser/LOADING]: Considering mod file candidate /workspaces/serverSurvival/servidor_minecraft/mods/aquamirae-6.API15.jar
[01May2025 16:07:41.671] [main/DEBUG] [net.minecraftforge.fml.loading.moddiscovery.ModFileInfo/LOADING]: Found valid mod file aquamirae-6.API15.jar with {aquamirae} mods - versions {6.API15}
[01May2025 16:07:41.673] [main/DEBUG] [net.minecraftforge.fml.loading.moddiscovery.ModFile/LOADING]: Loading mod file /workspaces/serverSurvival/servidor_minecraft/mods/aquamirae-6.API15.jar with languages [LanguageSpec[languageName=javafml, acceptedVersions=[47,)]]
[01May2025 16:07:41.673] [main/DEBUG] [net.minecraftforge.fml.loading.moddiscovery.ModFileParser/LOADING]: Considering mod file candidate /workspaces/serverSurvival/servidor_minecraft/mods/DungeonsArise-1.20.1-2.1.57-release.jar
[01May2025 16:07:41.673] [main/DEBUG] [net.minecraftforge.fml.loading.moddiscovery.ModFileInfo/LOADING]: Found valid mod file DungeonsArise-1.20.1-2.1.57-release.jar with {dungeons_arise} mods - versions {2.1.57-1.20.1}
[01May2025 16:07:41.674] [main/DEBUG] [net.minecraftforge.fml.loading.moddiscovery.ModFile/LOADING]: Loading mod file /workspaces/serverSurvival/servidor_minecraft/mods/DungeonsArise-1.20.1-2.1.57-release.jar with languages [LanguageSpec[languageName=javafml, acceptedVersions=[41,)]]
[01May2025 16:07:41.674] [main/DEBUG] [net.minecraftforge.fml.loading.moddiscovery.ModFileParser/LOADING]: Considering mod file candidate /workspaces/serverSurvival/servidor_minecraft/mods/hs_bosses-0.0.3.jar
[01May2025 16:07:41.674] [main/DEBUG] [net.minecraftforge.fml.loading.moddiscovery.ModFileInfo/LOADING]: Found valid mod file hs_bosses-0.0.3.jar with {hs_bosses} mods - versions {1.0.0}
[01May2025 16:07:41.675] [main/DEBUG] [net.minecraftforge.fml.loading.moddiscovery.ModFile/LOADING]: Loading mod file /workspaces/serverSurvival/servidor_minecraft/mods/hs_bosses-0.0.3.jar with languages [LanguageSpec[languageName=javafml, acceptedVersions=[47,)]]
[01May2025 16:07:41.675] [main/DEBUG] [net.minecraftforge.fml.loading.moddiscovery.ModFile/LOADING]: Loading mod file  with languages []
[01May2025 16:07:41.675] [main/DEBUG] [net.minecraftforge.fml.loading.moddiscovery.ModFileParser/LOADING]: Considering mod file candidate 
[01May2025 16:07:41.675] [main/DEBUG] [net.minecraftforge.fml.loading.moddiscovery.ModFileInfo/LOADING]: Found valid mod file mixinextras-forge-0.4.1.jar with {mixinextras} mods - versions {0.4.1}
[01May2025 16:07:41.675] [main/DEBUG] [net.minecraftforge.fml.loading.moddiscovery.ModFile/LOADING]: Loading mod file  with languages [LanguageSpec[languageName=javafml, acceptedVersions=*]]
[01May2025 16:07:41.676] [main/DEBUG] [net.minecraftforge.fml.loading.moddiscovery.ModFile/LOADING]: Loading mod file  with languages []
[01May2025 16:07:41.676] [main/DEBUG] [net.minecraftforge.fml.loading.moddiscovery.ModFile/LOADING]: Loading mod file  with languages []
[01May2025 16:07:41.676] [main/DEBUG] [net.minecraftforge.fml.loading.moddiscovery.ModFileParser/LOADING]: Considering mod file candidate 
[01May2025 16:07:41.676] [main/DEBUG] [net.minecraftforge.fml.loading.moddiscovery.ModFileInfo/LOADING]: Found valid mod file mixinextras-forge-0.4.1.jar with {mixinextras} mods - versions {0.4.1}
[01May2025 16:07:41.678] [main/DEBUG] [net.minecraftforge.fml.loading.moddiscovery.ModFile/LOADING]: Loading mod file  with languages [LanguageSpec[languageName=javafml, acceptedVersions=*]]
[01May2025 16:07:41.678] [main/DEBUG] [net.minecraftforge.fml.loading.moddiscovery.ModFile/LOADING]: Loading mod file  with languages []
[01May2025 16:07:41.679] [main/DEBUG] [cpw.mods.modlauncher.TransformationServiceDecorator/MODLAUNCHER]: End scan trigger - transformation service fml
[01May2025 16:07:41.692] [main/DEBUG] [net.minecraftforge.fml.loading.LanguageLoadingProvider/CORE]: Found 3 language providers
[01May2025 16:07:41.692] [main/DEBUG] [net.minecraftforge.fml.loading.LanguageLoadingProvider/CORE]: Found language provider minecraft, version 1.0
[01May2025 16:07:41.693] [main/DEBUG] [net.minecraftforge.fml.loading.LanguageLoadingProvider/CORE]: Found language provider lowcodefml, version 47
[01May2025 16:07:41.694] [main/DEBUG] [net.minecraftforge.fml.loading.LanguageLoadingProvider/CORE]: Found language provider javafml, version 47
[01May2025 16:07:41.700] [main/DEBUG] [net.minecraftforge.fml.loading.UniqueModListBuilder/]: Found 2 mods for first modid mclib, selecting most recent based on version data
[01May2025 16:07:41.702] [main/DEBUG] [net.minecraftforge.fml.loading.UniqueModListBuilder/]: Selected file mclib-20.jar for modid mclib with version 0.0NONE
[01May2025 16:07:41.702] [main/DEBUG] [net.minecraftforge.fml.loading.UniqueModListBuilder/]: Found 2 mods for first modid mixinextras, selecting most recent based on version data
[01May2025 16:07:41.702] [main/DEBUG] [net.minecraftforge.fml.loading.UniqueModListBuilder/]: Selected file mixinextras-forge-0.4.1.jar for modid mixinextras with version 0.4.1
[01May2025 16:07:41.702] [main/DEBUG] [net.minecraftforge.fml.loading.UniqueModListBuilder/]: Found 2 mods for first modid MixinExtras, selecting most recent based on version data
[01May2025 16:07:41.702] [main/DEBUG] [net.minecraftforge.fml.loading.UniqueModListBuilder/]: Selected file MixinExtras-0.4.1.jar for modid MixinExtras with version 0.0NONE
[01May2025 16:07:41.708] [main/DEBUG] [net.minecraftforge.fml.loading.ModSorter/]: Configured system mods: [minecraft, forge]
[01May2025 16:07:41.710] [main/DEBUG] [net.minecraftforge.fml.loading.ModSorter/]: Found system mod: minecraft
[01May2025 16:07:41.711] [main/DEBUG] [net.minecraftforge.fml.loading.ModSorter/]: Found system mod: forge
[01May2025 16:07:41.715] [main/DEBUG] [net.minecraftforge.fml.loading.ModSorter/LOADING]: Found 68 mod requirements (51 mandatory, 17 optional)
[01May2025 16:07:41.716] [main/DEBUG] [net.minecraftforge.fml.loading.ModSorter/LOADING]: Found 0 mod requirements missing (0 mandatory, 0 optional)
[01May2025 16:07:42.438] [main/DEBUG] [cpw.mods.modlauncher.TransformationServicesHandler/MODLAUNCHER]: Transformation services loading transformers
[01May2025 16:07:42.439] [main/DEBUG] [cpw.mods.modlauncher.TransformationServiceDecorator/MODLAUNCHER]: Initializing transformers for transformation service mixin
[01May2025 16:07:42.441] [main/DEBUG] [cpw.mods.modlauncher.TransformationServiceDecorator/MODLAUNCHER]: Initialized transformers for transformation service mixin
[01May2025 16:07:42.441] [main/DEBUG] [cpw.mods.modlauncher.TransformationServiceDecorator/MODLAUNCHER]: Initializing transformers for transformation service fml
[01May2025 16:07:42.441] [main/DEBUG] [net.minecraftforge.fml.loading.FMLServiceProvider/CORE]: Loading coremod transformers
[01May2025 16:07:42.442] [main/DEBUG] [net.minecraftforge.coremod.CoreModEngine/COREMOD]: Loading CoreMod from coremods/field_to_method.js
[01May2025 16:07:42.851] [main/DEBUG] [net.minecraftforge.coremod.CoreModEngine/COREMOD]: CoreMod loaded successfully
[01May2025 16:07:42.851] [main/DEBUG] [net.minecraftforge.coremod.CoreModEngine/COREMOD]: Loading CoreMod from coremods/field_to_instanceof.js
[01May2025 16:07:43.015] [main/DEBUG] [net.minecraftforge.coremod.CoreModEngine/COREMOD]: CoreMod loaded successfully
[01May2025 16:07:43.017] [main/DEBUG] [net.minecraftforge.coremod.CoreModEngine/COREMOD]: Loading CoreMod from coremods/add_bouncer_method.js
[01May2025 16:07:43.116] [main/DEBUG] [net.minecraftforge.coremod.CoreModEngine/COREMOD]: CoreMod loaded successfully
[01May2025 16:07:43.118] [main/DEBUG] [net.minecraftforge.coremod.CoreModEngine/COREMOD]: Loading CoreMod from coremods/method_redirector.js
[01May2025 16:07:43.239] [main/DEBUG] [net.minecraftforge.coremod.CoreModEngine/COREMOD]: CoreMod loaded successfully
[01May2025 16:07:43.275] [main/DEBUG] [cpw.mods.modlauncher.TransformStore/MODLAUNCHER]: Adding transformer net.minecraftforge.coremod.transformer.CoreModClassTransformer@2ab26378 to Target : CLASS {Lnet/minecraft/world/level/biome/Biome;} {} {V}
[01May2025 16:07:43.279] [main/DEBUG] [cpw.mods.modlauncher.TransformStore/MODLAUNCHER]: Adding transformer net.minecraftforge.coremod.transformer.CoreModClassTransformer@2121d1f9 to Target : CLASS {Lnet/minecraft/world/level/levelgen/structure/Structure;} {} {V}
[01May2025 16:07:43.280] [main/DEBUG] [cpw.mods.modlauncher.TransformStore/MODLAUNCHER]: Adding transformer net.minecraftforge.coremod.transformer.CoreModClassTransformer@31e2232f to Target : CLASS {Lnet/minecraft/world/effect/MobEffectInstance;} {} {V}
[01May2025 16:07:43.281] [main/DEBUG] [cpw.mods.modlauncher.TransformStore/MODLAUNCHER]: Adding transformer net.minecraftforge.coremod.transformer.CoreModClassTransformer@1806bc4c to Target : CLASS {Lnet/minecraft/world/level/block/LiquidBlock;} {} {V}
[01May2025 16:07:43.281] [main/DEBUG] [cpw.mods.modlauncher.TransformStore/MODLAUNCHER]: Adding transformer net.minecraftforge.coremod.transformer.CoreModClassTransformer@462e1e64 to Target : CLASS {Lnet/minecraft/world/item/BucketItem;} {} {V}
[01May2025 16:07:43.281] [main/DEBUG] [cpw.mods.modlauncher.TransformStore/MODLAUNCHER]: Adding transformer net.minecraftforge.coremod.transformer.CoreModClassTransformer@69afa141 to Target : CLASS {Lnet/minecraft/world/level/block/StairBlock;} {} {V}
[01May2025 16:07:43.281] [main/DEBUG] [cpw.mods.modlauncher.TransformStore/MODLAUNCHER]: Adding transformer net.minecraftforge.coremod.transformer.CoreModClassTransformer@49f40c00 to Target : CLASS {Lnet/minecraft/world/level/block/FlowerPotBlock;} {} {V}
[01May2025 16:07:43.281] [main/DEBUG] [cpw.mods.modlauncher.TransformStore/MODLAUNCHER]: Adding transformer net.minecraftforge.coremod.transformer.CoreModClassTransformer@643d2dae to Target : CLASS {Lnet/minecraft/world/item/ItemStack;} {} {V}
[01May2025 16:07:43.281] [main/DEBUG] [cpw.mods.modlauncher.TransformStore/MODLAUNCHER]: Adding transformer net.minecraftforge.coremod.transformer.CoreModClassTransformer@52d6d273 to Target : CLASS {Lnet/minecraft/network/play/client/CClientSettingsPacket;} {} {V}
[01May2025 16:07:43.282] [main/DEBUG] [cpw.mods.modlauncher.TransformStore/MODLAUNCHER]: Adding transformer net.minecraftforge.coremod.transformer.CoreModClassTransformer@4667c4c1 to Target : CLASS {Lnet/minecraft/world/entity/EntityType;} {} {V}
[01May2025 16:07:43.282] [main/DEBUG] [cpw.mods.modlauncher.TransformStore/MODLAUNCHER]: Adding transformer net.minecraftforge.coremod.transformer.CoreModClassTransformer@4667c4c1 to Target : CLASS {Lnet/minecraft/world/entity/monster/Spider;} {} {V}
[01May2025 16:07:43.282] [main/DEBUG] [cpw.mods.modlauncher.TransformStore/MODLAUNCHER]: Adding transformer net.minecraftforge.coremod.transformer.CoreModClassTransformer@4667c4c1 to Target : CLASS {Lnet/minecraft/server/commands/SummonCommand;} {} {V}
[01May2025 16:07:43.282] [main/DEBUG] [cpw.mods.modlauncher.TransformStore/MODLAUNCHER]: Adding transformer net.minecraftforge.coremod.transformer.CoreModClassTransformer@4667c4c1 to Target : CLASS {Lnet/minecraft/world/entity/raid/Raid;} {} {V}
[01May2025 16:07:43.282] [main/DEBUG] [cpw.mods.modlauncher.TransformStore/MODLAUNCHER]: Adding transformer net.minecraftforge.coremod.transformer.CoreModClassTransformer@4667c4c1 to Target : CLASS {Lnet/minecraft/world/level/levelgen/PhantomSpawner;} {} {V}
[01May2025 16:07:43.282] [main/DEBUG] [cpw.mods.modlauncher.TransformStore/MODLAUNCHER]: Adding transformer net.minecraftforge.coremod.transformer.CoreModClassTransformer@4667c4c1 to Target : CLASS {Lnet/minecraft/world/entity/npc/CatSpawner;} {} {V}
[01May2025 16:07:43.282] [main/DEBUG] [cpw.mods.modlauncher.TransformStore/MODLAUNCHER]: Adding transformer net.minecraftforge.coremod.transformer.CoreModClassTransformer@4667c4c1 to Target : CLASS {Lnet/minecraft/world/entity/npc/Villager;} {} {V}
[01May2025 16:07:43.284] [main/DEBUG] [cpw.mods.modlauncher.TransformStore/MODLAUNCHER]: Adding transformer net.minecraftforge.coremod.transformer.CoreModClassTransformer@4667c4c1 to Target : CLASS {Lnet/minecraft/world/level/NaturalSpawner;} {} {V}
[01May2025 16:07:43.284] [main/DEBUG] [cpw.mods.modlauncher.TransformStore/MODLAUNCHER]: Adding transformer net.minecraftforge.coremod.transformer.CoreModClassTransformer@4667c4c1 to Target : CLASS {Lnet/minecraft/world/level/levelgen/structure/structures/OceanRuinPieces$OceanRuinPiece;} {} {V}
[01May2025 16:07:43.284] [main/DEBUG] [cpw.mods.modlauncher.TransformStore/MODLAUNCHER]: Adding transformer net.minecraftforge.coremod.transformer.CoreModClassTransformer@4667c4c1 to Target : CLASS {Lnet/minecraft/world/level/levelgen/structure/templatesystem/StructureTemplate;} {} {V}
[01May2025 16:07:43.285] [main/DEBUG] [cpw.mods.modlauncher.TransformStore/MODLAUNCHER]: Adding transformer net.minecraftforge.coremod.transformer.CoreModClassTransformer@4667c4c1 to Target : CLASS {Lnet/minecraft/server/commands/RaidCommand;} {} {V}
[01May2025 16:07:43.285] [main/DEBUG] [cpw.mods.modlauncher.TransformStore/MODLAUNCHER]: Adding transformer net.minecraftforge.coremod.transformer.CoreModClassTransformer@4667c4c1 to Target : CLASS {Lnet/minecraft/world/entity/monster/Zombie;} {} {V}
[01May2025 16:07:43.285] [main/DEBUG] [cpw.mods.modlauncher.TransformStore/MODLAUNCHER]: Adding transformer net.minecraftforge.coremod.transformer.CoreModClassTransformer@4667c4c1 to Target : CLASS {Lnet/minecraft/world/entity/ai/village/VillageSiege;} {} {V}
[01May2025 16:07:43.285] [main/DEBUG] [cpw.mods.modlauncher.TransformStore/MODLAUNCHER]: Adding transformer net.minecraftforge.coremod.transformer.CoreModClassTransformer@4667c4c1 to Target : CLASS {Lnet/minecraft/world/entity/animal/frog/Tadpole;} {} {V}
[01May2025 16:07:43.285] [main/DEBUG] [cpw.mods.modlauncher.TransformStore/MODLAUNCHER]: Adding transformer net.minecraftforge.coremod.transformer.CoreModClassTransformer@4667c4c1 to Target : CLASS {Lnet/minecraft/world/entity/monster/Evoker$EvokerSummonSpellGoal;} {} {V}
[01May2025 16:07:43.285] [main/DEBUG] [cpw.mods.modlauncher.TransformStore/MODLAUNCHER]: Adding transformer net.minecraftforge.coremod.transformer.CoreModClassTransformer@4667c4c1 to Target : CLASS {Lnet/minecraft/world/level/levelgen/structure/structures/SwampHutPiece;} {} {V}
[01May2025 16:07:43.285] [main/DEBUG] [cpw.mods.modlauncher.TransformStore/MODLAUNCHER]: Adding transformer net.minecraftforge.coremod.transformer.CoreModClassTransformer@4667c4c1 to Target : CLASS {Lnet/minecraft/world/entity/animal/horse/SkeletonTrapGoal;} {} {V}
[01May2025 16:07:43.285] [main/DEBUG] [cpw.mods.modlauncher.TransformStore/MODLAUNCHER]: Adding transformer net.minecraftforge.coremod.transformer.CoreModClassTransformer@4667c4c1 to Target : CLASS {Lnet/minecraft/world/entity/monster/Strider;} {} {V}
[01May2025 16:07:43.285] [main/DEBUG] [cpw.mods.modlauncher.TransformStore/MODLAUNCHER]: Adding transformer net.minecraftforge.coremod.transformer.CoreModClassTransformer@4667c4c1 to Target : CLASS {Lnet/minecraft/world/entity/monster/ZombieVillager;} {} {V}
[01May2025 16:07:43.285] [main/DEBUG] [cpw.mods.modlauncher.TransformStore/MODLAUNCHER]: Adding transformer net.minecraftforge.coremod.transformer.CoreModClassTransformer@4667c4c1 to Target : CLASS {Lnet/minecraft/world/level/levelgen/PatrolSpawner;} {} {V}
[01May2025 16:07:43.287] [main/DEBUG] [cpw.mods.modlauncher.TransformStore/MODLAUNCHER]: Adding transformer net.minecraftforge.coremod.transformer.CoreModClassTransformer@4667c4c1 to Target : CLASS {Lnet/minecraft/world/level/levelgen/structure/structures/OceanMonumentPieces$OceanMonumentPiece;} {} {V}
[01May2025 16:07:43.287] [main/DEBUG] [cpw.mods.modlauncher.TransformStore/MODLAUNCHER]: Adding transformer net.minecraftforge.coremod.transformer.CoreModClassTransformer@4667c4c1 to Target : CLASS {Lnet/minecraft/world/level/levelgen/structure/structures/WoodlandMansionPieces$WoodlandMansionPiece;} {} {V}
[01May2025 16:07:43.289] [main/DEBUG] [cpw.mods.modlauncher.TransformationServiceDecorator/MODLAUNCHER]: Initialized transformers for transformation service fml
[01May2025 16:07:44.851] [main/DEBUG] [mixin/]: Processing prepare() for PlatformAgent[MixinPlatformAgentDefault:ModLauncher Root Container(ModLauncher:4f56a0a2)]
[01May2025 16:07:44.854] [main/DEBUG] [mixin/]: Processing launch tasks for PlatformAgent[MixinPlatformAgentDefault:ModLauncher Root Container(ModLauncher:4f56a0a2)]
[01May2025 16:07:44.855] [main/DEBUG] [mixin/]: Adding mixin platform agents for container SecureJarResource(minecraft)
[01May2025 16:07:44.856] [main/DEBUG] [mixin/]: Instancing new MixinPlatformAgentMinecraftForge for SecureJarResource(minecraft)
[01May2025 16:07:44.856] [main/DEBUG] [mixin/]: MixinPlatformAgentMinecraftForge rejected container SecureJarResource(minecraft)
[01May2025 16:07:44.856] [main/DEBUG] [mixin/]: Instancing new MixinPlatformAgentDefault for SecureJarResource(minecraft)
[01May2025 16:07:44.856] [main/DEBUG] [mixin/]: MixinPlatformAgentDefault accepted container SecureJarResource(minecraft)
[01May2025 16:07:44.856] [main/DEBUG] [mixin/]: Processing prepare() for PlatformAgent[MixinPlatformAgentDefault:SecureJarResource(minecraft)]
[01May2025 16:07:44.857] [main/DEBUG] [mixin/]: Adding mixin platform agents for container SecureJarResource(sons_of_sins)
[01May2025 16:07:44.857] [main/DEBUG] [mixin/]: Instancing new MixinPlatformAgentMinecraftForge for SecureJarResource(sons_of_sins)
[01May2025 16:07:44.857] [main/DEBUG] [mixin/]: MixinPlatformAgentMinecraftForge rejected container SecureJarResource(sons_of_sins)
[01May2025 16:07:44.857] [main/DEBUG] [mixin/]: Instancing new MixinPlatformAgentDefault for SecureJarResource(sons_of_sins)
[01May2025 16:07:44.857] [main/DEBUG] [mixin/]: MixinPlatformAgentDefault accepted container SecureJarResource(sons_of_sins)
[01May2025 16:07:44.857] [main/DEBUG] [mixin/]: Processing prepare() for PlatformAgent[MixinPlatformAgentDefault:SecureJarResource(sons_of_sins)]
[01May2025 16:07:44.861] [main/DEBUG] [mixin/]: Adding mixin platform agents for container SecureJarResource(mowziesmobs)
[01May2025 16:07:44.861] [main/DEBUG] [mixin/]: Instancing new MixinPlatformAgentMinecraftForge for SecureJarResource(mowziesmobs)
[01May2025 16:07:44.861] [main/DEBUG] [mixin/]: MixinPlatformAgentMinecraftForge rejected container SecureJarResource(mowziesmobs)
[01May2025 16:07:44.861] [main/DEBUG] [mixin/]: Instancing new MixinPlatformAgentDefault for SecureJarResource(mowziesmobs)
[01May2025 16:07:44.862] [main/DEBUG] [mixin/]: MixinPlatformAgentDefault accepted container SecureJarResource(mowziesmobs)
[01May2025 16:07:44.862] [main/DEBUG] [mixin/]: Processing prepare() for PlatformAgent[MixinPlatformAgentDefault:SecureJarResource(mowziesmobs)]
[01May2025 16:07:44.863] [main/DEBUG] [mixin/]: Registering mixin config: mowziesmobs.mixins.json
[01May2025 16:07:44.897] [main/DEBUG] [mixin/]: Compatibility level JAVA_17 specified by mowziesmobs.mixins.json is higher than the maximum level supported by this version of mixin (JAVA_13).
[01May2025 16:07:44.904] [main/INFO] [mixin/]: Compatibility level set to JAVA_17
[01May2025 16:07:44.906] [main/DEBUG] [mixin/]: Adding mixin platform agents for container SecureJarResource(geckolib)
[01May2025 16:07:44.906] [main/DEBUG] [mixin/]: Instancing new MixinPlatformAgentMinecraftForge for SecureJarResource(geckolib)
[01May2025 16:07:44.906] [main/DEBUG] [mixin/]: MixinPlatformAgentMinecraftForge rejected container SecureJarResource(geckolib)
[01May2025 16:07:44.906] [main/DEBUG] [mixin/]: Instancing new MixinPlatformAgentDefault for SecureJarResource(geckolib)
[01May2025 16:07:44.906] [main/DEBUG] [mixin/]: MixinPlatformAgentDefault accepted container SecureJarResource(geckolib)
[01May2025 16:07:44.906] [main/DEBUG] [mixin/]: Processing prepare() for PlatformAgent[MixinPlatformAgentDefault:SecureJarResource(geckolib)]
[01May2025 16:07:44.906] [main/DEBUG] [mixin/]: Registering mixin config: geckolib.mixins.json
[01May2025 16:07:44.915] [main/DEBUG] [mixin/]: Adding mixin platform agents for container SecureJarResource(eeeabsmobs)
[01May2025 16:07:44.917] [main/DEBUG] [mixin/]: Instancing new MixinPlatformAgentMinecraftForge for SecureJarResource(eeeabsmobs)
[01May2025 16:07:44.917] [main/DEBUG] [mixin/]: MixinPlatformAgentMinecraftForge rejected container SecureJarResource(eeeabsmobs)
[01May2025 16:07:44.917] [main/DEBUG] [mixin/]: Instancing new MixinPlatformAgentDefault for SecureJarResource(eeeabsmobs)
[01May2025 16:07:44.917] [main/DEBUG] [mixin/]: MixinPlatformAgentDefault accepted container SecureJarResource(eeeabsmobs)
[01May2025 16:07:44.917] [main/DEBUG] [mixin/]: Processing prepare() for PlatformAgent[MixinPlatformAgentDefault:SecureJarResource(eeeabsmobs)]
[01May2025 16:07:44.917] [main/DEBUG] [mixin/]: Registering mixin config: eeeabsmobs.mixins.json
[01May2025 16:07:44.923] [main/DEBUG] [mixin/]: Adding mixin platform agents for container SecureJarResource(call_of_drowner)
[01May2025 16:07:44.923] [main/DEBUG] [mixin/]: Instancing new MixinPlatformAgentMinecraftForge for SecureJarResource(call_of_drowner)
[01May2025 16:07:44.923] [main/DEBUG] [mixin/]: MixinPlatformAgentMinecraftForge rejected container SecureJarResource(call_of_drowner)
[01May2025 16:07:44.923] [main/DEBUG] [mixin/]: Instancing new MixinPlatformAgentDefault for SecureJarResource(call_of_drowner)
[01May2025 16:07:44.923] [main/DEBUG] [mixin/]: MixinPlatformAgentDefault accepted container SecureJarResource(call_of_drowner)
[01May2025 16:07:44.924] [main/DEBUG] [mixin/]: Processing prepare() for PlatformAgent[MixinPlatformAgentDefault:SecureJarResource(call_of_drowner)]
[01May2025 16:07:44.924] [main/DEBUG] [mixin/]: Adding mixin platform agents for container SecureJarResource(graveyard)
[01May2025 16:07:44.924] [main/DEBUG] [mixin/]: Instancing new MixinPlatformAgentMinecraftForge for SecureJarResource(graveyard)
[01May2025 16:07:44.924] [main/DEBUG] [mixin/]: MixinPlatformAgentMinecraftForge rejected container SecureJarResource(graveyard)
[01May2025 16:07:44.924] [main/DEBUG] [mixin/]: Instancing new MixinPlatformAgentDefault for SecureJarResource(graveyard)
[01May2025 16:07:44.924] [main/DEBUG] [mixin/]: MixinPlatformAgentDefault accepted container SecureJarResource(graveyard)
[01May2025 16:07:44.924] [main/DEBUG] [mixin/]: Processing prepare() for PlatformAgent[MixinPlatformAgentDefault:SecureJarResource(graveyard)]
[01May2025 16:07:44.924] [main/DEBUG] [mixin/]: Registering mixin config: graveyard-common.mixins.json
[01May2025 16:07:44.929] [main/DEBUG] [mixin/]: Registering mixin config: graveyard-forge.mixins.json
[01May2025 16:07:44.935] [main/DEBUG] [mixin/]: Adding mixin platform agents for container SecureJarResource(pehkui)
[01May2025 16:07:44.936] [main/DEBUG] [mixin/]: Instancing new MixinPlatformAgentMinecraftForge for SecureJarResource(pehkui)
[01May2025 16:07:44.937] [main/DEBUG] [mixin/]: MixinPlatformAgentMinecraftForge rejected container SecureJarResource(pehkui)
[01May2025 16:07:44.937] [main/DEBUG] [mixin/]: Instancing new MixinPlatformAgentDefault for SecureJarResource(pehkui)
[01May2025 16:07:44.937] [main/DEBUG] [mixin/]: MixinPlatformAgentDefault accepted container SecureJarResource(pehkui)
[01May2025 16:07:44.937] [main/DEBUG] [mixin/]: Processing prepare() for PlatformAgent[MixinPlatformAgentDefault:SecureJarResource(pehkui)]
[01May2025 16:07:44.937] [main/DEBUG] [mixin/]: Registering mixin config: pehkui.mixins.json
[01May2025 16:07:44.944] [main/DEBUG] [mixin/]: Adding mixin platform agents for container SecureJarResource(born_in_chaos_v1)
[01May2025 16:07:44.944] [main/DEBUG] [mixin/]: Instancing new MixinPlatformAgentMinecraftForge for SecureJarResource(born_in_chaos_v1)
[01May2025 16:07:44.944] [main/DEBUG] [mixin/]: MixinPlatformAgentMinecraftForge rejected container SecureJarResource(born_in_chaos_v1)
[01May2025 16:07:44.944] [main/DEBUG] [mixin/]: Instancing new MixinPlatformAgentDefault for SecureJarResource(born_in_chaos_v1)
[01May2025 16:07:44.944] [main/DEBUG] [mixin/]: MixinPlatformAgentDefault accepted container SecureJarResource(born_in_chaos_v1)
[01May2025 16:07:44.944] [main/DEBUG] [mixin/]: Processing prepare() for PlatformAgent[MixinPlatformAgentDefault:SecureJarResource(born_in_chaos_v1)]
[01May2025 16:07:44.944] [main/DEBUG] [mixin/]: Adding mixin platform agents for container SecureJarResource(lionfishapi)
[01May2025 16:07:44.944] [main/DEBUG] [mixin/]: Instancing new MixinPlatformAgentMinecraftForge for SecureJarResource(lionfishapi)
[01May2025 16:07:44.944] [main/DEBUG] [mixin/]: MixinPlatformAgentMinecraftForge rejected container SecureJarResource(lionfishapi)
[01May2025 16:07:44.944] [main/DEBUG] [mixin/]: Instancing new MixinPlatformAgentDefault for SecureJarResource(lionfishapi)
[01May2025 16:07:44.944] [main/DEBUG] [mixin/]: MixinPlatformAgentDefault accepted container SecureJarResource(lionfishapi)
[01May2025 16:07:44.945] [main/DEBUG] [mixin/]: Processing prepare() for PlatformAgent[MixinPlatformAgentDefault:SecureJarResource(lionfishapi)]
[01May2025 16:07:44.945] [main/DEBUG] [mixin/]: Registering mixin config: lionfishapi.mixins.json
[01May2025 16:07:44.948] [main/DEBUG] [mixin/]: Adding mixin platform agents for container SecureJarResource(obscure_api)
[01May2025 16:07:44.948] [main/DEBUG] [mixin/]: Instancing new MixinPlatformAgentMinecraftForge for SecureJarResource(obscure_api)
[01May2025 16:07:44.948] [main/DEBUG] [mixin/]: MixinPlatformAgentMinecraftForge rejected container SecureJarResource(obscure_api)
[01May2025 16:07:44.948] [main/DEBUG] [mixin/]: Instancing new MixinPlatformAgentDefault for SecureJarResource(obscure_api)
[01May2025 16:07:44.949] [main/DEBUG] [mixin/]: MixinPlatformAgentDefault accepted container SecureJarResource(obscure_api)
[01May2025 16:07:44.949] [main/DEBUG] [mixin/]: Processing prepare() for PlatformAgent[MixinPlatformAgentDefault:SecureJarResource(obscure_api)]
[01May2025 16:07:44.949] [main/DEBUG] [mixin/]: Registering mixin config: obscure_api.mixins.json
[01May2025 16:07:44.953] [main/DEBUG] [mixin/]: Adding mixin platform agents for container SecureJarResource(cataclysm)
[01May2025 16:07:44.953] [main/DEBUG] [mixin/]: Instancing new MixinPlatformAgentMinecraftForge for SecureJarResource(cataclysm)
[01May2025 16:07:44.953] [main/DEBUG] [mixin/]: MixinPlatformAgentMinecraftForge rejected container SecureJarResource(cataclysm)
[01May2025 16:07:44.953] [main/DEBUG] [mixin/]: Instancing new MixinPlatformAgentDefault for SecureJarResource(cataclysm)
[01May2025 16:07:44.953] [main/DEBUG] [mixin/]: MixinPlatformAgentDefault accepted container SecureJarResource(cataclysm)
[01May2025 16:07:44.954] [main/DEBUG] [mixin/]: Processing prepare() for PlatformAgent[MixinPlatformAgentDefault:SecureJarResource(cataclysm)]
[01May2025 16:07:44.954] [main/DEBUG] [mixin/]: Registering mixin config: lionfishapi.mixins.json
[01May2025 16:07:44.954] [main/DEBUG] [mixin/]: Registering mixin config: cataclysm.mixins.json
[01May2025 16:07:44.957] [main/DEBUG] [mixin/]: Adding mixin platform agents for container SecureJarResource(curios)
[01May2025 16:07:44.958] [main/DEBUG] [mixin/]: Instancing new MixinPlatformAgentMinecraftForge for SecureJarResource(curios)
[01May2025 16:07:44.958] [main/DEBUG] [mixin/]: MixinPlatformAgentMinecraftForge rejected container SecureJarResource(curios)
[01May2025 16:07:44.958] [main/DEBUG] [mixin/]: Instancing new MixinPlatformAgentDefault for SecureJarResource(curios)
[01May2025 16:07:44.958] [main/DEBUG] [mixin/]: MixinPlatformAgentDefault accepted container SecureJarResource(curios)
[01May2025 16:07:44.958] [main/DEBUG] [mixin/]: Processing prepare() for PlatformAgent[MixinPlatformAgentDefault:SecureJarResource(curios)]
[01May2025 16:07:44.958] [main/DEBUG] [mixin/]: Registering mixin config: curios.mixins.json
[01May2025 16:07:44.962] [main/DEBUG] [mixin/]: Adding mixin platform agents for container SecureJarResource(cerbons_api)
[01May2025 16:07:44.962] [main/DEBUG] [mixin/]: Instancing new MixinPlatformAgentMinecraftForge for SecureJarResource(cerbons_api)
[01May2025 16:07:44.962] [main/DEBUG] [mixin/]: MixinPlatformAgentMinecraftForge rejected container SecureJarResource(cerbons_api)
[01May2025 16:07:44.962] [main/DEBUG] [mixin/]: Instancing new MixinPlatformAgentDefault for SecureJarResource(cerbons_api)
[01May2025 16:07:44.963] [main/DEBUG] [mixin/]: MixinPlatformAgentDefault accepted container SecureJarResource(cerbons_api)
[01May2025 16:07:44.963] [main/DEBUG] [mixin/]: Processing prepare() for PlatformAgent[MixinPlatformAgentDefault:SecureJarResource(cerbons_api)]
[01May2025 16:07:44.963] [main/DEBUG] [mixin/]: Registering mixin config: mixins.cerbons_api.json
[01May2025 16:07:44.964] [main/DEBUG] [mixin/]: Adding mixin platform agents for container SecureJarResource(citadel)
[01May2025 16:07:44.966] [main/DEBUG] [mixin/]: Instancing new MixinPlatformAgentMinecraftForge for SecureJarResource(citadel)
[01May2025 16:07:44.966] [main/DEBUG] [mixin/]: MixinPlatformAgentMinecraftForge rejected container SecureJarResource(citadel)
[01May2025 16:07:44.966] [main/DEBUG] [mixin/]: Instancing new MixinPlatformAgentDefault for SecureJarResource(citadel)
[01May2025 16:07:44.967] [main/DEBUG] [mixin/]: MixinPlatformAgentDefault accepted container SecureJarResource(citadel)
[01May2025 16:07:44.967] [main/DEBUG] [mixin/]: Processing prepare() for PlatformAgent[MixinPlatformAgentDefault:SecureJarResource(citadel)]
[01May2025 16:07:44.967] [main/DEBUG] [mixin/]: Registering mixin config: citadel.mixins.json
[01May2025 16:07:44.971] [main/DEBUG] [mixin/]: Adding mixin platform agents for container SecureJarResource(legendary_monsters)
[01May2025 16:07:44.971] [main/DEBUG] [mixin/]: Instancing new MixinPlatformAgentMinecraftForge for SecureJarResource(legendary_monsters)
[01May2025 16:07:44.971] [main/DEBUG] [mixin/]: MixinPlatformAgentMinecraftForge rejected container SecureJarResource(legendary_monsters)
[01May2025 16:07:44.971] [main/DEBUG] [mixin/]: Instancing new MixinPlatformAgentDefault for SecureJarResource(legendary_monsters)
[01May2025 16:07:44.971] [main/DEBUG] [mixin/]: MixinPlatformAgentDefault accepted container SecureJarResource(legendary_monsters)
[01May2025 16:07:44.971] [main/DEBUG] [mixin/]: Processing prepare() for PlatformAgent[MixinPlatformAgentDefault:SecureJarResource(legendary_monsters)]
[01May2025 16:07:44.972] [main/DEBUG] [mixin/]: Adding mixin platform agents for container SecureJarResource(mr_dungeons_andtaverns)
[01May2025 16:07:44.972] [main/DEBUG] [mixin/]: Instancing new MixinPlatformAgentMinecraftForge for SecureJarResource(mr_dungeons_andtaverns)
[01May2025 16:07:44.972] [main/DEBUG] [mixin/]: MixinPlatformAgentMinecraftForge rejected container SecureJarResource(mr_dungeons_andtaverns)
[01May2025 16:07:44.972] [main/DEBUG] [mixin/]: Instancing new MixinPlatformAgentDefault for SecureJarResource(mr_dungeons_andtaverns)
[01May2025 16:07:44.972] [main/DEBUG] [mixin/]: MixinPlatformAgentDefault accepted container SecureJarResource(mr_dungeons_andtaverns)
[01May2025 16:07:44.972] [main/DEBUG] [mixin/]: Processing prepare() for PlatformAgent[MixinPlatformAgentDefault:SecureJarResource(mr_dungeons_andtaverns)]
[01May2025 16:07:44.972] [main/DEBUG] [mixin/]: Adding mixin platform agents for container SecureJarResource(mixinextras)
[01May2025 16:07:44.972] [main/DEBUG] [mixin/]: Instancing new MixinPlatformAgentMinecraftForge for SecureJarResource(mixinextras)
[01May2025 16:07:44.972] [main/DEBUG] [mixin/]: MixinPlatformAgentMinecraftForge rejected container SecureJarResource(mixinextras)
[01May2025 16:07:44.972] [main/DEBUG] [mixin/]: Instancing new MixinPlatformAgentDefault for SecureJarResource(mixinextras)
[01May2025 16:07:44.972] [main/DEBUG] [mixin/]: MixinPlatformAgentDefault accepted container SecureJarResource(mixinextras)
[01May2025 16:07:44.972] [main/DEBUG] [mixin/]: Processing prepare() for PlatformAgent[MixinPlatformAgentDefault:SecureJarResource(mixinextras)]
[01May2025 16:07:44.973] [main/DEBUG] [mixin/]: Registering mixin config: mixinextras.init.mixins.json
[01May2025 16:07:44.976] [main/DEBUG] [mixin/]: Adding mixin platform agents for container SecureJarResource(call_of_yucutan)
[01May2025 16:07:44.977] [main/DEBUG] [mixin/]: Instancing new MixinPlatformAgentMinecraftForge for SecureJarResource(call_of_yucutan)
[01May2025 16:07:44.977] [main/DEBUG] [mixin/]: MixinPlatformAgentMinecraftForge rejected container SecureJarResource(call_of_yucutan)
[01May2025 16:07:44.977] [main/DEBUG] [mixin/]: Instancing new MixinPlatformAgentDefault for SecureJarResource(call_of_yucutan)
[01May2025 16:07:44.977] [main/DEBUG] [mixin/]: MixinPlatformAgentDefault accepted container SecureJarResource(call_of_yucutan)
[01May2025 16:07:44.977] [main/DEBUG] [mixin/]: Processing prepare() for PlatformAgent[MixinPlatformAgentDefault:SecureJarResource(call_of_yucutan)]
[01May2025 16:07:44.977] [main/DEBUG] [mixin/]: Registering mixin config: mixins.call_of_yucutan.json
[01May2025 16:07:44.980] [main/DEBUG] [mixin/]: Adding mixin platform agents for container SecureJarResource(guardvillagers)
[01May2025 16:07:44.980] [main/DEBUG] [mixin/]: Instancing new MixinPlatformAgentMinecraftForge for SecureJarResource(guardvillagers)
[01May2025 16:07:44.980] [main/DEBUG] [mixin/]: MixinPlatformAgentMinecraftForge rejected container SecureJarResource(guardvillagers)
[01May2025 16:07:44.981] [main/DEBUG] [mixin/]: Instancing new MixinPlatformAgentDefault for SecureJarResource(guardvillagers)
[01May2025 16:07:44.983] [main/DEBUG] [mixin/]: MixinPlatformAgentDefault accepted container SecureJarResource(guardvillagers)
[01May2025 16:07:44.983] [main/DEBUG] [mixin/]: Processing prepare() for PlatformAgent[MixinPlatformAgentDefault:SecureJarResource(guardvillagers)]
[01May2025 16:07:44.983] [main/DEBUG] [mixin/]: Registering mixin config: guardvillagers.mixins.json
[01May2025 16:07:44.985] [main/DEBUG] [mixin/]: Adding mixin platform agents for container SecureJarResource(takesapillage)
[01May2025 16:07:44.985] [main/DEBUG] [mixin/]: Instancing new MixinPlatformAgentMinecraftForge for SecureJarResource(takesapillage)
[01May2025 16:07:44.985] [main/DEBUG] [mixin/]: MixinPlatformAgentMinecraftForge rejected container SecureJarResource(takesapillage)
[01May2025 16:07:44.985] [main/DEBUG] [mixin/]: Instancing new MixinPlatformAgentDefault for SecureJarResource(takesapillage)
[01May2025 16:07:44.985] [main/DEBUG] [mixin/]: MixinPlatformAgentDefault accepted container SecureJarResource(takesapillage)
[01May2025 16:07:44.985] [main/DEBUG] [mixin/]: Processing prepare() for PlatformAgent[MixinPlatformAgentDefault:SecureJarResource(takesapillage)]
[01May2025 16:07:44.985] [main/DEBUG] [mixin/]: Registering mixin config: takesapillage.mixins.json
[01May2025 16:07:44.989] [main/DEBUG] [mixin/]: Adding mixin platform agents for container SecureJarResource(animatedmobsmod)
[01May2025 16:07:44.989] [main/DEBUG] [mixin/]: Instancing new MixinPlatformAgentMinecraftForge for SecureJarResource(animatedmobsmod)
[01May2025 16:07:44.989] [main/DEBUG] [mixin/]: MixinPlatformAgentMinecraftForge rejected container SecureJarResource(animatedmobsmod)
[01May2025 16:07:44.989] [main/DEBUG] [mixin/]: Instancing new MixinPlatformAgentDefault for SecureJarResource(animatedmobsmod)
[01May2025 16:07:44.989] [main/DEBUG] [mixin/]: MixinPlatformAgentDefault accepted container SecureJarResource(animatedmobsmod)
[01May2025 16:07:44.989] [main/DEBUG] [mixin/]: Processing prepare() for PlatformAgent[MixinPlatformAgentDefault:SecureJarResource(animatedmobsmod)]
[01May2025 16:07:44.989] [main/DEBUG] [mixin/]: Adding mixin platform agents for container SecureJarResource(bosses_of_mass_destruction)
[01May2025 16:07:44.989] [main/DEBUG] [mixin/]: Instancing new MixinPlatformAgentMinecraftForge for SecureJarResource(bosses_of_mass_destruction)
[01May2025 16:07:44.990] [main/DEBUG] [mixin/]: MixinPlatformAgentMinecraftForge rejected container SecureJarResource(bosses_of_mass_destruction)
[01May2025 16:07:44.990] [main/DEBUG] [mixin/]: Instancing new MixinPlatformAgentDefault for SecureJarResource(bosses_of_mass_destruction)
[01May2025 16:07:44.990] [main/DEBUG] [mixin/]: MixinPlatformAgentDefault accepted container SecureJarResource(bosses_of_mass_destruction)
[01May2025 16:07:44.990] [main/DEBUG] [mixin/]: Processing prepare() for PlatformAgent[MixinPlatformAgentDefault:SecureJarResource(bosses_of_mass_destruction)]
[01May2025 16:07:44.990] [main/DEBUG] [mixin/]: Registering mixin config: mixins.bosses_of_mass_destruction.json
[01May2025 16:07:44.993] [main/DEBUG] [mixin/]: Adding mixin platform agents for container SecureJarResource(the_bumblezone)
[01May2025 16:07:44.995] [main/DEBUG] [mixin/]: Instancing new MixinPlatformAgentMinecraftForge for SecureJarResource(the_bumblezone)
[01May2025 16:07:44.995] [main/DEBUG] [mixin/]: MixinPlatformAgentMinecraftForge rejected container SecureJarResource(the_bumblezone)
[01May2025 16:07:44.995] [main/DEBUG] [mixin/]: Instancing new MixinPlatformAgentDefault for SecureJarResource(the_bumblezone)
[01May2025 16:07:44.995] [main/DEBUG] [mixin/]: MixinPlatformAgentDefault accepted container SecureJarResource(the_bumblezone)
[01May2025 16:07:44.996] [main/DEBUG] [mixin/]: Processing prepare() for PlatformAgent[MixinPlatformAgentDefault:SecureJarResource(the_bumblezone)]
[01May2025 16:07:44.996] [main/DEBUG] [mixin/]: Registering mixin config: the_bumblezone-common.mixins.json
[01May2025 16:07:44.997] [main/DEBUG] [mixin/]: Registering mixin config: the_bumblezone-forge.mixins.json
[01May2025 16:07:45.000] [main/DEBUG] [mixin/]: Adding mixin platform agents for container SecureJarResource(faded_conquest_2)
[01May2025 16:07:45.000] [main/DEBUG] [mixin/]: Instancing new MixinPlatformAgentMinecraftForge for SecureJarResource(faded_conquest_2)
[01May2025 16:07:45.000] [main/DEBUG] [mixin/]: MixinPlatformAgentMinecraftForge rejected container SecureJarResource(faded_conquest_2)
[01May2025 16:07:45.001] [main/DEBUG] [mixin/]: Instancing new MixinPlatformAgentDefault for SecureJarResource(faded_conquest_2)
[01May2025 16:07:45.001] [main/DEBUG] [mixin/]: MixinPlatformAgentDefault accepted container SecureJarResource(faded_conquest_2)
[01May2025 16:07:45.001] [main/DEBUG] [mixin/]: Processing prepare() for PlatformAgent[MixinPlatformAgentDefault:SecureJarResource(faded_conquest_2)]
[01May2025 16:07:45.001] [main/DEBUG] [mixin/]: Adding mixin platform agents for container SecureJarResource(illageandspillage)
[01May2025 16:07:45.001] [main/DEBUG] [mixin/]: Instancing new MixinPlatformAgentMinecraftForge for SecureJarResource(illageandspillage)
[01May2025 16:07:45.001] [main/DEBUG] [mixin/]: MixinPlatformAgentMinecraftForge rejected container SecureJarResource(illageandspillage)
[01May2025 16:07:45.001] [main/DEBUG] [mixin/]: Instancing new MixinPlatformAgentDefault for SecureJarResource(illageandspillage)
[01May2025 16:07:45.001] [main/DEBUG] [mixin/]: MixinPlatformAgentDefault accepted container SecureJarResource(illageandspillage)
[01May2025 16:07:45.001] [main/DEBUG] [mixin/]: Processing prepare() for PlatformAgent[MixinPlatformAgentDefault:SecureJarResource(illageandspillage)]
[01May2025 16:07:45.001] [main/DEBUG] [mixin/]: Adding mixin platform agents for container SecureJarResource(cloth_config)
[01May2025 16:07:45.001] [main/DEBUG] [mixin/]: Instancing new MixinPlatformAgentMinecraftForge for SecureJarResource(cloth_config)
[01May2025 16:07:45.003] [main/DEBUG] [mixin/]: MixinPlatformAgentMinecraftForge rejected container SecureJarResource(cloth_config)
[01May2025 16:07:45.003] [main/DEBUG] [mixin/]: Instancing new MixinPlatformAgentDefault for SecureJarResource(cloth_config)
[01May2025 16:07:45.003] [main/DEBUG] [mixin/]: MixinPlatformAgentDefault accepted container SecureJarResource(cloth_config)
[01May2025 16:07:45.004] [main/DEBUG] [mixin/]: Processing prepare() for PlatformAgent[MixinPlatformAgentDefault:SecureJarResource(cloth_config)]
[01May2025 16:07:45.004] [main/DEBUG] [mixin/]: Adding mixin platform agents for container SecureJarResource(forge)
[01May2025 16:07:45.004] [main/DEBUG] [mixin/]: Instancing new MixinPlatformAgentMinecraftForge for SecureJarResource(forge)
[01May2025 16:07:45.004] [main/DEBUG] [mixin/]: MixinPlatformAgentMinecraftForge rejected container SecureJarResource(forge)
[01May2025 16:07:45.004] [main/DEBUG] [mixin/]: Instancing new MixinPlatformAgentDefault for SecureJarResource(forge)
[01May2025 16:07:45.005] [main/DEBUG] [mixin/]: MixinPlatformAgentDefault accepted container SecureJarResource(forge)
[01May2025 16:07:45.005] [main/DEBUG] [mixin/]: Processing prepare() for PlatformAgent[MixinPlatformAgentDefault:SecureJarResource(forge)]
[01May2025 16:07:45.005] [main/DEBUG] [mixin/]: Adding mixin platform agents for container SecureJarResource(tlskincape)
[01May2025 16:07:45.005] [main/DEBUG] [mixin/]: Instancing new MixinPlatformAgentMinecraftForge for SecureJarResource(tlskincape)
[01May2025 16:07:45.005] [main/DEBUG] [mixin/]: MixinPlatformAgentMinecraftForge rejected container SecureJarResource(tlskincape)
[01May2025 16:07:45.006] [main/DEBUG] [mixin/]: Instancing new MixinPlatformAgentDefault for SecureJarResource(tlskincape)
[01May2025 16:07:45.007] [main/DEBUG] [mixin/]: MixinPlatformAgentDefault accepted container SecureJarResource(tlskincape)
[01May2025 16:07:45.007] [main/DEBUG] [mixin/]: Processing prepare() for PlatformAgent[MixinPlatformAgentDefault:SecureJarResource(tlskincape)]
[01May2025 16:07:45.008] [main/DEBUG] [mixin/]: Adding mixin platform agents for container SecureJarResource(athena)
[01May2025 16:07:45.008] [main/DEBUG] [mixin/]: Instancing new MixinPlatformAgentMinecraftForge for SecureJarResource(athena)
[01May2025 16:07:45.008] [main/DEBUG] [mixin/]: MixinPlatformAgentMinecraftForge rejected container SecureJarResource(athena)
[01May2025 16:07:45.008] [main/DEBUG] [mixin/]: Instancing new MixinPlatformAgentDefault for SecureJarResource(athena)
[01May2025 16:07:45.008] [main/DEBUG] [mixin/]: MixinPlatformAgentDefault accepted container SecureJarResource(athena)
[01May2025 16:07:45.008] [main/DEBUG] [mixin/]: Processing prepare() for PlatformAgent[MixinPlatformAgentDefault:SecureJarResource(athena)]
[01May2025 16:07:45.008] [main/DEBUG] [mixin/]: Registering mixin config: athena.mixins.json
[01May2025 16:07:45.012] [main/DEBUG] [mixin/]: Registering mixin config: athena-forge.mixins.json
[01May2025 16:07:45.014] [main/DEBUG] [mixin/]: Adding mixin platform agents for container SecureJarResource(aquamirae)
[01May2025 16:07:45.015] [main/DEBUG] [mixin/]: Instancing new MixinPlatformAgentMinecraftForge for SecureJarResource(aquamirae)
[01May2025 16:07:45.016] [main/DEBUG] [mixin/]: MixinPlatformAgentMinecraftForge rejected container SecureJarResource(aquamirae)
[01May2025 16:07:45.016] [main/DEBUG] [mixin/]: Instancing new MixinPlatformAgentDefault for SecureJarResource(aquamirae)
[01May2025 16:07:45.017] [main/DEBUG] [mixin/]: MixinPlatformAgentDefault accepted container SecureJarResource(aquamirae)
[01May2025 16:07:45.017] [main/DEBUG] [mixin/]: Processing prepare() for PlatformAgent[MixinPlatformAgentDefault:SecureJarResource(aquamirae)]
[01May2025 16:07:45.018] [main/DEBUG] [mixin/]: Registering mixin config: aquamirae.mixins.json
[01May2025 16:07:45.019] [main/DEBUG] [mixin/]: Compatibility level JAVA_8 specified by aquamirae.mixins.json is lower than the default level supported by the current mixin service (JAVA_16).
[01May2025 16:07:45.021] [main/DEBUG] [mixin/]: Adding mixin platform agents for container SecureJarResource(hs_bosses)
[01May2025 16:07:45.022] [main/DEBUG] [mixin/]: Instancing new MixinPlatformAgentMinecraftForge for SecureJarResource(hs_bosses)
[01May2025 16:07:45.022] [main/DEBUG] [mixin/]: MixinPlatformAgentMinecraftForge rejected container SecureJarResource(hs_bosses)
[01May2025 16:07:45.022] [main/DEBUG] [mixin/]: Instancing new MixinPlatformAgentDefault for SecureJarResource(hs_bosses)
[01May2025 16:07:45.022] [main/DEBUG] [mixin/]: MixinPlatformAgentDefault accepted container SecureJarResource(hs_bosses)
[01May2025 16:07:45.022] [main/DEBUG] [mixin/]: Processing prepare() for PlatformAgent[MixinPlatformAgentDefault:SecureJarResource(hs_bosses)]
[01May2025 16:07:45.022] [main/DEBUG] [mixin/]: Adding mixin platform agents for container SecureJarResource(dungeons_arise)
[01May2025 16:07:45.022] [main/DEBUG] [mixin/]: Instancing new MixinPlatformAgentMinecraftForge for SecureJarResource(dungeons_arise)
[01May2025 16:07:45.022] [main/DEBUG] [mixin/]: MixinPlatformAgentMinecraftForge rejected container SecureJarResource(dungeons_arise)
[01May2025 16:07:45.023] [main/DEBUG] [mixin/]: Instancing new MixinPlatformAgentDefault for SecureJarResource(dungeons_arise)
[01May2025 16:07:45.023] [main/DEBUG] [mixin/]: MixinPlatformAgentDefault accepted container SecureJarResource(dungeons_arise)
[01May2025 16:07:45.023] [main/DEBUG] [mixin/]: Processing prepare() for PlatformAgent[MixinPlatformAgentDefault:SecureJarResource(dungeons_arise)]
[01May2025 16:07:45.023] [main/DEBUG] [mixin/]: Adding mixin platform agents for container SecureJarResource(mclib)
[01May2025 16:07:45.023] [main/DEBUG] [mixin/]: Instancing new MixinPlatformAgentMinecraftForge for SecureJarResource(mclib)
[01May2025 16:07:45.024] [main/DEBUG] [mixin/]: MixinPlatformAgentMinecraftForge rejected container SecureJarResource(mclib)
[01May2025 16:07:45.025] [main/DEBUG] [mixin/]: Instancing new MixinPlatformAgentDefault for SecureJarResource(mclib)
[01May2025 16:07:45.025] [main/DEBUG] [mixin/]: MixinPlatformAgentDefault accepted container SecureJarResource(mclib)
[01May2025 16:07:45.025] [main/DEBUG] [mixin/]: Processing prepare() for PlatformAgent[MixinPlatformAgentDefault:SecureJarResource(mclib)]
[01May2025 16:07:45.025] [main/DEBUG] [mixin/]: Adding mixin platform agents for container SecureJarResource(MixinExtras)
[01May2025 16:07:45.026] [main/DEBUG] [mixin/]: Instancing new MixinPlatformAgentMinecraftForge for SecureJarResource(MixinExtras)
[01May2025 16:07:45.026] [main/DEBUG] [mixin/]: MixinPlatformAgentMinecraftForge rejected container SecureJarResource(MixinExtras)
[01May2025 16:07:45.026] [main/DEBUG] [mixin/]: Instancing new MixinPlatformAgentDefault for SecureJarResource(MixinExtras)
[01May2025 16:07:45.027] [main/DEBUG] [mixin/]: MixinPlatformAgentDefault accepted container SecureJarResource(MixinExtras)
[01May2025 16:07:45.027] [main/DEBUG] [mixin/]: Processing prepare() for PlatformAgent[MixinPlatformAgentDefault:SecureJarResource(MixinExtras)]
[01May2025 16:07:45.028] [main/DEBUG] [mixin/]: inject() running with 36 agents
[01May2025 16:07:45.029] [main/DEBUG] [mixin/]: Processing inject() for PlatformAgent[MixinPlatformAgentDefault:ModLauncher Root Container(ModLauncher:4f56a0a2)]
[01May2025 16:07:45.029] [main/DEBUG] [mixin/]: Processing inject() for PlatformAgent[MixinPlatformAgentDefault:SecureJarResource(minecraft)]
[01May2025 16:07:45.029] [main/DEBUG] [mixin/]: Processing inject() for PlatformAgent[MixinPlatformAgentDefault:SecureJarResource(sons_of_sins)]
[01May2025 16:07:45.029] [main/DEBUG] [mixin/]: Processing inject() for PlatformAgent[MixinPlatformAgentDefault:SecureJarResource(mowziesmobs)]
[01May2025 16:07:45.030] [main/DEBUG] [mixin/]: Processing inject() for PlatformAgent[MixinPlatformAgentDefault:SecureJarResource(geckolib)]
[01May2025 16:07:45.030] [main/DEBUG] [mixin/]: Processing inject() for PlatformAgent[MixinPlatformAgentDefault:SecureJarResource(eeeabsmobs)]
[01May2025 16:07:45.031] [main/DEBUG] [mixin/]: Processing inject() for PlatformAgent[MixinPlatformAgentDefault:SecureJarResource(call_of_drowner)]
[01May2025 16:07:45.031] [main/DEBUG] [mixin/]: Processing inject() for PlatformAgent[MixinPlatformAgentDefault:SecureJarResource(graveyard)]
[01May2025 16:07:45.031] [main/DEBUG] [mixin/]: Processing inject() for PlatformAgent[MixinPlatformAgentDefault:SecureJarResource(pehkui)]
[01May2025 16:07:45.032] [main/DEBUG] [mixin/]: Processing inject() for PlatformAgent[MixinPlatformAgentDefault:SecureJarResource(born_in_chaos_v1)]
[01May2025 16:07:45.033] [main/DEBUG] [mixin/]: Processing inject() for PlatformAgent[MixinPlatformAgentDefault:SecureJarResource(lionfishapi)]
[01May2025 16:07:45.033] [main/DEBUG] [mixin/]: Processing inject() for PlatformAgent[MixinPlatformAgentDefault:SecureJarResource(obscure_api)]
[01May2025 16:07:45.033] [main/DEBUG] [mixin/]: Processing inject() for PlatformAgent[MixinPlatformAgentDefault:SecureJarResource(cataclysm)]
[01May2025 16:07:45.034] [main/DEBUG] [mixin/]: Processing inject() for PlatformAgent[MixinPlatformAgentDefault:SecureJarResource(curios)]
[01May2025 16:07:45.034] [main/DEBUG] [mixin/]: Processing inject() for PlatformAgent[MixinPlatformAgentDefault:SecureJarResource(cerbons_api)]
[01May2025 16:07:45.034] [main/DEBUG] [mixin/]: Processing inject() for PlatformAgent[MixinPlatformAgentDefault:SecureJarResource(citadel)]
[01May2025 16:07:45.034] [main/DEBUG] [mixin/]: Processing inject() for PlatformAgent[MixinPlatformAgentDefault:SecureJarResource(legendary_monsters)]
[01May2025 16:07:45.034] [main/DEBUG] [mixin/]: Processing inject() for PlatformAgent[MixinPlatformAgentDefault:SecureJarResource(mr_dungeons_andtaverns)]
[01May2025 16:07:45.034] [main/DEBUG] [mixin/]: Processing inject() for PlatformAgent[MixinPlatformAgentDefault:SecureJarResource(mixinextras)]
[01May2025 16:07:45.034] [main/DEBUG] [mixin/]: Processing inject() for PlatformAgent[MixinPlatformAgentDefault:SecureJarResource(call_of_yucutan)]
[01May2025 16:07:45.034] [main/DEBUG] [mixin/]: Processing inject() for PlatformAgent[MixinPlatformAgentDefault:SecureJarResource(guardvillagers)]
[01May2025 16:07:45.035] [main/DEBUG] [mixin/]: Processing inject() for PlatformAgent[MixinPlatformAgentDefault:SecureJarResource(takesapillage)]
[01May2025 16:07:45.035] [main/DEBUG] [mixin/]: Processing inject() for PlatformAgent[MixinPlatformAgentDefault:SecureJarResource(animatedmobsmod)]
[01May2025 16:07:45.036] [main/DEBUG] [mixin/]: Processing inject() for PlatformAgent[MixinPlatformAgentDefault:SecureJarResource(bosses_of_mass_destruction)]
[01May2025 16:07:45.036] [main/DEBUG] [mixin/]: Processing inject() for PlatformAgent[MixinPlatformAgentDefault:SecureJarResource(the_bumblezone)]
[01May2025 16:07:45.036] [main/DEBUG] [mixin/]: Processing inject() for PlatformAgent[MixinPlatformAgentDefault:SecureJarResource(faded_conquest_2)]
[01May2025 16:07:45.037] [main/DEBUG] [mixin/]: Processing inject() for PlatformAgent[MixinPlatformAgentDefault:SecureJarResource(illageandspillage)]
[01May2025 16:07:45.037] [main/DEBUG] [mixin/]: Processing inject() for PlatformAgent[MixinPlatformAgentDefault:SecureJarResource(cloth_config)]
[01May2025 16:07:45.038] [main/DEBUG] [mixin/]: Processing inject() for PlatformAgent[MixinPlatformAgentDefault:SecureJarResource(forge)]
[01May2025 16:07:45.038] [main/DEBUG] [mixin/]: Processing inject() for PlatformAgent[MixinPlatformAgentDefault:SecureJarResource(tlskincape)]
[01May2025 16:07:45.039] [main/DEBUG] [mixin/]: Processing inject() for PlatformAgent[MixinPlatformAgentDefault:SecureJarResource(athena)]
[01May2025 16:07:45.039] [main/DEBUG] [mixin/]: Processing inject() for PlatformAgent[MixinPlatformAgentDefault:SecureJarResource(aquamirae)]
[01May2025 16:07:45.039] [main/DEBUG] [mixin/]: Processing inject() for PlatformAgent[MixinPlatformAgentDefault:SecureJarResource(hs_bosses)]
[01May2025 16:07:45.039] [main/DEBUG] [mixin/]: Processing inject() for PlatformAgent[MixinPlatformAgentDefault:SecureJarResource(dungeons_arise)]
[01May2025 16:07:45.040] [main/DEBUG] [mixin/]: Processing inject() for PlatformAgent[MixinPlatformAgentDefault:SecureJarResource(mclib)]
[01May2025 16:07:45.040] [main/DEBUG] [mixin/]: Processing inject() for PlatformAgent[MixinPlatformAgentDefault:SecureJarResource(MixinExtras)]
[01May2025 16:07:45.134] [main/DEBUG] [mixin/]: Error cleaning class output directory: .mixin.out
[01May2025 16:07:45.139] [main/DEBUG] [mixin/]: Preparing mixins for MixinEnvironment[PREINIT]
[01May2025 16:07:45.156] [main/INFO] [mixin/]: Successfully loaded Mixin Connector [org.tlauncher.MixinConnector]
[01May2025 16:07:45.163] [main/DEBUG] [mixin/]: Compatibility level JAVA_16 specified by tlskincape-mixins.json is higher than the maximum level supported by this version of mixin (JAVA_13).
[01May2025 16:07:45.163] [main/INFO] [cpw.mods.modlauncher.LaunchServiceHandler/MODLAUNCHER]: Launching target 'forgeserver' with arguments [nogui]
[01May2025 16:07:45.184] [main/DEBUG] [mixin/]: Preparing mixins for MixinEnvironment[DEFAULT]
[01May2025 16:07:45.184] [main/DEBUG] [mixin/]: Selecting config mowziesmobs.mixins.json
[01May2025 16:07:45.192] [main/DEBUG] [mixin/]: Selecting config geckolib.mixins.json
[01May2025 16:07:45.193] [main/DEBUG] [mixin/]: Selecting config eeeabsmobs.mixins.json
[01May2025 16:07:45.196] [main/DEBUG] [mixin/]: Selecting config graveyard-common.mixins.json
[01May2025 16:07:45.226] [main/DEBUG] [mixin/]: Selecting config graveyard-forge.mixins.json
[01May2025 16:07:45.229] [main/WARN] [mixin/]: Reference map 'graveyard-FORGE-forge-refmap.json' for graveyard-forge.mixins.json could not be read. If this is a development environment you can ignore this message
[01May2025 16:07:45.231] [main/DEBUG] [mixin/]: Selecting config pehkui.mixins.json
[01May2025 16:07:45.254] [main/DEBUG] [mixin/]: Selecting config lionfishapi.mixins.json
[01May2025 16:07:45.256] [main/DEBUG] [mixin/]: Selecting config obscure_api.mixins.json
[01May2025 16:07:45.259] [main/DEBUG] [mixin/]: Selecting config cataclysm.mixins.json
[01May2025 16:07:45.263] [main/DEBUG] [mixin/]: Selecting config curios.mixins.json
[01May2025 16:07:45.265] [main/DEBUG] [mixin/]: Selecting config mixins.cerbons_api.json
[01May2025 16:07:45.267] [main/DEBUG] [mixin/]: Selecting config citadel.mixins.json
[01May2025 16:07:45.270] [main/DEBUG] [mixin/]: Selecting config mixinextras.init.mixins.json
[01May2025 16:07:45.318] [main/DEBUG] [MixinExtras|Service/]: com.llamalad7.mixinextras.service.MixinExtrasServiceImpl(version=0.4.1) is taking over from null
[01May2025 16:07:45.369] [main/DEBUG] [mixin/]: Registering new injector for @Inject with org.spongepowered.asm.mixin.injection.struct.CallbackInjectionInfo
[01May2025 16:07:45.372] [main/DEBUG] [mixin/]: Registering new injector for @ModifyArg with org.spongepowered.asm.mixin.injection.struct.ModifyArgInjectionInfo
[01May2025 16:07:45.374] [main/DEBUG] [mixin/]: Registering new injector for @ModifyArgs with org.spongepowered.asm.mixin.injection.struct.ModifyArgsInjectionInfo
[01May2025 16:07:45.379] [main/DEBUG] [mixin/]: Registering new injector for @Redirect with org.spongepowered.asm.mixin.injection.struct.RedirectInjectionInfo
[01May2025 16:07:45.380] [main/DEBUG] [mixin/]: Registering new injector for @ModifyVariable with org.spongepowered.asm.mixin.injection.struct.ModifyVariableInjectionInfo
[01May2025 16:07:45.383] [main/DEBUG] [mixin/]: Registering new injector for @ModifyConstant with org.spongepowered.asm.mixin.injection.struct.ModifyConstantInjectionInfo
[01May2025 16:07:45.410] [main/DEBUG] [mixin/]: Selecting config mixins.call_of_yucutan.json
[01May2025 16:07:45.414] [main/WARN] [mixin/]: Reference map 'mixins.call_of_yucutan.refmap.json' for mixins.call_of_yucutan.json could not be read. If this is a development environment you can ignore this message
[01May2025 16:07:45.417] [main/DEBUG] [mixin/]: Selecting config guardvillagers.mixins.json
[01May2025 16:07:45.418] [main/DEBUG] [mixin/]: Selecting config takesapillage.mixins.json
[01May2025 16:07:45.426] [main/DEBUG] [mixin/]: Selecting config mixins.bosses_of_mass_destruction.json
[01May2025 16:07:45.428] [main/DEBUG] [mixin/]: Selecting config the_bumblezone-common.mixins.json
[01May2025 16:07:45.439] [main/DEBUG] [mixin/]: Selecting config the_bumblezone-forge.mixins.json
[01May2025 16:07:45.448] [main/DEBUG] [mixin/]: Selecting config athena.mixins.json
[01May2025 16:07:45.453] [main/DEBUG] [mixin/]: Selecting config athena-forge.mixins.json
[01May2025 16:07:45.456] [main/DEBUG] [mixin/]: Selecting config aquamirae.mixins.json
[01May2025 16:07:45.460] [main/WARN] [mixin/]: Reference map 'Aquamirae.refmap.json' for aquamirae.mixins.json could not be read. If this is a development environment you can ignore this message
[01May2025 16:07:45.460] [main/DEBUG] [mixin/]: Selecting config tlskincape-mixins.json
[01May2025 16:07:45.461] [main/DEBUG] [mixin/]: Preparing mowziesmobs.mixins.json (1)
[01May2025 16:07:45.504] [main/DEBUG] [mixin/]: Preparing geckolib.mixins.json (1)
[01May2025 16:07:45.507] [main/DEBUG] [mixin/]: Preparing eeeabsmobs.mixins.json (1)
[01May2025 16:07:45.548] [main/DEBUG] [mixin/]: Preparing graveyard-common.mixins.json (11)
[01May2025 16:07:45.620] [main/DEBUG] [net.minecraftforge.coremod.transformer.CoreModBaseTransformer/COREMOD]: Transforming net/minecraft/world/entity/npc/Villager
[01May2025 16:07:46.199] [main/DEBUG] [mixin/]: Preparing graveyard-forge.mixins.json (0)
[01May2025 16:07:46.199] [main/DEBUG] [mixin/]: Preparing pehkui.mixins.json (280)
[01May2025 16:07:46.206] [main/DEBUG] [net.minecraftforge.versions.mcp.MCPVersion/CORE]: MCP Version package package net.minecraftforge.versions.mcp, Minecraft, version 1.20.1 from cpw.mods.modlauncher.TransformingClassLoader@34332b8d
[01May2025 16:07:46.206] [main/DEBUG] [net.minecraftforge.versions.mcp.MCPVersion/CORE]: Found MC version information 1.20.1
[01May2025 16:07:46.206] [main/DEBUG] [net.minecraftforge.versions.mcp.MCPVersion/CORE]: Found MCP version information 20230612.114412
[01May2025 16:07:46.623] [main/DEBUG] [net.minecraftforge.coremod.transformer.CoreModBaseTransformer/COREMOD]: Transforming net/minecraft/world/entity/monster/Evoker$EvokerSummonSpellGoal
[01May2025 16:07:46.702] [main/DEBUG] [net.minecraftforge.coremod.transformer.CoreModBaseTransformer/COREMOD]: Transforming net/minecraft/world/entity/monster/Zombie
[01May2025 16:07:47.139] [main/DEBUG] [mixin/]: Preparing lionfishapi.mixins.json (2)
[01May2025 16:07:47.140] [main/DEBUG] [mixin/]: Preparing obscure_api.mixins.json (6)
[01May2025 16:07:47.144] [main/DEBUG] [mixin/]: Preparing cataclysm.mixins.json (21)
[01May2025 16:07:47.176] [main/DEBUG] [net.minecraftforge.coremod.transformer.CoreModBaseTransformer/COREMOD]: Transforming net/minecraft/world/level/levelgen/structure/templatesystem/StructureTemplate
[01May2025 16:07:47.527] [main/DEBUG] [mixin/]: Preparing curios.mixins.json (13)
[01May2025 16:07:47.563] [main/DEBUG] [mixin/]: Preparing mixins.cerbons_api.json (8)
[01May2025 16:07:47.579] [main/DEBUG] [mixin/]: Preparing citadel.mixins.json (15)
[01May2025 16:07:47.634] [main/DEBUG] [mixin/]: Preparing mixinextras.init.mixins.json (0)
[01May2025 16:07:47.636] [main/DEBUG] [mixin/]: Preparing mixins.call_of_yucutan.json (0)
[01May2025 16:07:47.636] [main/DEBUG] [mixin/]: Preparing guardvillagers.mixins.json (3)
[01May2025 16:07:47.642] [main/DEBUG] [mixin/]: Preparing takesapillage.mixins.json (3)
[01May2025 16:07:47.648] [main/DEBUG] [mixin/]: Preparing mixins.bosses_of_mass_destruction.json (6)
[01May2025 16:07:47.658] [main/DEBUG] [net.minecraftforge.coremod.transformer.CoreModBaseTransformer/COREMOD]: Transforming net/minecraft/world/level/NaturalSpawner
[01May2025 16:07:47.843] [main/DEBUG] [mixin/]: Preparing the_bumblezone-common.mixins.json (99)
[01May2025 16:07:47.907] [main/ERROR] [net.minecraftforge.fml.loading.RuntimeDistCleaner/DISTXFORM]: Attempted to load class net/minecraft/client/particle/ParticleEngine for invalid dist DEDICATED_SERVER
[01May2025 16:07:47.909] [main/WARN] [mixin/]: Error loading class: net/minecraft/client/particle/ParticleEngine (java.lang.RuntimeException: Attempted to load class net/minecraft/client/particle/ParticleEngine for invalid dist DEDICATED_SERVER)
[01May2025 16:07:47.910] [main/WARN] [mixin/]: @Mixin target net.minecraft.client.particle.ParticleEngine was not found the_bumblezone-common.mixins.json:client.ParticleEngineAccessor
[01May2025 16:07:47.968] [main/DEBUG] [net.minecraftforge.coremod.transformer.CoreModBaseTransformer/COREMOD]: Transforming net/minecraft/world/effect/MobEffectInstance
[01May2025 16:07:47.994] [main/DEBUG] [net.minecraftforge.coremod.transformer.CoreModBaseTransformer/COREMOD]: Transforming net/minecraft/world/entity/EntityType
[01May2025 16:07:48.241] [main/DEBUG] [mixin/]: Preparing the_bumblezone-forge.mixins.json (17)
[01May2025 16:07:48.276] [main/DEBUG] [mixin/]: Preparing athena.mixins.json (1)
[01May2025 16:07:48.277] [main/DEBUG] [mixin/]: Preparing athena-forge.mixins.json (1)
[01May2025 16:07:48.277] [main/DEBUG] [mixin/]: Preparing aquamirae.mixins.json (0)
[01May2025 16:07:48.277] [main/DEBUG] [mixin/]: Preparing tlskincape-mixins.json (4)
[01May2025 16:07:48.280] [main/ERROR] [net.minecraftforge.fml.loading.RuntimeDistCleaner/DISTXFORM]: Attempted to load class net/minecraft/client/player/AbstractClientPlayer for invalid dist DEDICATED_SERVER
[01May2025 16:07:48.284] [main/WARN] [mixin/]: Error loading class: net/minecraft/client/player/AbstractClientPlayer (java.lang.RuntimeException: Attempted to load class net/minecraft/client/player/AbstractClientPlayer for invalid dist DEDICATED_SERVER)
[01May2025 16:07:48.285] [main/WARN] [mixin/]: @Mixin target net.minecraft.client.player.AbstractClientPlayer was not found tlskincape-mixins.json:MixinAbstractPlayer
[01May2025 16:07:48.287] [main/ERROR] [net.minecraftforge.fml.loading.RuntimeDistCleaner/DISTXFORM]: Attempted to load class net/minecraft/client/gui/screens/TitleScreen for invalid dist DEDICATED_SERVER
[01May2025 16:07:48.290] [main/WARN] [mixin/]: Error loading class: net/minecraft/client/gui/screens/TitleScreen (java.lang.RuntimeException: Attempted to load class net/minecraft/client/gui/screens/TitleScreen for invalid dist DEDICATED_SERVER)
[01May2025 16:07:48.291] [main/WARN] [mixin/]: @Mixin target net.minecraft.client.gui.screens.TitleScreen was not found tlskincape-mixins.json:MixinMainMenu
[01May2025 16:07:48.293] [main/WARN] [mixin/]: Error loading class: net/minecraft/client/model/PlayerModel (java.lang.ClassNotFoundException: net.minecraft.client.model.PlayerModel)
[01May2025 16:07:48.298] [main/WARN] [mixin/]: @Mixin target net.minecraft.client.model.PlayerModel was not found tlskincape-mixins.json:MixinPlayerModel
[01May2025 16:07:48.631] [main/DEBUG] [mixin/]: Prepared 295 mixins in 3.440 sec (11.7ms avg) (0ms load, 0ms transform, 0ms plugin)
[01May2025 16:07:48.665] [main/INFO] [MixinExtras|Service/]: Initializing MixinExtras via com.llamalad7.mixinextras.service.MixinExtrasServiceImpl(version=0.4.1).
[01May2025 16:07:48.671] [main/DEBUG] [mixin/]: Registering new injector for @SugarWrapper with com.llamalad7.mixinextras.sugar.impl.SugarWrapperInjectionInfo
[01May2025 16:07:48.675] [main/DEBUG] [mixin/]: Registering new injector for @FactoryRedirectWrapper with com.llamalad7.mixinextras.wrapper.factory.FactoryRedirectWrapperInjectionInfo
[01May2025 16:07:48.691] [main/DEBUG] [mixin/]: Mixing MinecraftServerMixin from citadel.mixins.json into net.minecraft.server.MinecraftServer
[01May2025 16:07:48.940] [main/DEBUG] [io.netty.util.internal.logging.InternalLoggerFactory/]: Using SLF4J as the default logging framework
[01May2025 16:07:48.948] [main/DEBUG] [io.netty.util.ResourceLeakDetector/]: -Dio.netty.leakDetection.level: simple
[01May2025 16:07:48.948] [main/DEBUG] [io.netty.util.ResourceLeakDetector/]: -Dio.netty.leakDetection.targetRecords: 4
[01May2025 16:07:49.347] [main/DEBUG] [oshi.util.FileUtil/]: No oshi.properties file found from ClassLoader cpw.mods.modlauncher.TransformingClassLoader@34332b8d
[01May2025 16:07:49.350] [main/DEBUG] [oshi.util.FileUtil/]: No oshi.properties file found from ClassLoader jdk.internal.loader.ClassLoaders$AppClassLoader@76ed5528
[01May2025 16:07:49.507] [main/DEBUG] [oshi.util.FileUtil/]: Reading file /proc/self/auxv
[01May2025 16:07:49.509] [main/DEBUG] [oshi.util.FileUtil/]: Reading file /proc/self/auxv
[01May2025 16:07:49.525] [main/DEBUG] [oshi.util.FileUtil/]: Reading file /proc/stat
[01May2025 16:07:49.539] [main/DEBUG] [oshi.util.FileUtil/]: Reading file /sys/devices/system/cpu/cpu0/topology/core_id
[01May2025 16:07:49.541] [main/DEBUG] [oshi.util.FileUtil/]: Reading file /sys/devices/system/cpu/cpu0/topology/core_id
[01May2025 16:07:49.541] [main/DEBUG] [oshi.util.FileUtil/]: Reading file /sys/devices/system/cpu/cpu0/topology/physical_package_id
[01May2025 16:07:49.541] [main/DEBUG] [oshi.util.FileUtil/]: Reading file /sys/devices/system/cpu/cpu0/topology/physical_package_id
[01May2025 16:07:49.542] [main/DEBUG] [oshi.util.FileUtil/]: Reading file /sys/devices/system/cpu/cpu0/cpu_capacity
[01May2025 16:07:49.546] [main/DEBUG] [oshi.util.FileUtil/]: Reading file /sys/devices/system/cpu/cpu1/topology/core_id
[01May2025 16:07:49.546] [main/DEBUG] [oshi.util.FileUtil/]: Reading file /sys/devices/system/cpu/cpu1/topology/core_id
[01May2025 16:07:49.546] [main/DEBUG] [oshi.util.FileUtil/]: Reading file /sys/devices/system/cpu/cpu1/topology/physical_package_id
[01May2025 16:07:49.546] [main/DEBUG] [oshi.util.FileUtil/]: Reading file /sys/devices/system/cpu/cpu1/topology/physical_package_id
[01May2025 16:07:49.546] [main/DEBUG] [oshi.util.FileUtil/]: Reading file /sys/devices/system/cpu/cpu1/cpu_capacity
[01May2025 16:07:49.549] [main/DEBUG] [oshi.util.FileUtil/]: Reading file /proc/cpuinfo
[01May2025 16:07:49.569] [main/DEBUG] [oshi.util.FileUtil/]: Reading file /proc/self/auxv
[01May2025 16:07:49.576] [main/DEBUG] [oshi.util.FileUtil/]: No oshi.architecture.properties file found from ClassLoader cpw.mods.modlauncher.TransformingClassLoader@34332b8d
[01May2025 16:07:49.577] [main/DEBUG] [oshi.util.FileUtil/]: No oshi.architecture.properties file found from ClassLoader jdk.internal.loader.ClassLoaders$AppClassLoader@76ed5528
[01May2025 16:07:49.623] [main/DEBUG] [oshi.util.FileUtil/]: Reading file /proc/meminfo
[01May2025 16:07:49.627] [main/DEBUG] [oshi.util.FileUtil/]: Reading file /proc/meminfo
[01May2025 16:07:49.981] [main/DEBUG] [mixin/]: Mixing compat116plus.AbstractBlockStateMixin from pehkui.mixins.json into net.minecraft.world.level.block.state.BlockBehaviour$BlockStateBase
[01May2025 16:07:50.050] [main/DEBUG] [mixin/]: Mixing EntityMixin from pehkui.mixins.json into net.minecraft.world.entity.Entity
[01May2025 16:07:50.142] [main/DEBUG] [mixin/]: Mixing ThreadSafeScaledEntityMixin from pehkui.mixins.json into net.minecraft.world.entity.Entity
[01May2025 16:07:50.188] [main/DEBUG] [mixin/]: Mixing compat117plus.EntityCalculateDimensionsMixin from pehkui.mixins.json into net.minecraft.world.entity.Entity
[01May2025 16:07:50.189] [main/DEBUG] [mixin/]: Renaming synthetic method lambda$pehkui$calculateDimensions$0(Lnet/minecraft/world/entity/Entity;DLnet/minecraft/world/phys/Vec3;)V to md1c81d2$lambda$pehkui$calculateDimensions$0$0 in pehkui.mixins.json:compat117plus.EntityCalculateDimensionsMixin
[01May2025 16:07:50.218] [main/DEBUG] [mixin/]: Mixing compat117plus.EntityMixin from pehkui.mixins.json into net.minecraft.world.entity.Entity
[01May2025 16:07:50.226] [main/DEBUG] [mixin/]: Mixing compat1204minus.compat116plus.EntityMixin from pehkui.mixins.json into net.minecraft.world.entity.Entity
[01May2025 16:07:50.227] [main/DEBUG] [mixin/]: Mixing compat120plus.EntityMixin from pehkui.mixins.json into net.minecraft.world.entity.Entity
[01May2025 16:07:50.229] [main/DEBUG] [mixin/]: Mixing step_height.compat1194plus.EntityMixin from pehkui.mixins.json into net.minecraft.world.entity.Entity
[01May2025 16:07:50.235] [main/DEBUG] [mixin/]: Mixing EntityMixin from lionfishapi.mixins.json into net.minecraft.world.entity.Entity
[01May2025 16:07:50.339] [main/DEBUG] [mixin/]: Mixing AccessorEntity from curios.mixins.json into net.minecraft.world.entity.Entity
[01May2025 16:07:50.345] [main/DEBUG] [mixin/]: Mixing multipart_entities.EntityMixin from mixins.cerbons_api.json into net.minecraft.world.entity.Entity
[01May2025 16:07:50.349] [main/DEBUG] [mixin/]: Mixing entities.EntityAccessor from the_bumblezone-common.mixins.json into net.minecraft.world.entity.Entity
[01May2025 16:07:50.351] [main/DEBUG] [mixin/]: Mixing entities.EntityMixin from the_bumblezone-common.mixins.json into net.minecraft.world.entity.Entity
[01May2025 16:07:50.473] [main/DEBUG] [mixin/]: Mixing entity.EntityMixin from the_bumblezone-forge.mixins.json into net.minecraft.world.entity.Entity
[01May2025 16:07:50.940] [main/DEBUG] [mixin/]: Mixing step_height.IForgeEntityMixin from pehkui.mixins.json into net.minecraftforge.common.extensions.IForgeEntity
[01May2025 16:07:50.996] [main/DEBUG] [mixin/]: Mixing entities.LaterLivingEntityMixin from the_bumblezone-common.mixins.json into net.minecraft.world.entity.LivingEntity
[01May2025 16:07:51.001] [main/DEBUG] [mixin/]: Mixing LivingEntityMixin from pehkui.mixins.json into net.minecraft.world.entity.LivingEntity
[01May2025 16:07:51.002] [main/DEBUG] [mixin/]: Renaming synthetic method lambda$pehkui$tickMovement$minVelocity$0(I)Z to md1c81d2$lambda$pehkui$tickMovement$minVelocity$0$0 in pehkui.mixins.json:LivingEntityMixin
[01May2025 16:07:51.064] [main/DEBUG] [mixin/]: Mixing compat117plus.LivingEntityMixin from pehkui.mixins.json into net.minecraft.world.entity.LivingEntity
[01May2025 16:07:51.071] [main/DEBUG] [mixin/]: Mixing compat1194plus.LivingEntityMixin from pehkui.mixins.json into net.minecraft.world.entity.LivingEntity
[01May2025 16:07:51.072] [main/DEBUG] [mixin/]: Mixing compat1204minus.LivingEntityMixin from pehkui.mixins.json into net.minecraft.world.entity.LivingEntity
[01May2025 16:07:51.086] [main/DEBUG] [mixin/]: Mixing LivingEntityMixin from cataclysm.mixins.json into net.minecraft.world.entity.LivingEntity
[01May2025 16:07:51.091] [main/DEBUG] [mixin/]: Mixing MixinLivingEntity from curios.mixins.json into net.minecraft.world.entity.LivingEntity
[01May2025 16:07:51.096] [main/DEBUG] [mixin/]: Mixing LivingEntityMixin from citadel.mixins.json into net.minecraft.world.entity.LivingEntity
[01May2025 16:07:51.106] [main/DEBUG] [mixin/]: Mixing LivingEntityMixin from mixins.bosses_of_mass_destruction.json into net.minecraft.world.entity.LivingEntity
[01May2025 16:07:51.132] [main/DEBUG] [mixin/]: Mixing entities.LivingEntityAccessor from the_bumblezone-common.mixins.json into net.minecraft.world.entity.LivingEntity
[01May2025 16:07:51.133] [main/DEBUG] [mixin/]: Mixing compat115plus.LivingEntityMixin from pehkui.mixins.json into net.minecraft.world.entity.LivingEntity
[01May2025 16:07:51.134] [main/DEBUG] [mixin/]: Mixing entities.LivingEntityMixin from the_bumblezone-common.mixins.json into net.minecraft.world.entity.LivingEntity
[01May2025 16:07:51.172] [main/DEBUG] [net.minecraftforge.coremod.transformer.CoreModBaseTransformer/COREMOD]: Transforming net/minecraft/world/item/ItemStack
[01May2025 16:07:51.219] [main/DEBUG] [mixin/]: Mixing LivingEntityMixin from obscure_api.mixins.json into net.minecraft.world.entity.LivingEntity
[01May2025 16:07:51.667] [main/DEBUG] [mixin/]: Mixing LevelMixin from citadel.mixins.json into net.minecraft.world.level.Level
[01May2025 16:07:51.675] [main/DEBUG] [mixin/]: Mixing world.LevelMixin from the_bumblezone-common.mixins.json into net.minecraft.world.level.Level
[01May2025 16:07:51.713] [main/DEBUG] [mixin/]: Mixing compat117plus.ServerWorldMixin from pehkui.mixins.json into net.minecraft.server.level.ServerLevel
[01May2025 16:07:51.725] [main/DEBUG] [mixin/]: Mixing ServerLevelMixin from citadel.mixins.json into net.minecraft.server.level.ServerLevel
[01May2025 16:07:51.727] [main/DEBUG] [mixin/]: Mixing ExplosionMixin from mixins.bosses_of_mass_destruction.json into net.minecraft.server.level.ServerLevel
[01May2025 16:07:51.731] [main/DEBUG] [mixin/]: Mixing world.ServerWorldMixin from the_bumblezone-common.mixins.json into net.minecraft.server.level.ServerLevel
[01May2025 16:07:51.829] [main/DEBUG] [mixin/]: Mixing ItemMixin from cataclysm.mixins.json into net.minecraft.world.entity.item.ItemEntity
[01May2025 16:07:51.834] [main/DEBUG] [mixin/]: Mixing entities.ItemEntityAccessor from the_bumblezone-common.mixins.json into net.minecraft.world.entity.item.ItemEntity
[01May2025 16:07:51.835] [main/DEBUG] [mixin/]: Mixing ItemEntityMixin from pehkui.mixins.json into net.minecraft.world.entity.item.ItemEntity
[01May2025 16:07:51.867] [main/DEBUG] [mixin/]: Mixing reach.PlayerEntityMixin from pehkui.mixins.json into net.minecraft.world.entity.player.Player
[01May2025 16:07:51.868] [main/DEBUG] [mixin/]: Mixing PlayerEntityMixin from pehkui.mixins.json into net.minecraft.world.entity.player.Player
[01May2025 16:07:51.875] [main/DEBUG] [mixin/]: Mixing compat117plus.PlayerEntityMixin from pehkui.mixins.json into net.minecraft.world.entity.player.Player
[01May2025 16:07:51.876] [main/DEBUG] [mixin/]: Mixing compat1194plus.PlayerEntityMixin from pehkui.mixins.json into net.minecraft.world.entity.player.Player
[01May2025 16:07:51.877] [main/DEBUG] [mixin/]: Mixing compat1201minus.EntityVehicleHeightOffsetMixin from pehkui.mixins.json into net.minecraft.world.entity.player.Player
[01May2025 16:07:51.880] [main/DEBUG] [mixin/]: Mixing compat1204minus.PlayerEntityMixin from pehkui.mixins.json into net.minecraft.world.entity.player.Player
[01May2025 16:07:51.882] [main/DEBUG] [mixin/]: Mixing entities.PlayerMixin from the_bumblezone-common.mixins.json into net.minecraft.world.entity.player.Player
[01May2025 16:07:51.883] [main/DEBUG] [mixin/]: Mixing entities.PlayerTimeInAirMixin from the_bumblezone-common.mixins.json into net.minecraft.world.entity.player.Player
[01May2025 16:07:51.889] [main/DEBUG] [mixin/]: Mixing items.HoneyShieldPlayerMixin from the_bumblezone-common.mixins.json into net.minecraft.world.entity.player.Player
[01May2025 16:07:51.900] [main/DEBUG] [mixin/]: Mixing items.PlayerDamageShieldInvoker from the_bumblezone-common.mixins.json into net.minecraft.world.entity.player.Player
[01May2025 16:07:51.900] [main/DEBUG] [mixin/]: Mixing MixinPlayer from tlskincape-mixins.json into net.minecraft.world.entity.player.Player
[01May2025 16:07:51.900] [main/DEBUG] [mixin/]: tlskincape-mixins.json:MixinPlayer: Class version 61 required is higher than the class version supported by the current version of Mixin (JAVA_16 supports class version 60)
[01May2025 16:07:52.062] [main/DEBUG] [mixin/]: Mixing reach.IForgePlayerMixin from pehkui.mixins.json into net.minecraftforge.common.extensions.IForgePlayer
[01May2025 16:07:52.196] [main/DEBUG] [mixin/]: Mixing reach.compat1204minus.compat116plus.ItemMixin from pehkui.mixins.json into net.minecraft.world.item.Item
[01May2025 16:07:52.211] [main/DEBUG] [mixin/]: Mixing compat117plus.patchwork.compat.IForgeItemMixin from pehkui.mixins.json into net.minecraftforge.common.extensions.IForgeItem
[01May2025 16:07:52.247] [main/DEBUG] [net.minecraftforge.coremod.transformer.CoreModBaseTransformer/COREMOD]: Transforming net/minecraft/world/entity/EntityType
[01May2025 16:07:52.356] [main/DEBUG] [mixin/]: Mixing entities.EntityTypeMixin from the_bumblezone-common.mixins.json into net.minecraft.world.entity.EntityType
[01May2025 16:07:52.445] [main/DEBUG] [mixin/]: Mixing TrunkPlacerTypeInvoker from graveyard-common.mixins.json into net.minecraft.world.level.levelgen.feature.trunkplacers.TrunkPlacerType
[01May2025 16:07:52.446] [main/DEBUG] [mixin/]: Renaming @Invoker method callRegister(Ljava/lang/String;Lcom/mojang/serialization/Codec;)Lnet/minecraft/world/level/levelgen/feature/trunkplacers/TrunkPlacerType; to callRegister_$md$1c81d2$0 in graveyard-common.mixins.json:TrunkPlacerTypeInvoker
[01May2025 16:07:52.506] [main/DEBUG] [mixin/]: Mixing block.FireBlockInvoker from the_bumblezone-forge.mixins.json into net.minecraft.world.level.block.FireBlock
[01May2025 16:07:52.508] [main/DEBUG] [mixin/]: Mixing block.FireBlockMixin from the_bumblezone-forge.mixins.json into net.minecraft.world.level.block.FireBlock
[01May2025 16:07:52.508] [main/DEBUG] [mixin/]: Renaming synthetic method lambda$thebumblezone_fireHoneyCocoonLootDrop$0(Lnet/minecraft/server/level/ServerLevel;Lnet/minecraft/core/BlockPos;Lnet/minecraft/world/item/ItemStack;)V to md1c81d2$lambda$thebumblezone_fireHoneyCocoonLootDrop$0$0 in the_bumblezone-forge.mixins.json:block.FireBlockMixin
[01May2025 16:07:52.564] [main/DEBUG] [mixin/]: Mixing multipart_entities.ShapesMixin from mixins.cerbons_api.json into net.minecraft.world.phys.shapes.Shapes
[01May2025 16:07:52.589] [main/DEBUG] [mixin/]: Mixing multipart_entities.VoxelShapeMixin from mixins.cerbons_api.json into net.minecraft.world.phys.shapes.VoxelShape
[01May2025 16:07:52.600] [main/DEBUG] [mixin/]: Mixing multipart_entities.InvokerArrayVoxelShape from mixins.cerbons_api.json into net.minecraft.world.phys.shapes.ArrayVoxelShape
[01May2025 16:07:52.601] [main/DEBUG] [mixin/]: Renaming @Invoker method init(Lnet/minecraft/world/phys/shapes/DiscreteVoxelShape;Lit/unimi/dsi/fastutil/doubles/DoubleList;Lit/unimi/dsi/fastutil/doubles/DoubleList;Lit/unimi/dsi/fastutil/doubles/DoubleList;)Lnet/minecraft/world/phys/shapes/ArrayVoxelShape; to init_$md$1c81d2$0 in mixins.cerbons_api.json:multipart_entities.InvokerArrayVoxelShape
[01May2025 16:07:52.870] [main/DEBUG] [mixin/]: Mixing PlantBlockMixin from graveyard-common.mixins.json into net.minecraft.world.level.block.BushBlock
[01May2025 16:07:52.882] [main/DEBUG] [net.minecraftforge.coremod.transformer.CoreModBaseTransformer/COREMOD]: Transforming net/minecraft/world/level/block/LiquidBlock
[01May2025 16:07:52.904] [main/DEBUG] [mixin/]: Mixing blocks.DispenserBlockInvoker from the_bumblezone-common.mixins.json into net.minecraft.world.level.block.DispenserBlock
[01May2025 16:07:52.916] [main/DEBUG] [mixin/]: Mixing blocks.PistonBaseBlockMixin from the_bumblezone-common.mixins.json into net.minecraft.world.level.block.piston.PistonBaseBlock
[01May2025 16:07:52.964] [main/DEBUG] [net.minecraftforge.coremod.transformer.CoreModBaseTransformer/COREMOD]: Transforming net/minecraft/world/level/block/StairBlock
[01May2025 16:07:53.004] [main/DEBUG] [mixin/]: Mixing IceBlockMixin from mixins.bosses_of_mass_destruction.json into net.minecraft.world.level.block.IceBlock
[01May2025 16:07:53.053] [main/DEBUG] [mixin/]: Mixing PortalBlockMixin from pehkui.mixins.json into net.minecraft.world.level.block.NetherPortalBlock
[01May2025 16:07:53.074] [main/DEBUG] [mixin/]: Mixing blocks.VineBlockAccessor from the_bumblezone-common.mixins.json into net.minecraft.world.level.block.VineBlock
[01May2025 16:07:53.082] [main/DEBUG] [mixin/]: Mixing blocks.WaterlilyBlockMixin from the_bumblezone-common.mixins.json into net.minecraft.world.level.block.WaterlilyBlock
[01May2025 16:07:53.113] [main/DEBUG] [net.minecraftforge.coremod.transformer.CoreModBaseTransformer/COREMOD]: Transforming net/minecraft/world/level/block/FlowerPotBlock
[01May2025 16:07:53.228] [main/DEBUG] [mixin/]: Mixing blocks.BubbleColumnBlockMixin from the_bumblezone-common.mixins.json into net.minecraft.world.level.block.BubbleColumnBlock
[01May2025 16:07:53.297] [main/DEBUG] [mixin/]: Mixing blocks.BeehiveMixin from the_bumblezone-common.mixins.json into net.minecraft.world.level.block.BeehiveBlock
[01May2025 16:07:53.326] [main/DEBUG] [mixin/]: Mixing MixinPowderSnowBlock from curios.mixins.json into net.minecraft.world.level.block.PowderSnowBlock
[01May2025 16:07:53.355] [main/DEBUG] [mixin/]: Mixing blocks.PointedDripstoneBlockMixin from the_bumblezone-common.mixins.json into net.minecraft.world.level.block.PointedDripstoneBlock
[01May2025 16:07:53.391] [main/DEBUG] [mixin/]: Mixing blocks.BigDripleafBlockMixin from the_bumblezone-common.mixins.json into net.minecraft.world.level.block.BigDripleafBlock
[01May2025 16:07:53.407] [main/DEBUG] [mixin/]: Mixing blocks.BigDripleafStemBlockMixin from the_bumblezone-common.mixins.json into net.minecraft.world.level.block.BigDripleafStemBlock
[01May2025 16:07:53.416] [main/DEBUG] [mixin/]: Mixing blocks.SmallDripleafBlockMixin from the_bumblezone-common.mixins.json into net.minecraft.world.level.block.SmallDripleafBlock
[01May2025 16:07:53.432] [main/DEBUG] [mixin/]: Mixing blocks.FrogspawnBlockMixin from the_bumblezone-common.mixins.json into net.minecraft.world.level.block.FrogspawnBlock
[01May2025 16:07:53.453] [main/DEBUG] [mixin/]: Mixing BlockBehaviourMixin from mowziesmobs.mixins.json into net.minecraft.world.level.block.state.BlockBehaviour$Properties
[01May2025 16:07:53.529] [main/DEBUG] [mixin/]: Mixing blocks.WaterEquivalenceMixin from the_bumblezone-common.mixins.json into net.minecraft.world.level.material.WaterFluid
[01May2025 16:07:53.536] [main/DEBUG] [mixin/]: Mixing blocks.FlowingFluidAccessor from the_bumblezone-common.mixins.json into net.minecraft.world.level.material.FlowingFluid
[01May2025 16:07:53.696] [main/DEBUG] [mixin/]: Mixing blocks.BlockEntityAccessor from the_bumblezone-common.mixins.json into net.minecraft.world.level.block.entity.BlockEntity
[01May2025 16:07:53.707] [main/DEBUG] [mixin/]: Mixing PreEntityTickMixin from pehkui.mixins.json into net.minecraft.world.entity.item.FallingBlockEntity
[01May2025 16:07:53.711] [main/DEBUG] [mixin/]: Mixing blocks.FallingBlockEntityAccessor from the_bumblezone-common.mixins.json into net.minecraft.world.entity.item.FallingBlockEntity
[01May2025 16:07:53.812] [main/DEBUG] [mixin/]: Mixing reach.compat1204minus.compat1194plus.InventoryMixin from pehkui.mixins.json into net.minecraft.world.Container
[01May2025 16:07:53.840] [main/DEBUG] [mixin/]: Mixing blocks.DefaultDispenseItemBehaviorInvoker from the_bumblezone-common.mixins.json into net.minecraft.core.dispenser.DefaultDispenseItemBehavior
[01May2025 16:07:54.358] [main/DEBUG] [mixin/]: Mixing blocks.PistonMovingBlockEntityMixin from the_bumblezone-common.mixins.json into net.minecraft.world.level.block.piston.PistonMovingBlockEntity
[01May2025 16:07:54.434] [main/DEBUG] [mixin/]: Mixing PreEntityTickMixin from pehkui.mixins.json into net.minecraft.world.entity.item.PrimedTnt
[01May2025 16:07:54.836] [main/DEBUG] [mixin/]: Mixing compat1204minus.ScreenHandlerMixin from pehkui.mixins.json into net.minecraft.world.inventory.AbstractContainerMenu
[01May2025 16:07:54.837] [main/DEBUG] [mixin/]: Mixing reach.compat1204minus.ScreenHandlerMixin from pehkui.mixins.json into net.minecraft.world.inventory.AbstractContainerMenu
[01May2025 16:07:54.993] [main/DEBUG] [mixin/]: Mixing multipart_entities.AABBMixin from mixins.cerbons_api.json into net.minecraft.world.phys.AABB
[01May2025 16:07:55.015] [main/DEBUG] [mixin/]: Mixing PersistentProjectileEntityMixin from pehkui.mixins.json into net.minecraft.world.entity.projectile.AbstractArrow
[01May2025 16:07:55.016] [main/DEBUG] [mixin/]: Mixing compat116plus.PersistentProjectileEntityMixin from pehkui.mixins.json into net.minecraft.world.entity.projectile.AbstractArrow
[01May2025 16:07:55.019] [main/DEBUG] [mixin/]: Mixing compat1202minus.PersistentProjectileEntityMixin from pehkui.mixins.json into net.minecraft.world.entity.projectile.AbstractArrow
[01May2025 16:07:55.020] [main/DEBUG] [mixin/]: Mixing compat1204minus.PersistentProjectileEntityMixin from pehkui.mixins.json into net.minecraft.world.entity.projectile.AbstractArrow
[01May2025 16:07:55.023] [main/DEBUG] [mixin/]: Mixing entities.AbstractArrowMixin from the_bumblezone-common.mixins.json into net.minecraft.world.entity.projectile.AbstractArrow
[01May2025 16:07:55.061] [main/DEBUG] [mixin/]: Mixing compat116plus.ProjectileEntityMixin from pehkui.mixins.json into net.minecraft.world.entity.projectile.Projectile
[01May2025 16:07:55.062] [main/DEBUG] [mixin/]: Mixing multipart_entities.ProjectileMixin from mixins.cerbons_api.json into net.minecraft.world.entity.projectile.Projectile
[01May2025 16:07:55.124] [main/DEBUG] [mixin/]: Mixing MobMixin from eeeabsmobs.mixins.json into net.minecraft.world.entity.Mob
[01May2025 16:07:55.125] [main/DEBUG] [mixin/]: Mixing MobEntityMixin from pehkui.mixins.json into net.minecraft.world.entity.Mob
[01May2025 16:07:55.126] [main/DEBUG] [mixin/]: Mixing MobRememberSpawnReasonMixin from takesapillage.mixins.json into net.minecraft.world.entity.Mob
[01May2025 16:07:55.128] [main/DEBUG] [mixin/]: Mixing entities.MobAccessor from the_bumblezone-common.mixins.json into net.minecraft.world.entity.Mob
[01May2025 16:07:55.128] [main/DEBUG] [mixin/]: Mixing items.HoneyShieldMobMixin from the_bumblezone-common.mixins.json into net.minecraft.world.entity.Mob
[01May2025 16:07:55.131] [main/DEBUG] [mixin/]: Mixing compat116plus.MobEntityMixin from pehkui.mixins.json into net.minecraft.world.entity.Mob
[01May2025 16:07:55.197] [main/DEBUG] [mixin/]: Mixing compat1201minus.EntityVehicleHeightOffsetMixin from pehkui.mixins.json into net.minecraft.world.entity.monster.Silverfish
[01May2025 16:07:55.314] [main/DEBUG] [net.minecraftforge.coremod.transformer.CoreModBaseTransformer/COREMOD]: Transforming net/minecraft/world/item/ItemStack
[01May2025 16:07:55.630] [main/DEBUG] [mixin/]: Mixing WitherEntityMixin from pehkui.mixins.json into net.minecraft.world.entity.boss.wither.WitherBoss
[01May2025 16:07:55.631] [main/DEBUG] [mixin/]: Mixing compat1204minus.WitherEntityMixin from pehkui.mixins.json into net.minecraft.world.entity.boss.wither.WitherBoss
[01May2025 16:07:55.643] [main/DEBUG] [mixin/]: Mixing compat1204minus.compat116plus.ForgingScreenHandlerMixin from pehkui.mixins.json into net.minecraft.world.inventory.ItemCombinerMenu
[01May2025 16:07:55.643] [main/DEBUG] [mixin/]: Mixing reach.compat1204minus.compat116plus.ForgingScreenHandlerMixin from pehkui.mixins.json into net.minecraft.world.inventory.ItemCombinerMenu
[01May2025 16:07:55.875] [main/DEBUG] [mixin/]: Mixing compat116plus.AnimalEntityMixin from pehkui.mixins.json into net.minecraft.world.entity.animal.Animal
[01May2025 16:07:55.876] [main/DEBUG] [mixin/]: Mixing compat1201minus.EntityVehicleHeightOffsetMixin from pehkui.mixins.json into net.minecraft.world.entity.animal.Animal
[01May2025 16:07:55.877] [main/DEBUG] [mixin/]: Mixing entities.AnimalMixin from the_bumblezone-common.mixins.json into net.minecraft.world.entity.animal.Animal
[01May2025 16:07:55.883] [main/DEBUG] [mixin/]: Mixing entities.AgeableMobAccessor from the_bumblezone-common.mixins.json into net.minecraft.world.entity.AgeableMob
[01May2025 16:07:55.884] [main/DEBUG] [mixin/]: Renaming @Accessor method bumblezone$getDATA_BABY_ID()Lnet/minecraft/network/syncher/EntityDataAccessor; to bumblezone$getDATA_BABY_ID_$md$1c81d2$0 in the_bumblezone-common.mixins.json:entities.AgeableMobAccessor
[01May2025 16:07:55.888] [main/DEBUG] [mixin/]: Mixing compat1201minus.compat120plus.SnifferEntityMixin from pehkui.mixins.json into net.minecraft.world.entity.animal.sniffer.Sniffer
[01May2025 16:07:56.290] [main/DEBUG] [mixin/]: Mixing SmithingMenuMixin from citadel.mixins.json into net.minecraft.world.inventory.SmithingMenu
[01May2025 16:07:56.345] [main/DEBUG] [mixin/]: Mixing blocks.BeehiveBlockEntityMixin from the_bumblezone-common.mixins.json into net.minecraft.world.level.block.entity.BeehiveBlockEntity
[01May2025 16:07:56.516] [main/DEBUG] [mixin/]: Mixing entities.LightningBoltMixin from the_bumblezone-common.mixins.json into net.minecraft.world.entity.LightningBolt
[01May2025 16:07:56.724] [main/DEBUG] [net.minecraftforge.coremod.transformer.CoreModBaseTransformer/COREMOD]: Transforming net/minecraft/world/entity/animal/frog/Tadpole
[01May2025 16:07:56.770] [main/DEBUG] [mixin/]: Mixing blocks.WaterlogForPlacingBlockMixin from the_bumblezone-common.mixins.json into net.minecraft.world.item.BlockItem
[01May2025 16:07:56.781] [main/DEBUG] [mixin/]: Mixing blocks.WaterlogForPlacingBlockMixin from the_bumblezone-common.mixins.json into net.minecraft.world.item.StandingAndWallBlockItem
[01May2025 16:07:56.801] [main/DEBUG] [net.minecraftforge.coremod.transformer.CoreModBaseTransformer/COREMOD]: Transforming net/minecraft/world/item/BucketItem
[01May2025 16:07:56.824] [main/DEBUG] [mixin/]: Mixing items.MapItemMixin from the_bumblezone-common.mixins.json into net.minecraft.world.item.MapItem
[01May2025 16:07:56.834] [main/DEBUG] [mixin/]: Mixing MixinShearsItem from curios.mixins.json into net.minecraft.world.item.ShearsItem
[01May2025 16:07:56.840] [main/DEBUG] [mixin/]: Mixing items.GlassBottleUseMixin from the_bumblezone-common.mixins.json into net.minecraft.world.item.BottleItem
[01May2025 16:07:56.853] [main/DEBUG] [mixin/]: Mixing EnderEyeUseMixin from mixins.bosses_of_mass_destruction.json into net.minecraft.world.item.EnderEyeItem
[01May2025 16:07:56.864] [main/DEBUG] [mixin/]: Mixing compat116plus.SpawnEggItemMixin from pehkui.mixins.json into net.minecraft.world.item.SpawnEggItem
[01May2025 16:07:56.865] [main/DEBUG] [mixin/]: Renaming synthetic method lambda$pehkui$spawnBaby$0(Lnet/minecraft/world/entity/Mob;Lnet/minecraft/world/entity/Mob;)V to md1c81d2$lambda$pehkui$spawnBaby$0$0 in pehkui.mixins.json:compat116plus.SpawnEggItemMixin
[01May2025 16:07:56.865] [main/DEBUG] [mixin/]: Mixing items.SpawnEggItemAccessor from the_bumblezone-common.mixins.json into net.minecraft.world.item.SpawnEggItem
[01May2025 16:07:56.865] [main/DEBUG] [mixin/]: Renaming @Accessor method bumblezone$getIdMap()Ljava/util/Map; to bumblezone$getIdMap_$md$1c81d2$1 in the_bumblezone-common.mixins.json:items.SpawnEggItemAccessor
[01May2025 16:07:56.876] [main/DEBUG] [mixin/]: Mixing items.NameTagItemMixin from the_bumblezone-common.mixins.json into net.minecraft.world.item.NameTagItem
[01May2025 16:07:56.887] [main/DEBUG] [mixin/]: Mixing compat1204minus.CrossbowItemMixin from pehkui.mixins.json into net.minecraft.world.item.CrossbowItem
[01May2025 16:07:56.896] [main/DEBUG] [mixin/]: Mixing compat1202minus.compat120plus.BrushItemMixin from pehkui.mixins.json into net.minecraft.world.item.BrushItem
[01May2025 16:07:56.932] [main/DEBUG] [mixin/]: Mixing PreEntityTickMixin from pehkui.mixins.json into net.minecraft.world.entity.vehicle.AbstractMinecart
[01May2025 16:07:56.967] [main/DEBUG] [mixin/]: Mixing AbstractDecorationEntityMixin from pehkui.mixins.json into net.minecraft.world.entity.decoration.HangingEntity
[01May2025 16:07:56.968] [main/DEBUG] [mixin/]: Mixing PreEntityTickMixin from pehkui.mixins.json into net.minecraft.world.entity.decoration.HangingEntity
[01May2025 16:07:56.969] [main/DEBUG] [mixin/]: Mixing logging.HangingEntityMixin from the_bumblezone-common.mixins.json into net.minecraft.world.entity.decoration.HangingEntity
[01May2025 16:07:57.301] [main/DEBUG] [mixin/]: Mixing compat116plus.NbtCompoundMixin from pehkui.mixins.json into net.minecraft.nbt.CompoundTag
[01May2025 16:07:57.926] [main/DEBUG] [mixin/]: Mixing AreaEffectCloudEntityMixin from pehkui.mixins.json into net.minecraft.world.entity.AreaEffectCloud
[01May2025 16:07:57.932] [main/DEBUG] [mixin/]: Mixing ArmorStandEntityMixin from pehkui.mixins.json into net.minecraft.world.entity.decoration.ArmorStand
[01May2025 16:07:57.932] [main/DEBUG] [mixin/]: Mixing compat1201minus.EntityVehicleHeightOffsetMixin from pehkui.mixins.json into net.minecraft.world.entity.decoration.ArmorStand
[01May2025 16:07:57.933] [main/DEBUG] [mixin/]: Mixing compat1204minus.ArmorStandEntityMixin from pehkui.mixins.json into net.minecraft.world.entity.decoration.ArmorStand
[01May2025 16:07:57.945] [main/DEBUG] [mixin/]: Mixing compat1201minus.compat117plus.AxolotlEntityMixin from pehkui.mixins.json into net.minecraft.world.entity.animal.axolotl.Axolotl
[01May2025 16:07:57.952] [main/DEBUG] [mixin/]: Mixing entities.ExperienceOrbAccessor from the_bumblezone-common.mixins.json into net.minecraft.world.entity.ExperienceOrb
[01May2025 16:07:57.953] [main/DEBUG] [mixin/]: Mixing entities.ExperienceOrbMixin from the_bumblezone-common.mixins.json into net.minecraft.world.entity.ExperienceOrb
[01May2025 16:07:57.953] [main/DEBUG] [mixin/]: Renaming synthetic method lambda$bumblezone$xpGoToClosestCrystalFlower$3(Lnet/minecraft/world/level/block/entity/BlockEntity;)V to md1c81d2$lambda$bumblezone$xpGoToClosestCrystalFlower$3$0 in the_bumblezone-common.mixins.json:entities.ExperienceOrbMixin
[01May2025 16:07:57.953] [main/DEBUG] [mixin/]: Renaming synthetic method lambda$bumblezone$xpGoToClosestCrystalFlower$2(Lnet/minecraft/world/level/block/entity/BlockEntity;Lnet/minecraft/world/level/block/entity/BlockEntity;)I to md1c81d2$lambda$bumblezone$xpGoToClosestCrystalFlower$2$1 in the_bumblezone-common.mixins.json:entities.ExperienceOrbMixin
[01May2025 16:07:57.954] [main/DEBUG] [mixin/]: Renaming synthetic method lambda$bumblezone$xpGoToClosestCrystalFlower$1(Lnet/minecraft/world/level/block/entity/BlockEntity;)Z to md1c81d2$lambda$bumblezone$xpGoToClosestCrystalFlower$1$2 in the_bumblezone-common.mixins.json:entities.ExperienceOrbMixin
[01May2025 16:07:57.957] [main/DEBUG] [mixin/]: Renaming synthetic method lambda$bumblezone$xpGoToClosestCrystalFlower$0(Lnet/minecraft/world/level/chunk/LevelChunk;)Ljava/util/stream/Stream; to md1c81d2$lambda$bumblezone$xpGoToClosestCrystalFlower$0$3 in the_bumblezone-common.mixins.json:entities.ExperienceOrbMixin
[01May2025 16:07:57.975] [main/DEBUG] [mixin/]: Mixing entities.BeeEntityInvoker from the_bumblezone-common.mixins.json into net.minecraft.world.entity.animal.Bee
[01May2025 16:07:57.975] [main/DEBUG] [mixin/]: Mixing entities.BeeEntityMixin from the_bumblezone-common.mixins.json into net.minecraft.world.entity.animal.Bee
[01May2025 16:07:57.993] [main/DEBUG] [mixin/]: Mixing entities.BeeHiveGoalMixin from the_bumblezone-common.mixins.json into net.minecraft.world.entity.animal.Bee$BeeGoToHiveGoal
[01May2025 16:07:57.996] [main/DEBUG] [mixin/]: Mixing entities.BeeGoToKnownFlowerGoalMixin from the_bumblezone-common.mixins.json into net.minecraft.world.entity.animal.Bee$BeeGoToKnownFlowerGoal
[01May2025 16:07:57.998] [main/DEBUG] [mixin/]: Mixing entities.BeePathfindingMixin from the_bumblezone-common.mixins.json into net.minecraft.world.entity.animal.Bee$BeeWanderGoal
[01May2025 16:07:58.001] [main/DEBUG] [mixin/]: Mixing TrackTargetGoalMixin from pehkui.mixins.json into net.minecraft.world.entity.ai.goal.target.TargetGoal
[01May2025 16:07:58.010] [main/DEBUG] [mixin/]: Mixing BlazeEntityShootFireballGoalMixin from pehkui.mixins.json into net.minecraft.world.entity.monster.Blaze$BlazeAttackGoal
[01May2025 16:07:58.019] [main/DEBUG] [mixin/]: Mixing BoatEntityMixin from pehkui.mixins.json into net.minecraft.world.entity.vehicle.Boat
[01May2025 16:07:58.020] [main/DEBUG] [mixin/]: Mixing compat1201minus.EntityMountedHeightOffsetMixin from pehkui.mixins.json into net.minecraft.world.entity.vehicle.Boat
[01May2025 16:07:58.020] [main/DEBUG] [mixin/]: Mixing compat1201minus.compat120plus.BoatEntityMixin from pehkui.mixins.json into net.minecraft.world.entity.vehicle.Boat
[01May2025 16:07:58.021] [main/DEBUG] [mixin/]: Mixing compat1204minus.BoatEntityMixin from pehkui.mixins.json into net.minecraft.world.entity.vehicle.Boat
[01May2025 16:07:58.032] [main/DEBUG] [mixin/]: Mixing compat1201minus.compat1193plus.CamelEntityMixin from pehkui.mixins.json into net.minecraft.world.entity.animal.camel.Camel
[01May2025 16:07:58.032] [main/DEBUG] [mixin/]: Mixing compat1201minus.compat120plus.CamelEntityMixin from pehkui.mixins.json into net.minecraft.world.entity.animal.camel.Camel
[01May2025 16:07:58.033] [main/DEBUG] [mixin/]: Mixing compat1204minus.compat1193plus.CamelEntityMixin from pehkui.mixins.json into net.minecraft.world.entity.animal.camel.Camel
[01May2025 16:07:58.042] [main/DEBUG] [mixin/]: Mixing entities.AbstractHorseMixin from the_bumblezone-common.mixins.json into net.minecraft.world.entity.animal.horse.AbstractHorse
[01May2025 16:07:58.044] [main/DEBUG] [mixin/]: Mixing compat1201minus.compat120plus.AbstractHorseEntityMixin from pehkui.mixins.json into net.minecraft.world.entity.animal.horse.AbstractHorse
[01May2025 16:07:58.066] [main/DEBUG] [net.minecraftforge.coremod.transformer.CoreModBaseTransformer/COREMOD]: Transforming net/minecraft/world/entity/monster/Spider
[01May2025 16:07:58.082] [main/DEBUG] [mixin/]: Mixing compat1201minus.EntityVehicleHeightOffsetMixin from pehkui.mixins.json into net.minecraft.world.entity.monster.AbstractSkeleton
[01May2025 16:07:58.088] [main/DEBUG] [mixin/]: Mixing compat119plus.ChestBoatEntityMixin from pehkui.mixins.json into net.minecraft.world.entity.vehicle.ChestBoat
[01May2025 16:07:58.088] [main/DEBUG] [mixin/]: Mixing reach.compat1204minus.compat119plus.ChestBoatEntityMixin from pehkui.mixins.json into net.minecraft.world.entity.vehicle.ChestBoat
[01May2025 16:07:58.095] [main/DEBUG] [mixin/]: Mixing reach.compat1204minus.compat119plus.StorageMinecartEntityMixin from pehkui.mixins.json into net.minecraft.world.entity.vehicle.AbstractMinecartContainer
[01May2025 16:07:58.104] [main/DEBUG] [mixin/]: Mixing compat1201minus.compat120plus.ChickenEntityMixin from pehkui.mixins.json into net.minecraft.world.entity.animal.Chicken
[01May2025 16:07:58.116] [main/DEBUG] [mixin/]: Mixing CreeperEntityMixin from graveyard-common.mixins.json into net.minecraft.world.entity.monster.Creeper
[01May2025 16:07:58.126] [main/DEBUG] [mixin/]: Mixing compat1201minus.AbstractDonkeyEntityMixin from pehkui.mixins.json into net.minecraft.world.entity.animal.horse.AbstractChestedHorse
[01May2025 16:07:58.130] [main/DEBUG] [mixin/]: Mixing compat116plus.DragonFireballEntityMixin from pehkui.mixins.json into net.minecraft.world.entity.projectile.DragonFireball
[01May2025 16:07:58.132] [main/DEBUG] [mixin/]: Mixing ExplosiveProjectileEntityMixin from pehkui.mixins.json into net.minecraft.world.entity.projectile.AbstractHurtingProjectile
[01May2025 16:07:58.140] [main/DEBUG] [net.minecraftforge.coremod.transformer.CoreModBaseTransformer/COREMOD]: Transforming net/minecraft/world/entity/monster/Zombie
[01May2025 16:07:58.208] [main/DEBUG] [mixin/]: Mixing compat1201minus.EntityVehicleHeightOffsetMixin from pehkui.mixins.json into net.minecraft.world.entity.monster.Zombie
[01May2025 16:07:58.224] [main/DEBUG] [net.minecraftforge.coremod.transformer.CoreModBaseTransformer/COREMOD]: Transforming net/minecraft/world/entity/monster/ZombieVillager
[01May2025 16:07:58.267] [main/DEBUG] [mixin/]: Mixing entities.ThrownTridentAccessor from the_bumblezone-common.mixins.json into net.minecraft.world.entity.projectile.ThrownTrident
[01May2025 16:07:58.274] [main/DEBUG] [mixin/]: Mixing compat116plus.EggEntityMixin from pehkui.mixins.json into net.minecraft.world.entity.projectile.ThrownEgg
[01May2025 16:07:58.278] [main/DEBUG] [mixin/]: Mixing ThrownEntityMixin from pehkui.mixins.json into net.minecraft.world.entity.projectile.ThrowableProjectile
[01May2025 16:07:58.278] [main/DEBUG] [mixin/]: Mixing compat1204minus.ThrownEntityMixin from pehkui.mixins.json into net.minecraft.world.entity.projectile.ThrowableProjectile
[01May2025 16:07:58.289] [main/DEBUG] [mixin/]: Mixing PreEntityTickMixin from pehkui.mixins.json into net.minecraft.world.entity.boss.enderdragon.EndCrystal
[01May2025 16:07:58.290] [main/DEBUG] [mixin/]: Mixing compat1202minus.compat1193plus.EndCrystalEntityMixin from pehkui.mixins.json into net.minecraft.world.entity.boss.enderdragon.EndCrystal
[01May2025 16:07:58.297] [main/DEBUG] [mixin/]: Mixing EnderDragonEntityMixin from pehkui.mixins.json into net.minecraft.world.entity.boss.enderdragon.EnderDragon
[01May2025 16:07:58.309] [main/DEBUG] [mixin/]: Mixing compat116plus.EnderPearlEntityMixin from pehkui.mixins.json into net.minecraft.world.entity.projectile.ThrownEnderpearl
[01May2025 16:07:58.315] [main/DEBUG] [mixin/]: Mixing compat1201minus.EntityVehicleHeightOffsetMixin from pehkui.mixins.json into net.minecraft.world.entity.monster.Endermite
[01May2025 16:07:58.326] [main/DEBUG] [mixin/]: Mixing compat1201minus.EntityVehicleHeightOffsetMixin from pehkui.mixins.json into net.minecraft.world.entity.monster.PatrollingMonster
[01May2025 16:07:58.336] [main/DEBUG] [net.minecraftforge.coremod.transformer.CoreModBaseTransformer/COREMOD]: Transforming net/minecraft/world/entity/monster/Evoker$EvokerSummonSpellGoal
[01May2025 16:07:58.347] [main/DEBUG] [mixin/]: Mixing compat116plus.SummonVexGoalMixin from pehkui.mixins.json into net.minecraft.world.entity.monster.Evoker$EvokerSummonSpellGoal
[01May2025 16:07:58.354] [main/DEBUG] [mixin/]: Mixing EvokerFangsEntityMixin from pehkui.mixins.json into net.minecraft.world.entity.projectile.EvokerFangs
[01May2025 16:07:58.364] [main/DEBUG] [mixin/]: Mixing entities.FoxAccessor from the_bumblezone-common.mixins.json into net.minecraft.world.entity.animal.Fox
[01May2025 16:07:58.370] [main/DEBUG] [mixin/]: Mixing compat116plus.FoxEntityMateGoalMixin from pehkui.mixins.json into net.minecraft.world.entity.animal.Fox$FoxBreedGoal
[01May2025 16:07:58.384] [main/DEBUG] [mixin/]: Mixing GhastEntityShootFireballGoalMixin from pehkui.mixins.json into net.minecraft.world.entity.monster.Ghast$GhastShootFireballGoal
[01May2025 16:07:58.389] [main/DEBUG] [mixin/]: Mixing ItemFrameEntityMixin from pehkui.mixins.json into net.minecraft.world.entity.decoration.ItemFrame
[01May2025 16:07:58.389] [main/DEBUG] [mixin/]: Mixing entities.ItemFrameMixin from the_bumblezone-common.mixins.json into net.minecraft.world.entity.decoration.ItemFrame
[01May2025 16:07:58.400] [main/DEBUG] [mixin/]: Mixing compat1201minus.compat116plus.HoglinEntityMixin from pehkui.mixins.json into net.minecraft.world.entity.monster.hoglin.Hoglin
[01May2025 16:07:58.405] [main/DEBUG] [mixin/]: Mixing compat1201minus.compat116plus.ZoglinEntityMixin from pehkui.mixins.json into net.minecraft.world.entity.monster.Zoglin
[01May2025 16:07:58.420] [main/DEBUG] [mixin/]: Mixing DefendVillageGoalGolemMixin from guardvillagers.mixins.json into net.minecraft.world.entity.ai.goal.target.DefendVillageTargetGoal
[01May2025 16:07:58.425] [main/WARN] [mixin/]: @Final field f_26027_:Lnet/minecraft/world/entity/ai/targeting/TargetingConditions; in guardvillagers.mixins.json:DefendVillageGoalGolemMixin should be final
[01May2025 16:07:58.430] [main/DEBUG] [mixin/]: Mixing compat1193plus.FireballEntityMixin from pehkui.mixins.json into net.minecraft.world.entity.projectile.LargeFireball
[01May2025 16:07:58.436] [main/DEBUG] [mixin/]: Mixing compat1201minus.compat120plus.LlamaEntityMixin from pehkui.mixins.json into net.minecraft.world.entity.animal.horse.Llama
[01May2025 16:07:58.444] [main/DEBUG] [mixin/]: Mixing LlamaSpitEntityMixin from pehkui.mixins.json into net.minecraft.world.entity.projectile.LlamaSpit
[01May2025 16:07:58.448] [main/DEBUG] [mixin/]: Mixing compat117plus.SlimeEntityMixin from pehkui.mixins.json into net.minecraft.world.entity.monster.Slime
[01May2025 16:07:58.449] [main/DEBUG] [mixin/]: Mixing compat1204minus.compat117plus.SlimeEntityMixin from pehkui.mixins.json into net.minecraft.world.entity.monster.Slime
[01May2025 16:07:58.483] [main/DEBUG] [mixin/]: Mixing compat116plus.PigEntityMixin from pehkui.mixins.json into net.minecraft.world.entity.animal.Pig
[01May2025 16:07:58.502] [main/DEBUG] [mixin/]: Mixing PotionEntityMixin from pehkui.mixins.json into net.minecraft.world.entity.projectile.ThrownPotion
[01May2025 16:07:58.504] [main/DEBUG] [mixin/]: Mixing compat1204minus.PotionEntityMixin from pehkui.mixins.json into net.minecraft.world.entity.projectile.ThrownPotion
[01May2025 16:07:58.523] [main/DEBUG] [mixin/]: Mixing compat1201minus.EntityMountedHeightOffsetMixin from pehkui.mixins.json into net.minecraft.world.entity.monster.Ravager
[01May2025 16:07:58.532] [main/DEBUG] [mixin/]: Mixing compat117plus.ShulkerEntityMixin from pehkui.mixins.json into net.minecraft.world.entity.monster.Shulker
[01May2025 16:07:58.532] [main/DEBUG] [mixin/]: Mixing compat1204minus.ShulkerEntityMixin from pehkui.mixins.json into net.minecraft.world.entity.monster.Shulker
[01May2025 16:07:58.544] [main/DEBUG] [mixin/]: Mixing compat1201minus.SkeletonHorseEntityMixin from pehkui.mixins.json into net.minecraft.world.entity.animal.horse.SkeletonHorse
[01May2025 16:07:58.547] [main/DEBUG] [net.minecraftforge.coremod.transformer.CoreModBaseTransformer/COREMOD]: Transforming net/minecraft/world/entity/animal/horse/SkeletonTrapGoal
[01May2025 16:07:58.577] [main/DEBUG] [net.minecraftforge.coremod.transformer.CoreModBaseTransformer/COREMOD]: Transforming net/minecraft/world/entity/monster/Strider
[01May2025 16:07:58.681] [main/DEBUG] [mixin/]: Mixing ServerPlayerEntityMixin from pehkui.mixins.json into net.minecraft.server.level.ServerPlayer
[01May2025 16:07:58.682] [main/DEBUG] [mixin/]: Mixing entities.ServerPlayerAccessor from the_bumblezone-common.mixins.json into net.minecraft.server.level.ServerPlayer
[01May2025 16:07:58.682] [main/DEBUG] [mixin/]: Mixing entities.ServerPlayerMixin from the_bumblezone-common.mixins.json into net.minecraft.server.level.ServerPlayer
[01May2025 16:07:58.683] [main/DEBUG] [mixin/]: Renaming synthetic method lambda$bumblezone$hookToRecipeCrafting$0(Lnet/minecraft/server/level/ServerPlayer;Lcom/telepathicgrunt/the_bumblezone/modules/PlayerDataModule;)V to md1c81d2$lambda$bumblezone$hookToRecipeCrafting$0$0 in the_bumblezone-common.mixins.json:entities.ServerPlayerMixin
[01May2025 16:07:58.706] [main/DEBUG] [mixin/]: Mixing ClayGolemSensorMixin from takesapillage.mixins.json into net.minecraft.world.entity.ai.sensing.GolemSensor
[01May2025 16:07:58.709] [main/DEBUG] [mixin/]: Renaming synthetic method lambda$checkForNearbyClayGolem$0(Lnet/minecraft/world/entity/LivingEntity;)Z to md1c81d2$lambda$checkForNearbyClayGolem$0$0 in takesapillage.mixins.json:ClayGolemSensorMixin
[01May2025 16:07:58.731] [main/DEBUG] [mixin/]: Mixing logging.LevelChunkMixin from the_bumblezone-common.mixins.json into net.minecraft.world.level.chunk.LevelChunk
[01May2025 16:07:58.759] [main/DEBUG] [net.minecraftforge.coremod.transformer.CoreModBaseTransformer/COREMOD]: Transforming net/minecraft/world/entity/npc/Villager
[01May2025 16:07:58.883] [main/DEBUG] [mixin/]: Mixing VillagerEntityMixin from graveyard-common.mixins.json into net.minecraft.world.entity.npc.Villager
[01May2025 16:07:58.884] [main/DEBUG] [mixin/]: Mixing compat116plus.VillagerEntityMixin from pehkui.mixins.json into net.minecraft.world.entity.npc.Villager
[01May2025 16:07:58.916] [main/DEBUG] [mixin/]: Mixing WanderingTraderEntityMixin from graveyard-common.mixins.json into net.minecraft.world.entity.npc.WanderingTrader
[01May2025 16:07:58.937] [main/DEBUG] [mixin/]: Mixing compat116plus.FishingBobberEntityMixin from pehkui.mixins.json into net.minecraft.world.entity.projectile.FishingHook
[01May2025 16:07:58.938] [main/DEBUG] [mixin/]: Mixing entities.FishingHookMixin from the_bumblezone-common.mixins.json into net.minecraft.world.entity.projectile.FishingHook
[01May2025 16:07:58.958] [main/DEBUG] [net.minecraftforge.coremod.transformer.CoreModBaseTransformer/COREMOD]: Transforming net/minecraft/world/effect/MobEffectInstance
[01May2025 16:07:58.959] [main/DEBUG] [mixin/]: Mixing effects.MobEffectInstanceAccessor from the_bumblezone-common.mixins.json into net.minecraft.world.effect.MobEffectInstance
[01May2025 16:07:58.991] [main/DEBUG] [mixin/]: Mixing ServerPlayNetworkHandlerMixin from graveyard-common.mixins.json into net.minecraft.server.network.ServerGamePacketListenerImpl
[01May2025 16:07:58.993] [main/DEBUG] [mixin/]: Mixing ServerPlayNetworkHandlerMixin from pehkui.mixins.json into net.minecraft.server.network.ServerGamePacketListenerImpl
[01May2025 16:07:58.994] [main/DEBUG] [mixin/]: Mixing compat1204minus.ServerPlayNetworkHandlerMixin from pehkui.mixins.json into net.minecraft.server.network.ServerGamePacketListenerImpl
[01May2025 16:07:58.995] [main/DEBUG] [mixin/]: Mixing reach.compat1204minus.ServerPlayNetworkHandlerMixin from pehkui.mixins.json into net.minecraft.server.network.ServerGamePacketListenerImpl
[01May2025 16:07:58.996] [main/DEBUG] [mixin/]: Mixing reach.compat1204minus.compat119plus.ServerPlayNetworkHandlerMixin from pehkui.mixins.json into net.minecraft.server.network.ServerGamePacketListenerImpl
[01May2025 16:07:58.996] [main/DEBUG] [mixin/]: Mixing entities.ServerGamePacketListenerImplMixin from the_bumblezone-common.mixins.json into net.minecraft.server.network.ServerGamePacketListenerImpl
[01May2025 16:07:58.997] [main/DEBUG] [mixin/]: Mixing gameplay.ServerGamePacketListenerImplAccessor from the_bumblezone-common.mixins.json into net.minecraft.server.network.ServerGamePacketListenerImpl
[01May2025 16:07:59.027] [main/DEBUG] [mixin/]: Mixing containers.PotionBrewingAccessor from the_bumblezone-common.mixins.json into net.minecraft.world.item.alchemy.PotionBrewing
[01May2025 16:07:59.027] [main/DEBUG] [mixin/]: Renaming @Invoker method bumblezone$callAddMix(Lnet/minecraft/world/item/alchemy/Potion;Lnet/minecraft/world/item/Item;Lnet/minecraft/world/item/alchemy/Potion;)V to bumblezone$callAddMix_$md$1c81d2$0 in the_bumblezone-common.mixins.json:containers.PotionBrewingAccessor
[01May2025 16:07:59.042] [main/DEBUG] [mixin/]: Mixing EntitySelectorOptionsInvoker from pehkui.mixins.json into net.minecraft.commands.arguments.selector.options.EntitySelectorOptions
[01May2025 16:07:59.042] [main/DEBUG] [mixin/]: Renaming @Invoker method callPutOption(Ljava/lang/String;Lnet/minecraft/commands/arguments/selector/options/EntitySelectorOptions$Modifier;Ljava/util/function/Predicate;Lnet/minecraft/network/chat/Component;)V to callPutOption_$md$1c81d2$0 in pehkui.mixins.json:EntitySelectorOptionsInvoker
[01May2025 16:07:59.042] [main/DEBUG] [mixin/]: Mixing EntitySelectorOptionsMixin from pehkui.mixins.json into net.minecraft.commands.arguments.selector.options.EntitySelectorOptions
[01May2025 16:07:59.054] [main/DEBUG] [mixin/]: Mixing EntitySelectorReaderMixin from pehkui.mixins.json into net.minecraft.commands.arguments.selector.EntitySelectorParser
[01May2025 16:07:59.226] [main/DEBUG] [mixin/]: Renaming synthetic method lambda$pehkui$buildPredicate$1(Lvirtuoel/pehkui/api/ScaleType;Lnet/minecraft/world/entity/Entity;)Z to md1c81d2$lambda$pehkui$buildPredicate$1$0 in pehkui.mixins.json:EntitySelectorReaderMixin
[01May2025 16:07:59.226] [main/DEBUG] [mixin/]: Renaming synthetic method lambda$pehkui$buildPredicate$0(Lvirtuoel/pehkui/api/ScaleType;Lnet/minecraft/world/entity/Entity;)Z to md1c81d2$lambda$pehkui$buildPredicate$0$1 in pehkui.mixins.json:EntitySelectorReaderMixin
[01May2025 16:07:59.289] [main/DEBUG] [mixin/]: Mixing compat1204minus.compat117plus.ViewerCountManagerMixin from pehkui.mixins.json into net.minecraft.world.level.block.entity.ContainerOpenersCounter
[01May2025 16:07:59.307] [main/DEBUG] [mixin/]: Mixing StructureProcessorAccessor from cataclysm.mixins.json into net.minecraft.world.level.levelgen.structure.templatesystem.StructureProcessor
[01May2025 16:07:59.307] [main/DEBUG] [mixin/]: Mixing world.StructureProcessorAccessor from the_bumblezone-common.mixins.json into net.minecraft.world.level.levelgen.structure.templatesystem.StructureProcessor
[01May2025 16:07:59.339] [main/DEBUG] [mixin/]: Mixing ChunkGeneratorMixin from citadel.mixins.json into net.minecraft.world.level.chunk.ChunkGenerator
[01May2025 16:07:59.340] [main/DEBUG] [net.minecraftforge.coremod.transformer.CoreModBaseTransformer/COREMOD]: Transforming net/minecraft/world/level/biome/Biome
[01May2025 16:07:59.396] [main/DEBUG] [mixin/]: Mixing MixinInventory from curios.mixins.json into net.minecraft.world.entity.player.Inventory
[01May2025 16:07:59.427] [main/DEBUG] [mixin/]: Mixing containers.ShapedRecipeAccessor from the_bumblezone-common.mixins.json into net.minecraft.world.item.crafting.ShapedRecipe
[01May2025 16:07:59.431] [main/DEBUG] [mixin/]: Renaming @Invoker method bumblezone$callDissolvePattern([Ljava/lang/String;Ljava/util/Map;II)Lnet/minecraft/core/NonNullList; to bumblezone$callDissolvePattern_$md$1c81d2$0 in the_bumblezone-common.mixins.json:containers.ShapedRecipeAccessor
[01May2025 16:07:59.432] [main/DEBUG] [mixin/]: Renaming @Invoker method bumblezone$callPatternFromJson(Lcom/google/gson/JsonArray;)[Ljava/lang/String; to bumblezone$callPatternFromJson_$md$1c81d2$1 in the_bumblezone-common.mixins.json:containers.ShapedRecipeAccessor
[01May2025 16:07:59.433] [main/DEBUG] [mixin/]: Renaming @Invoker method bumblezone$callKeyFromJson(Lcom/google/gson/JsonObject;)Ljava/util/Map; to bumblezone$callKeyFromJson_$md$1c81d2$2 in the_bumblezone-common.mixins.json:containers.ShapedRecipeAccessor
[01May2025 16:07:59.434] [main/DEBUG] [mixin/]: Renaming @Invoker method bumblezone$callShrink([Ljava/lang/String;)[Ljava/lang/String; to bumblezone$callShrink_$md$1c81d2$3 in the_bumblezone-common.mixins.json:containers.ShapedRecipeAccessor
[01May2025 16:07:59.788] [main/DEBUG] [mixin/]: Mixing OperationArgumentTypeAccessor from pehkui.mixins.json into net.minecraft.commands.arguments.OperationArgument
[01May2025 16:07:59.789] [main/DEBUG] [mixin/]: Renaming @Accessor method getInvalidOperationException()Lcom/mojang/brigadier/exceptions/SimpleCommandExceptionType; to getInvalidOperationException_$md$1c81d2$0 in pehkui.mixins.json:OperationArgumentTypeAccessor
[01May2025 16:07:59.789] [main/DEBUG] [mixin/]: Renaming @Accessor method getDivisionZeroException()Lcom/mojang/brigadier/exceptions/SimpleCommandExceptionType; to getDivisionZeroException_$md$1c81d2$1 in pehkui.mixins.json:OperationArgumentTypeAccessor
[01May2025 16:07:59.840] [main/DEBUG] [mixin/]: Mixing loot.LootContextAccessor from the_bumblezone-common.mixins.json into net.minecraft.world.level.storage.loot.LootContext
[01May2025 16:07:59.871] [main/DEBUG] [mixin/]: Mixing MixinApplyBonusCount from curios.mixins.json into net.minecraft.world.level.storage.loot.functions.ApplyBonusCount
[01May2025 16:07:59.944] [main/DEBUG] [mixin/]: Mixing util.WeightedRandomListAccessor from the_bumblezone-common.mixins.json into net.minecraft.util.random.WeightedRandomList
[01May2025 16:08:00.099] [main/DEBUG] [mixin/]: Mixing TreeFeatureMixin from graveyard-common.mixins.json into net.minecraft.world.level.levelgen.feature.TreeFeature
[01May2025 16:08:00.127] [main/DEBUG] [mixin/]: Mixing NoMultifaceGrowthFeatureInStructuresMixin from cataclysm.mixins.json into net.minecraft.world.level.levelgen.feature.MultifaceGrowthFeature
[01May2025 16:08:00.135] [main/DEBUG] [mixin/]: Mixing NoMagmaBlockInStructuresMixin from cataclysm.mixins.json into net.minecraft.world.level.levelgen.feature.UnderwaterMagmaFeature
[01May2025 16:08:00.141] [main/DEBUG] [mixin/]: Mixing LakeFeatureMixin from graveyard-common.mixins.json into net.minecraft.world.level.levelgen.feature.LakeFeature
[01May2025 16:08:00.142] [main/DEBUG] [mixin/]: Mixing NoLakesInStructuresMixin from cataclysm.mixins.json into net.minecraft.world.level.levelgen.feature.LakeFeature
[01May2025 16:08:00.144] [main/DEBUG] [net.minecraftforge.coremod.transformer.CoreModBaseTransformer/COREMOD]: Transforming net/minecraft/world/level/levelgen/structure/Structure
[01May2025 16:08:00.155] [main/DEBUG] [mixin/]: Mixing NoOreInStructuresMixin from cataclysm.mixins.json into net.minecraft.world.level.levelgen.feature.OreFeature
[01May2025 16:08:00.176] [main/DEBUG] [mixin/]: Mixing NoBasaltColumnsInStructuresMixin from cataclysm.mixins.json into net.minecraft.world.level.levelgen.feature.BasaltColumnsFeature
[01May2025 16:08:00.185] [main/DEBUG] [mixin/]: Mixing NoDeltasInStructuresMixin from cataclysm.mixins.json into net.minecraft.world.level.levelgen.feature.DeltaFeature
[01May2025 16:08:00.198] [main/DEBUG] [mixin/]: Mixing NoGeodeInStructuresMixin from cataclysm.mixins.json into net.minecraft.world.level.levelgen.feature.GeodeFeature
[01May2025 16:08:00.371] [main/DEBUG] [net.minecraftforge.coremod.transformer.CoreModBaseTransformer/COREMOD]: Transforming net/minecraft/world/level/levelgen/structure/Structure
[01May2025 16:08:00.414] [main/DEBUG] [net.minecraftforge.coremod.transformer.CoreModBaseTransformer/COREMOD]: Transforming net/minecraft/world/level/levelgen/structure/structures/OceanRuinPieces$OceanRuinPiece
[01May2025 16:08:00.459] [main/DEBUG] [net.minecraftforge.coremod.transformer.CoreModBaseTransformer/COREMOD]: Transforming net/minecraft/world/level/levelgen/structure/structures/SwampHutPiece
[01May2025 16:08:00.478] [main/DEBUG] [net.minecraftforge.coremod.transformer.CoreModBaseTransformer/COREMOD]: Transforming net/minecraft/world/level/levelgen/structure/structures/OceanMonumentPieces$OceanMonumentPiece
[01May2025 16:08:00.535] [main/DEBUG] [net.minecraftforge.coremod.transformer.CoreModBaseTransformer/COREMOD]: Transforming net/minecraft/world/level/levelgen/structure/structures/WoodlandMansionPieces$WoodlandMansionPiece
[01May2025 16:08:00.602] [main/DEBUG] [mixin/]: Mixing accessor.StructureTemplatePoolAccessor from cataclysm.mixins.json into net.minecraft.world.level.levelgen.structure.pools.StructureTemplatePool
[01May2025 16:08:00.604] [main/DEBUG] [mixin/]: Mixing world.StructurePoolAccessor from the_bumblezone-common.mixins.json into net.minecraft.world.level.levelgen.structure.pools.StructureTemplatePool
[01May2025 16:08:00.700] [main/DEBUG] [net.minecraftforge.coremod.transformer.CoreModBaseTransformer/COREMOD]: Transforming net/minecraft/world/level/biome/Biome
[01May2025 16:08:00.786] [main/DEBUG] [mixin/]: Mixing NoiseGeneratorSettingsMixin from citadel.mixins.json into net.minecraft.world.level.levelgen.NoiseGeneratorSettings
[01May2025 16:08:00.787] [main/DEBUG] [mixin/]: Mixing world.NoiseGeneratorSettingsAccessor from the_bumblezone-common.mixins.json into net.minecraft.world.level.levelgen.NoiseGeneratorSettings
[01May2025 16:08:00.907] [main/DEBUG] [mixin/]: Mixing accessor.SinglePoolElementAccessor from cataclysm.mixins.json into net.minecraft.world.level.levelgen.structure.pools.SinglePoolElement
[01May2025 16:08:00.908] [main/DEBUG] [mixin/]: Mixing world.SinglePoolElementAccessor from the_bumblezone-common.mixins.json into net.minecraft.world.level.levelgen.structure.pools.SinglePoolElement
[01May2025 16:08:00.914] [main/DEBUG] [mixin/]: Mixing accessor.ListPoolElementAccessor from cataclysm.mixins.json into net.minecraft.world.level.levelgen.structure.pools.ListPoolElement
[01May2025 16:08:00.918] [main/DEBUG] [mixin/]: Mixing accessor.FeaturePoolElementAccessor from cataclysm.mixins.json into net.minecraft.world.level.levelgen.structure.pools.FeaturePoolElement
[01May2025 16:08:01.287] [main/DEBUG] [net.minecraftforge.common.ForgeI18n/CORE]: Loading I18N data entries: 6430
[01May2025 16:08:01.311] [main/DEBUG] [net.minecraftforge.fml.ModWorkManager/LOADING]: Using 2 threads for parallel mod-loading
[01May2025 16:08:01.318] [main/DEBUG] [net.minecraftforge.fml.javafmlmod.FMLJavaModLanguageProvider/LOADING]: Loading FMLModContainer from classloader cpw.mods.modlauncher.TransformingClassLoader@34332b8d - got cpw.mods.cl.ModuleClassLoader@732bb66d
[01May2025 16:08:01.318] [main/DEBUG] [net.minecraftforge.fml.javafmlmod.FMLModContainer/LOADING]: Creating FMLModContainer instance for net.mcreator.sonsofsins.SonsOfSinsMod
[01May2025 16:08:01.323] [main/DEBUG] [net.minecraftforge.fml.javafmlmod.FMLJavaModLanguageProvider/LOADING]: Loading FMLModContainer from classloader cpw.mods.modlauncher.TransformingClassLoader@34332b8d - got cpw.mods.cl.ModuleClassLoader@732bb66d
[01May2025 16:08:01.323] [main/DEBUG] [net.minecraftforge.fml.javafmlmod.FMLModContainer/LOADING]: Creating FMLModContainer instance for com.bobmowzie.mowziesmobs.MowziesMobs
[01May2025 16:08:01.324] [main/DEBUG] [net.minecraftforge.fml.javafmlmod.FMLJavaModLanguageProvider/LOADING]: Loading FMLModContainer from classloader cpw.mods.modlauncher.TransformingClassLoader@34332b8d - got cpw.mods.cl.ModuleClassLoader@732bb66d
[01May2025 16:08:01.325] [main/DEBUG] [net.minecraftforge.fml.javafmlmod.FMLModContainer/LOADING]: Creating FMLModContainer instance for software.bernie.example.GeckoLibMod
[01May2025 16:08:01.325] [main/DEBUG] [net.minecraftforge.fml.javafmlmod.FMLJavaModLanguageProvider/LOADING]: Loading FMLModContainer from classloader cpw.mods.modlauncher.TransformingClassLoader@34332b8d - got cpw.mods.cl.ModuleClassLoader@732bb66d
[01May2025 16:08:01.325] [main/DEBUG] [net.minecraftforge.fml.javafmlmod.FMLModContainer/LOADING]: Creating FMLModContainer instance for com.eeeab.eeeabsmobs.EEEABMobs
[01May2025 16:08:01.326] [main/DEBUG] [net.minecraftforge.fml.javafmlmod.FMLJavaModLanguageProvider/LOADING]: Loading FMLModContainer from classloader cpw.mods.modlauncher.TransformingClassLoader@34332b8d - got cpw.mods.cl.ModuleClassLoader@732bb66d
[01May2025 16:08:01.326] [main/DEBUG] [net.minecraftforge.fml.javafmlmod.FMLModContainer/LOADING]: Creating FMLModContainer instance for net.mcreator.dwds.CallOfDrownerMod
[01May2025 16:08:01.327] [main/DEBUG] [net.minecraftforge.fml.javafmlmod.FMLJavaModLanguageProvider/LOADING]: Loading FMLModContainer from classloader cpw.mods.modlauncher.TransformingClassLoader@34332b8d - got cpw.mods.cl.ModuleClassLoader@732bb66d
[01May2025 16:08:01.327] [main/DEBUG] [net.minecraftforge.fml.javafmlmod.FMLModContainer/LOADING]: Creating FMLModContainer instance for com.lion.graveyard.forge.GraveyardForge
[01May2025 16:08:01.328] [main/DEBUG] [net.minecraftforge.fml.javafmlmod.FMLJavaModLanguageProvider/LOADING]: Loading FMLModContainer from classloader cpw.mods.modlauncher.TransformingClassLoader@34332b8d - got cpw.mods.cl.ModuleClassLoader@732bb66d
[01May2025 16:08:01.328] [main/DEBUG] [net.minecraftforge.fml.javafmlmod.FMLModContainer/LOADING]: Creating FMLModContainer instance for virtuoel.pehkui.Pehkui
[01May2025 16:08:01.328] [main/DEBUG] [net.minecraftforge.fml.javafmlmod.FMLJavaModLanguageProvider/LOADING]: Loading FMLModContainer from classloader cpw.mods.modlauncher.TransformingClassLoader@34332b8d - got cpw.mods.cl.ModuleClassLoader@732bb66d
[01May2025 16:08:01.329] [main/DEBUG] [net.minecraftforge.fml.javafmlmod.FMLModContainer/LOADING]: Creating FMLModContainer instance for net.mcreator.borninchaosv.BornInChaosV1Mod
[01May2025 16:08:01.329] [main/DEBUG] [net.minecraftforge.fml.javafmlmod.FMLJavaModLanguageProvider/LOADING]: Loading FMLModContainer from classloader cpw.mods.modlauncher.TransformingClassLoader@34332b8d - got cpw.mods.cl.ModuleClassLoader@732bb66d
[01May2025 16:08:01.330] [main/DEBUG] [net.minecraftforge.fml.javafmlmod.FMLModContainer/LOADING]: Creating FMLModContainer instance for com.github.L_Ender.lionfishapi.LionfishAPI
[01May2025 16:08:01.330] [main/DEBUG] [net.minecraftforge.fml.javafmlmod.FMLJavaModLanguageProvider/LOADING]: Loading FMLModContainer from classloader cpw.mods.modlauncher.TransformingClassLoader@34332b8d - got cpw.mods.cl.ModuleClassLoader@732bb66d
[01May2025 16:08:01.331] [main/DEBUG] [net.minecraftforge.fml.javafmlmod.FMLModContainer/LOADING]: Creating FMLModContainer instance for com.obscuria.obscureapi.ObscureAPI
[01May2025 16:08:01.332] [main/DEBUG] [net.minecraftforge.fml.javafmlmod.FMLJavaModLanguageProvider/LOADING]: Loading FMLModContainer from classloader cpw.mods.modlauncher.TransformingClassLoader@34332b8d - got cpw.mods.cl.ModuleClassLoader@732bb66d
[01May2025 16:08:01.332] [main/DEBUG] [net.minecraftforge.fml.javafmlmod.FMLModContainer/LOADING]: Creating FMLModContainer instance for com.github.L_Ender.cataclysm.Cataclysm
[01May2025 16:08:01.333] [main/DEBUG] [net.minecraftforge.fml.javafmlmod.FMLJavaModLanguageProvider/LOADING]: Loading FMLModContainer from classloader cpw.mods.modlauncher.TransformingClassLoader@34332b8d - got cpw.mods.cl.ModuleClassLoader@732bb66d
[01May2025 16:08:01.333] [main/DEBUG] [net.minecraftforge.fml.javafmlmod.FMLModContainer/LOADING]: Creating FMLModContainer instance for top.theillusivec4.curios.Curios
[01May2025 16:08:01.333] [main/DEBUG] [net.minecraftforge.fml.javafmlmod.FMLJavaModLanguageProvider/LOADING]: Loading FMLModContainer from classloader cpw.mods.modlauncher.TransformingClassLoader@34332b8d - got cpw.mods.cl.ModuleClassLoader@732bb66d
[01May2025 16:08:01.334] [main/DEBUG] [net.minecraftforge.fml.javafmlmod.FMLModContainer/LOADING]: Creating FMLModContainer instance for com.cerbon.cerbons_api.CerbonsApi
[01May2025 16:08:01.334] [main/DEBUG] [net.minecraftforge.fml.javafmlmod.FMLJavaModLanguageProvider/LOADING]: Loading FMLModContainer from classloader cpw.mods.modlauncher.TransformingClassLoader@34332b8d - got cpw.mods.cl.ModuleClassLoader@732bb66d
[01May2025 16:08:01.334] [main/DEBUG] [net.minecraftforge.fml.javafmlmod.FMLModContainer/LOADING]: Creating FMLModContainer instance for com.github.alexthe666.citadel.Citadel
[01May2025 16:08:01.335] [main/DEBUG] [net.minecraftforge.fml.javafmlmod.FMLJavaModLanguageProvider/LOADING]: Loading FMLModContainer from classloader cpw.mods.modlauncher.TransformingClassLoader@34332b8d - got cpw.mods.cl.ModuleClassLoader@732bb66d
[01May2025 16:08:01.335] [main/DEBUG] [net.minecraftforge.fml.javafmlmod.FMLModContainer/LOADING]: Creating FMLModContainer instance for net.miauczel.legendary_monsters.LegendaryMonsters
[01May2025 16:08:01.337] [main/DEBUG] [net.minecraftforge.fml.lowcodemod.LowCodeModLanguageProvider.LowCodeModTarget/LOADING]: Loading LowCodeModContainer from classloader cpw.mods.modlauncher.TransformingClassLoader@34332b8d - got cpw.mods.cl.ModuleClassLoader@732bb66d
[01May2025 16:08:01.337] [main/DEBUG] [net.minecraftforge.fml.lowcodemod.LowCodeModContainer/LOADING]: Creating LowCodeModContainer for mr_dungeons_andtaverns
[01May2025 16:08:01.337] [main/DEBUG] [net.minecraftforge.fml.javafmlmod.FMLJavaModLanguageProvider/LOADING]: Loading FMLModContainer from classloader cpw.mods.modlauncher.TransformingClassLoader@34332b8d - got cpw.mods.cl.ModuleClassLoader@732bb66d
[01May2025 16:08:01.338] [main/DEBUG] [net.minecraftforge.fml.javafmlmod.FMLModContainer/LOADING]: Creating FMLModContainer instance for com.llamalad7.mixinextras.platform.forge.MixinExtrasMod
[01May2025 16:08:01.339] [main/DEBUG] [net.minecraftforge.fml.javafmlmod.FMLJavaModLanguageProvider/LOADING]: Loading FMLModContainer from classloader cpw.mods.modlauncher.TransformingClassLoader@34332b8d - got cpw.mods.cl.ModuleClassLoader@732bb66d
[01May2025 16:08:01.339] [main/DEBUG] [net.minecraftforge.fml.javafmlmod.FMLModContainer/LOADING]: Creating FMLModContainer instance for net.mcreator.callofyucutan.CallOfYucutanMod
[01May2025 16:08:01.340] [main/DEBUG] [net.minecraftforge.fml.javafmlmod.FMLJavaModLanguageProvider/LOADING]: Loading FMLModContainer from classloader cpw.mods.modlauncher.TransformingClassLoader@34332b8d - got cpw.mods.cl.ModuleClassLoader@732bb66d
[01May2025 16:08:01.340] [main/DEBUG] [net.minecraftforge.fml.javafmlmod.FMLModContainer/LOADING]: Creating FMLModContainer instance for tallestegg.guardvillagers.GuardVillagers
[01May2025 16:08:01.340] [main/DEBUG] [net.minecraftforge.fml.javafmlmod.FMLJavaModLanguageProvider/LOADING]: Loading FMLModContainer from classloader cpw.mods.modlauncher.TransformingClassLoader@34332b8d - got cpw.mods.cl.ModuleClassLoader@732bb66d
[01May2025 16:08:01.341] [main/DEBUG] [net.minecraftforge.fml.javafmlmod.FMLModContainer/LOADING]: Creating FMLModContainer instance for com.izofar.takesapillage.TakesAPillageMod
[01May2025 16:08:01.341] [main/DEBUG] [net.minecraftforge.fml.javafmlmod.FMLJavaModLanguageProvider/LOADING]: Loading FMLModContainer from classloader cpw.mods.modlauncher.TransformingClassLoader@34332b8d - got cpw.mods.cl.ModuleClassLoader@732bb66d
[01May2025 16:08:01.342] [main/DEBUG] [net.minecraftforge.fml.javafmlmod.FMLModContainer/LOADING]: Creating FMLModContainer instance for net.mcreator.animatedmobsmod.AnimatedmobsmodMod
[01May2025 16:08:01.342] [main/DEBUG] [net.minecraftforge.fml.javafmlmod.FMLJavaModLanguageProvider/LOADING]: Loading FMLModContainer from classloader cpw.mods.modlauncher.TransformingClassLoader@34332b8d - got cpw.mods.cl.ModuleClassLoader@732bb66d
[01May2025 16:08:01.342] [main/DEBUG] [net.minecraftforge.fml.javafmlmod.FMLModContainer/LOADING]: Creating FMLModContainer instance for com.cerbon.bosses_of_mass_destruction.BossesOfMassDestruction
[01May2025 16:08:01.343] [main/DEBUG] [net.minecraftforge.fml.javafmlmod.FMLJavaModLanguageProvider/LOADING]: Loading FMLModContainer from classloader cpw.mods.modlauncher.TransformingClassLoader@34332b8d - got cpw.mods.cl.ModuleClassLoader@732bb66d
[01May2025 16:08:01.343] [main/DEBUG] [net.minecraftforge.fml.javafmlmod.FMLModContainer/LOADING]: Creating FMLModContainer instance for com.telepathicgrunt.the_bumblezone.forge.BumblezoneForge
[01May2025 16:08:01.345] [main/DEBUG] [net.minecraftforge.fml.javafmlmod.FMLJavaModLanguageProvider/LOADING]: Loading FMLModContainer from classloader cpw.mods.modlauncher.TransformingClassLoader@34332b8d - got cpw.mods.cl.ModuleClassLoader@732bb66d
[01May2025 16:08:01.346] [main/DEBUG] [net.minecraftforge.fml.javafmlmod.FMLModContainer/LOADING]: Creating FMLModContainer instance for net.fadedconquest2.FadedConquest2Mod
[01May2025 16:08:01.346] [main/DEBUG] [net.minecraftforge.fml.javafmlmod.FMLJavaModLanguageProvider/LOADING]: Loading FMLModContainer from classloader cpw.mods.modlauncher.TransformingClassLoader@34332b8d - got cpw.mods.cl.ModuleClassLoader@732bb66d
[01May2025 16:08:01.347] [main/DEBUG] [net.minecraftforge.fml.javafmlmod.FMLModContainer/LOADING]: Creating FMLModContainer instance for com.yellowbrossproductions.illageandspillage.IllageAndSpillage
[01May2025 16:08:01.347] [main/DEBUG] [net.minecraftforge.fml.javafmlmod.FMLJavaModLanguageProvider/LOADING]: Loading FMLModContainer from classloader cpw.mods.modlauncher.TransformingClassLoader@34332b8d - got cpw.mods.cl.ModuleClassLoader@732bb66d
[01May2025 16:08:01.348] [main/DEBUG] [net.minecraftforge.fml.javafmlmod.FMLModContainer/LOADING]: Creating FMLModContainer instance for me.shedaniel.clothconfig.ClothConfigForge
[01May2025 16:08:01.348] [main/DEBUG] [net.minecraftforge.fml.javafmlmod.FMLJavaModLanguageProvider/LOADING]: Loading FMLModContainer from classloader cpw.mods.modlauncher.TransformingClassLoader@34332b8d - got cpw.mods.cl.ModuleClassLoader@732bb66d
[01May2025 16:08:01.348] [main/DEBUG] [net.minecraftforge.fml.javafmlmod.FMLModContainer/LOADING]: Creating FMLModContainer instance for net.minecraftforge.common.ForgeMod
[01May2025 16:08:01.351] [main/DEBUG] [net.minecraftforge.fml.javafmlmod.FMLJavaModLanguageProvider/LOADING]: Loading FMLModContainer from classloader cpw.mods.modlauncher.TransformingClassLoader@34332b8d - got cpw.mods.cl.ModuleClassLoader@732bb66d
[01May2025 16:08:01.351] [main/DEBUG] [net.minecraftforge.fml.javafmlmod.FMLModContainer/LOADING]: Creating FMLModContainer instance for org.tlauncher.forge.ForgeMod
[01May2025 16:08:01.352] [main/DEBUG] [net.minecraftforge.fml.javafmlmod.FMLJavaModLanguageProvider/LOADING]: Loading FMLModContainer from classloader cpw.mods.modlauncher.TransformingClassLoader@34332b8d - got cpw.mods.cl.ModuleClassLoader@732bb66d
[01May2025 16:08:01.352] [main/DEBUG] [net.minecraftforge.fml.javafmlmod.FMLModContainer/LOADING]: Creating FMLModContainer instance for earth.terrarium.athena.forge.AthenaForge
[01May2025 16:08:01.352] [main/DEBUG] [net.minecraftforge.fml.javafmlmod.FMLJavaModLanguageProvider/LOADING]: Loading FMLModContainer from classloader cpw.mods.modlauncher.TransformingClassLoader@34332b8d - got cpw.mods.cl.ModuleClassLoader@732bb66d
[01May2025 16:08:01.353] [main/DEBUG] [net.minecraftforge.fml.javafmlmod.FMLModContainer/LOADING]: Creating FMLModContainer instance for com.obscuria.aquamirae.Aquamirae
[01May2025 16:08:01.354] [main/DEBUG] [net.minecraftforge.fml.javafmlmod.FMLJavaModLanguageProvider/LOADING]: Loading FMLModContainer from classloader cpw.mods.modlauncher.TransformingClassLoader@34332b8d - got cpw.mods.cl.ModuleClassLoader@732bb66d
[01May2025 16:08:01.354] [main/DEBUG] [net.minecraftforge.fml.javafmlmod.FMLModContainer/LOADING]: Creating FMLModContainer instance for net.mcreator.hsbosses.HsBossesMod
[01May2025 16:08:01.355] [main/DEBUG] [net.minecraftforge.fml.javafmlmod.FMLJavaModLanguageProvider/LOADING]: Loading FMLModContainer from classloader cpw.mods.modlauncher.TransformingClassLoader@34332b8d - got cpw.mods.cl.ModuleClassLoader@732bb66d
[01May2025 16:08:01.355] [main/DEBUG] [net.minecraftforge.fml.javafmlmod.FMLModContainer/LOADING]: Creating FMLModContainer instance for net.aurelj.dungeons_arise.DungeonsAriseMain
[01May2025 16:08:01.725] [modloading-worker-0/DEBUG] [net.minecraftforge.fml.javafmlmod.AutomaticEventSubscriber/LOADING]: Attempting to inject @EventBusSubscriber classes into the eventbus for sons_of_sins
[01May2025 16:08:01.735] [modloading-worker-0/DEBUG] [net.minecraftforge.fml.config.ConfigTracker/CONFIG]: Config file mowziesmobs-common.toml for mowziesmobs tracking
[01May2025 16:08:01.735] [modloading-worker-0/DEBUG] [net.minecraftforge.fml.javafmlmod.AutomaticEventSubscriber/LOADING]: Auto-subscribing net.mcreator.sonsofsins.procedures.WhenEntityDieProcedure to FORGE
[01May2025 16:08:01.748] [modloading-worker-0/DEBUG] [net.minecraftforge.fml.javafmlmod.AutomaticEventSubscriber/LOADING]: Auto-subscribing net.mcreator.sonsofsins.procedures.WhenEntityDie2Procedure to FORGE
[01May2025 16:08:01.753] [modloading-worker-0/DEBUG] [net.minecraftforge.fml.javafmlmod.AutomaticEventSubscriber/LOADING]: Auto-subscribing net.mcreator.sonsofsins.procedures.ShapeShiftingToolsBreakProcedure to FORGE
[01May2025 16:08:01.759] [modloading-worker-0/DEBUG] [net.minecraftforge.fml.javafmlmod.AutomaticEventSubscriber/LOADING]: Auto-subscribing net.mcreator.sonsofsins.procedures.ShapeShiftingToolChangeProcedure to FORGE
[01May2025 16:08:01.764] [modloading-worker-0/DEBUG] [net.minecraftforge.fml.javafmlmod.AutomaticEventSubscriber/LOADING]: Auto-subscribing net.mcreator.sonsofsins.procedures.NReach to FORGE
[01May2025 16:08:01.767] [modloading-worker-0/DEBUG] [net.minecraftforge.fml.javafmlmod.AutomaticEventSubscriber/LOADING]: Auto-subscribing net.mcreator.sonsofsins.procedures.InstinctHurtProcedure to FORGE
[01May2025 16:08:01.775] [modloading-worker-0/DEBUG] [net.minecraftforge.fml.javafmlmod.AutomaticEventSubscriber/LOADING]: Auto-subscribing net.mcreator.sonsofsins.procedures.DamageCancelPuppetProcedure to FORGE
[01May2025 16:08:01.776] [modloading-worker-0/DEBUG] [net.minecraftforge.fml.javafmlmod.AutomaticEventSubscriber/LOADING]: Auto-subscribing net.mcreator.sonsofsins.procedures.CreeperRibsThunderingProcedure to FORGE
[01May2025 16:08:01.782] [modloading-worker-0/DEBUG] [net.minecraftforge.fml.javafmlmod.AutomaticEventSubscriber/LOADING]: Auto-subscribing net.mcreator.sonsofsins.procedures.CancelJumpGreedProcedure to FORGE
[01May2025 16:08:01.788] [modloading-worker-0/DEBUG] [net.minecraftforge.fml.javafmlmod.AutomaticEventSubscriber/LOADING]: Auto-subscribing net.mcreator.sonsofsins.init.SonsOfSinsModTabs to MOD
[01May2025 16:08:01.791] [modloading-worker-0/DEBUG] [net.minecraftforge.fml.javafmlmod.AutomaticEventSubscriber/LOADING]: Auto-subscribing net.mcreator.sonsofsins.init.SonsOfSinsModRecipeTypes to MOD
[01May2025 16:08:01.795] [modloading-worker-0/DEBUG] [net.minecraftforge.fml.javafmlmod.AutomaticEventSubscriber/LOADING]: Auto-subscribing net.mcreator.sonsofsins.init.SonsOfSinsModGameRules to MOD
[01May2025 16:08:01.813] [modloading-worker-0/DEBUG] [net.minecraftforge.fml.javafmlmod.AutomaticEventSubscriber/LOADING]: Auto-subscribing net.mcreator.sonsofsins.init.SonsOfSinsModFuels to FORGE
[01May2025 16:08:01.816] [modloading-worker-0/DEBUG] [net.minecraftforge.fml.javafmlmod.AutomaticEventSubscriber/LOADING]: Auto-subscribing net.mcreator.sonsofsins.init.SonsOfSinsModEntities to MOD
[01May2025 16:08:01.823] [modloading-worker-0/DEBUG] [net.minecraftforge.fml.javafmlmod.AutomaticEventSubscriber/LOADING]: Attempting to inject @EventBusSubscriber classes into the eventbus for geckolib
[01May2025 16:08:01.824] [modloading-worker-0/DEBUG] [net.minecraftforge.fml.javafmlmod.AutomaticEventSubscriber/LOADING]: Auto-subscribing software.bernie.example.GeckoLibMod to FORGE
[01May2025 16:08:01.824] [modloading-worker-0/DEBUG] [net.minecraftforge.fml.javafmlmod.AutomaticEventSubscriber/LOADING]: Auto-subscribing software.bernie.example.CommonListener to MOD
[01May2025 16:08:01.843] [modloading-worker-0/DEBUG] [net.minecraftforge.fml.javafmlmod.AutomaticEventSubscriber/LOADING]: Attempting to inject @EventBusSubscriber classes into the eventbus for mowziesmobs
[01May2025 16:08:01.844] [modloading-worker-0/DEBUG] [net.minecraftforge.fml.javafmlmod.AutomaticEventSubscriber/LOADING]: Auto-subscribing com.bobmowzie.mowziesmobs.server.sound.MMSounds to FORGE
[01May2025 16:08:01.844] [modloading-worker-0/DEBUG] [net.minecraftforge.fml.javafmlmod.AutomaticEventSubscriber/LOADING]: Auto-subscribing com.bobmowzie.mowziesmobs.server.inventory.ContainerHandler to MOD
[01May2025 16:08:01.844] [modloading-worker-0/DEBUG] [net.minecraftforge.fml.javafmlmod.AutomaticEventSubscriber/LOADING]: Auto-subscribing com.bobmowzie.mowziesmobs.server.entity.EntityHandler to MOD
[01May2025 16:08:01.848] [modloading-worker-0/DEBUG] [net.minecraftforge.fml.javafmlmod.AutomaticEventSubscriber/LOADING]: Auto-subscribing com.bobmowzie.mowziesmobs.server.config.ConfigHandler to MOD
[01May2025 16:08:01.848] [modloading-worker-0/DEBUG] [net.minecraftforge.fml.javafmlmod.AutomaticEventSubscriber/LOADING]: Auto-subscribing com.bobmowzie.mowziesmobs.MowziesMobs to FORGE
[01May2025 16:08:01.848] [modloading-worker-0/DEBUG] [net.minecraftforge.fml.javafmlmod.AutomaticEventSubscriber/LOADING]: Auto-subscribing com.bobmowzie.mowziesmobs.datagen.DataGenerators to MOD
[01May2025 16:08:02.027] [modloading-worker-0/DEBUG] [net.minecraftforge.fml.javafmlmod.AutomaticEventSubscriber/LOADING]: Attempting to inject @EventBusSubscriber classes into the eventbus for call_of_drowner
[01May2025 16:08:02.028] [modloading-worker-0/DEBUG] [net.minecraftforge.fml.javafmlmod.AutomaticEventSubscriber/LOADING]: Auto-subscribing net.mcreator.dwds.procedures.GoalProcedure to FORGE
[01May2025 16:08:02.029] [modloading-worker-0/DEBUG] [net.minecraftforge.fml.javafmlmod.AutomaticEventSubscriber/LOADING]: Auto-subscribing net.mcreator.dwds.init.EntityAnimationFactory to FORGE
[01May2025 16:08:02.043] [modloading-worker-0/DEBUG] [net.minecraftforge.fml.javafmlmod.AutomaticEventSubscriber/LOADING]: Auto-subscribing net.mcreator.dwds.init.CallOfDrownerModTabs to MOD
[01May2025 16:08:02.044] [modloading-worker-0/DEBUG] [net.minecraftforge.fml.javafmlmod.AutomaticEventSubscriber/LOADING]: Auto-subscribing net.mcreator.dwds.init.CallOfDrownerModEntities to MOD
[01May2025 16:08:02.124] [modloading-worker-0/DEBUG] [mixin/]: Mixing accessor.CriteriaTriggersAccessor from cataclysm.mixins.json into net.minecraft.advancements.CriteriaTriggers
[01May2025 16:08:02.125] [modloading-worker-0/DEBUG] [mixin/]: Renaming @Accessor method getValues()Ljava/util/Map; to getValues_$md$1c81d2$0 in cataclysm.mixins.json:accessor.CriteriaTriggersAccessor
[01May2025 16:08:02.166] [modloading-worker-0/DEBUG] [net.minecraftforge.fml.config.ConfigTracker/CONFIG]: Config file eeeabsmobs-common.toml for eeeabsmobs tracking
[01May2025 16:08:02.192] [modloading-worker-0/DEBUG] [net.minecraftforge.fml.javafmlmod.AutomaticEventSubscriber/LOADING]: Attempting to inject @EventBusSubscriber classes into the eventbus for eeeabsmobs
[01May2025 16:08:02.192] [modloading-worker-0/DEBUG] [net.minecraftforge.fml.javafmlmod.AutomaticEventSubscriber/LOADING]: Auto-subscribing com.eeeab.eeeabsmobs.sever.world.datagen.DataGenerators to MOD
[01May2025 16:08:02.195] [modloading-worker-0/DEBUG] [net.minecraftforge.fml.javafmlmod.AutomaticEventSubscriber/LOADING]: Auto-subscribing com.eeeab.eeeabsmobs.sever.init.EntityInit to MOD
[01May2025 16:08:02.196] [modloading-worker-0/DEBUG] [net.minecraftforge.fml.javafmlmod.AutomaticEventSubscriber/LOADING]: Auto-subscribing com.eeeab.eeeabsmobs.sever.config.EMConfigHandler to MOD
[01May2025 16:08:02.196] [modloading-worker-0/DEBUG] [net.minecraftforge.fml.javafmlmod.AutomaticEventSubscriber/LOADING]: Auto-subscribing com.eeeab.eeeabsmobs.EEEABMobs to FORGE
[01May2025 16:08:02.204] [modloading-worker-0/DEBUG] [mixin/]: Mixing pehkui.compat.ScaleTypeMixin from pehkui.mixins.json into virtuoel.pehkui.api.ScaleType
[01May2025 16:08:02.282] [modloading-worker-0/DEBUG] [net.minecraftforge.fml.config.ConfigTracker/CONFIG]: Config file pehkui-client.toml for pehkui tracking
[01May2025 16:08:02.283] [modloading-worker-0/DEBUG] [net.minecraftforge.fml.config.ConfigTracker/CONFIG]: Config file pehkui-server.toml for pehkui tracking
[01May2025 16:08:02.283] [modloading-worker-0/DEBUG] [net.minecraftforge.fml.config.ConfigTracker/CONFIG]: Config file pehkui-common.toml for pehkui tracking
[01May2025 16:08:02.314] [modloading-worker-0/DEBUG] [net.minecraftforge.fml.javafmlmod.AutomaticEventSubscriber/LOADING]: Attempting to inject @EventBusSubscriber classes into the eventbus for pehkui
[01May2025 16:08:02.517] [modloading-worker-0/INFO] [graveyard/]: Registered JSON trade offer adapter.
[01May2025 16:08:02.546] [modloading-worker-0/DEBUG] [net.minecraftforge.fml.javafmlmod.AutomaticEventSubscriber/LOADING]: Attempting to inject @EventBusSubscriber classes into the eventbus for graveyard
[01May2025 16:08:02.547] [modloading-worker-0/DEBUG] [net.minecraftforge.fml.javafmlmod.AutomaticEventSubscriber/LOADING]: Auto-subscribing com.lion.graveyard.platform.forge.HordeSpawner to FORGE
[01May2025 16:08:02.562] [modloading-worker-0/DEBUG] [net.minecraftforge.fml.javafmlmod.AutomaticEventSubscriber/LOADING]: Attempting to inject @EventBusSubscriber classes into the eventbus for lionfishapi
[01May2025 16:08:02.563] [modloading-worker-0/DEBUG] [net.minecraftforge.fml.javafmlmod.AutomaticEventSubscriber/LOADING]: Auto-subscribing com.github.L_Ender.lionfishapi.server.entity.ModEntities to MOD
[01May2025 16:08:02.566] [modloading-worker-0/DEBUG] [net.minecraftforge.fml.javafmlmod.AutomaticEventSubscriber/LOADING]: Auto-subscribing com.github.L_Ender.lionfishapi.LionfishAPI to FORGE
[01May2025 16:08:02.566] [modloading-worker-0/DEBUG] [net.minecraftforge.fml.javafmlmod.AutomaticEventSubscriber/LOADING]: Auto-subscribing com.github.L_Ender.lionfishapi.CommonProxy to MOD
[01May2025 16:08:02.578] [modloading-worker-0/ERROR] [net.minecraftforge.eventbus.EventSubclassTransformer/EVENTBUS]: Could not find parent net/minecraft/client/renderer/entity/layers/RenderLayer for class com/obscuria/obscureapi/client/renderer/PatreonLayer in classloader cpw.mods.modlauncher.TransformingClassLoader@34332b8d on thread Thread[modloading-worker-0,5,main]
[01May2025 16:08:02.578] [modloading-worker-0/ERROR] [net.minecraftforge.eventbus.EventSubclassTransformer/EVENTBUS]: An error occurred building event handler
java.lang.ClassNotFoundException: net.minecraft.client.renderer.entity.layers.RenderLayer
	at cpw.mods.cl.ModuleClassLoader.loadClass(ModuleClassLoader.java:141) ~[securejarhandler-2.1.10.jar:?]
	at java.lang.ClassLoader.loadClass(ClassLoader.java:525) ~[?:?]
	at net.minecraftforge.eventbus.EventSubclassTransformer.buildEvents(EventSubclassTransformer.java:97) ~[eventbus-6.0.5.jar%2352!/:?]
	at net.minecraftforge.eventbus.EventSubclassTransformer.transform(EventSubclassTransformer.java:48) ~[eventbus-6.0.5.jar%2352!/:?]
	at net.minecraftforge.eventbus.EventBusEngine.processClass(EventBusEngine.java:26) ~[eventbus-6.0.5.jar%2352!/:?]
	at net.minecraftforge.eventbus.service.ModLauncherService.processClassWithFlags(ModLauncherService.java:32) ~[eventbus-6.0.5.jar%2352!/:6.0.5+6.0.5+master.eb8e549b]
	at cpw.mods.modlauncher.LaunchPluginHandler.offerClassNodeToPlugins(LaunchPluginHandler.java:88) ~[modlauncher-10.0.9.jar%2355!/:?]
	at cpw.mods.modlauncher.ClassTransformer.transform(ClassTransformer.java:120) ~[modlauncher-10.0.9.jar%2355!/:?]
	at cpw.mods.modlauncher.TransformingClassLoader.maybeTransformClassBytes(TransformingClassLoader.java:50) ~[modlauncher-10.0.9.jar%2355!/:?]
	at cpw.mods.cl.ModuleClassLoader.readerToClass(ModuleClassLoader.java:113) ~[securejarhandler-2.1.10.jar:?]
	at cpw.mods.cl.ModuleClassLoader.lambda$findClass$15(ModuleClassLoader.java:219) ~[securejarhandler-2.1.10.jar:?]
	at cpw.mods.cl.ModuleClassLoader.loadFromModule(ModuleClassLoader.java:229) ~[securejarhandler-2.1.10.jar:?]
	at cpw.mods.cl.ModuleClassLoader.findClass(ModuleClassLoader.java:219) ~[securejarhandler-2.1.10.jar:?]
	at cpw.mods.cl.ModuleClassLoader.loadClass(ModuleClassLoader.java:135) ~[securejarhandler-2.1.10.jar:?]
	at java.lang.ClassLoader.loadClass(ClassLoader.java:525) ~[?:?]
	at java.lang.ClassLoader.defineClass0(Native Method) ~[?:?]
	at java.lang.System$2.defineClass(System.java:2324) ~[?:?]
	at java.lang.invoke.MethodHandles$Lookup$ClassDefiner.defineClass(MethodHandles.java:2439) ~[?:?]
	at java.lang.invoke.MethodHandles$Lookup$ClassDefiner.defineClassAsLookup(MethodHandles.java:2420) ~[?:?]
	at java.lang.invoke.MethodHandles$Lookup.defineHiddenClass(MethodHandles.java:2127) ~[?:?]
	at java.lang.invoke.InnerClassLambdaMetafactory.generateInnerClass(InnerClassLambdaMetafactory.java:407) ~[?:?]
	at java.lang.invoke.InnerClassLambdaMetafactory.spinInnerClass(InnerClassLambdaMetafactory.java:315) ~[?:?]
	at java.lang.invoke.InnerClassLambdaMetafactory.buildCallSite(InnerClassLambdaMetafactory.java:228) ~[?:?]
	at java.lang.invoke.LambdaMetafactory.metafactory(LambdaMetafactory.java:341) ~[?:?]
	at java.lang.invoke.BootstrapMethodInvoker.invoke(BootstrapMethodInvoker.java:134) ~[?:?]
	at java.lang.invoke.CallSite.makeSite(CallSite.java:315) ~[?:?]
	at java.lang.invoke.MethodHandleNatives.linkCallSiteImpl(MethodHandleNatives.java:281) ~[?:?]
	at java.lang.invoke.MethodHandleNatives.linkCallSite(MethodHandleNatives.java:271) ~[?:?]
	at com.obscuria.obscureapi.client.renderer.PatreonLayer$Mode.<clinit>(PatreonLayer.java:55) ~[obscure_api-15.jar%23151!/:com.obscuria]
	at com.obscuria.obscureapi.ObscureAPIConfig$Client.<clinit>(ObscureAPIConfig.java:28) ~[obscure_api-15.jar%23151!/:com.obscuria]
	at com.obscuria.obscureapi.ObscureAPIConfig.register(ObscureAPIConfig.java:46) ~[obscure_api-15.jar%23151!/:com.obscuria]
	at com.obscuria.obscureapi.ObscureAPI.<init>(ObscureAPI.java:69) ~[obscure_api-15.jar%23151!/:com.obscuria]
	at jdk.internal.reflect.NativeConstructorAccessorImpl.newInstance0(Native Method) ~[?:?]
	at jdk.internal.reflect.NativeConstructorAccessorImpl.newInstance(NativeConstructorAccessorImpl.java:77) ~[?:?]
	at jdk.internal.reflect.DelegatingConstructorAccessorImpl.newInstance(DelegatingConstructorAccessorImpl.java:45) ~[?:?]
	at java.lang.reflect.Constructor.newInstanceWithCaller(Constructor.java:500) ~[?:?]
	at java.lang.reflect.Constructor.newInstance(Constructor.java:481) ~[?:?]
	at net.minecraftforge.fml.javafmlmod.FMLModContainer.constructMod(FMLModContainer.java:70) ~[javafmllanguage-1.20.1-47.3.7.jar%23161!/:?]
	at net.minecraftforge.fml.ModContainer.lambda$buildTransitionHandler$4(ModContainer.java:124) ~[fmlcore-1.20.1-47.3.7.jar%23160!/:?]
	at java.util.concurrent.CompletableFuture$AsyncRun.run(CompletableFuture.java:1804) ~[?:?]
	at java.util.concurrent.CompletableFuture$AsyncRun.exec(CompletableFuture.java:1796) ~[?:?]
	at java.util.concurrent.ForkJoinTask.doExec(ForkJoinTask.java:373) ~[?:?]
	at java.util.concurrent.ForkJoinPool$WorkQueue.topLevelExec(ForkJoinPool.java:1182) ~[?:?]
	at java.util.concurrent.ForkJoinPool.scan(ForkJoinPool.java:1655) ~[?:?]
	at java.util.concurrent.ForkJoinPool.runWorker(ForkJoinPool.java:1622) ~[?:?]
	at java.util.concurrent.ForkJoinWorkerThread.run(ForkJoinWorkerThread.java:165) ~[?:?]
[01May2025 16:08:02.583] [modloading-worker-0/ERROR] [net.minecraftforge.fml.loading.RuntimeDistCleaner/DISTXFORM]: Attempted to load class com/obscuria/obscureapi/client/renderer/PatreonLayer for invalid dist DEDICATED_SERVER
[01May2025 16:08:02.595] [modloading-worker-0/DEBUG] [net.minecraftforge.fml.config.ConfigTracker/CONFIG]: Config file Obscuria/obscure-api-client.toml for obscure_api tracking
[01May2025 16:08:02.636] [modloading-worker-0/DEBUG] [net.minecraftforge.fml.javafmlmod.AutomaticEventSubscriber/LOADING]: Attempting to inject @EventBusSubscriber classes into the eventbus for obscure_api
[01May2025 16:08:02.636] [modloading-worker-0/DEBUG] [net.minecraftforge.fml.javafmlmod.AutomaticEventSubscriber/LOADING]: Auto-subscribing com.obscuria.obscureapi.registry.ObscureAPICommands to FORGE
[01May2025 16:08:02.639] [modloading-worker-0/DEBUG] [net.minecraftforge.fml.javafmlmod.AutomaticEventSubscriber/LOADING]: Auto-subscribing com.obscuria.obscureapi.network.ReloadMessage to MOD
[01May2025 16:08:02.640] [modloading-worker-0/DEBUG] [net.minecraftforge.fml.javafmlmod.AutomaticEventSubscriber/LOADING]: Auto-subscribing com.obscuria.obscureapi.network.PlayerDataCapability to MOD
[01May2025 16:08:02.651] [modloading-worker-0/DEBUG] [net.minecraftforge.fml.javafmlmod.AutomaticEventSubscriber/LOADING]: Auto-subscribing com.obscuria.obscureapi.network.PlayerDataCapability$PlayerDataProvider to FORGE
[01May2025 16:08:02.656] [modloading-worker-0/DEBUG] [net.minecraftforge.fml.javafmlmod.AutomaticEventSubscriber/LOADING]: Auto-subscribing com.obscuria.obscureapi.network.PlayerDataCapability$EventBusHandlers to FORGE
[01May2025 16:08:02.664] [modloading-worker-0/DEBUG] [net.minecraftforge.fml.javafmlmod.AutomaticEventSubscriber/LOADING]: Auto-subscribing com.obscuria.obscureapi.network.AnimationStopMessage to MOD
[01May2025 16:08:02.669] [modloading-worker-0/DEBUG] [net.minecraftforge.fml.javafmlmod.AutomaticEventSubscriber/LOADING]: Auto-subscribing com.obscuria.obscureapi.network.AnimationPlayMessage to MOD
[01May2025 16:08:02.709] [modloading-worker-0/DEBUG] [net.minecraftforge.fml.config.ConfigTracker/CONFIG]: Config file cataclysm.toml for cataclysm tracking
[01May2025 16:08:03.216] [modloading-worker-0/DEBUG] [net.minecraftforge.fml.javafmlmod.AutomaticEventSubscriber/LOADING]: Attempting to inject @EventBusSubscriber classes into the eventbus for cataclysm
[01May2025 16:08:03.219] [modloading-worker-0/DEBUG] [net.minecraftforge.fml.javafmlmod.AutomaticEventSubscriber/LOADING]: Auto-subscribing com.github.L_Ender.cataclysm.world.CMWorldRegistry to MOD
[01May2025 16:08:03.225] [modloading-worker-0/DEBUG] [net.minecraftforge.fml.javafmlmod.AutomaticEventSubscriber/LOADING]: Auto-subscribing com.github.L_Ender.cataclysm.init.ModEntities to MOD
[01May2025 16:08:03.226] [modloading-worker-0/DEBUG] [net.minecraftforge.fml.javafmlmod.AutomaticEventSubscriber/LOADING]: Auto-subscribing com.github.L_Ender.cataclysm.event.ServerEventHandler to FORGE
[01May2025 16:08:03.226] [modloading-worker-0/DEBUG] [net.minecraftforge.fml.javafmlmod.AutomaticEventSubscriber/LOADING]: Auto-subscribing com.github.L_Ender.cataclysm.CommonProxy to MOD
[01May2025 16:08:03.226] [modloading-worker-0/DEBUG] [net.minecraftforge.fml.javafmlmod.AutomaticEventSubscriber/LOADING]: Auto-subscribing com.github.L_Ender.cataclysm.Cataclysm to FORGE
[01May2025 16:08:03.257] [modloading-worker-0/DEBUG] [net.minecraftforge.fml.config.ConfigTracker/CONFIG]: Config file curios-client.toml for curios tracking
[01May2025 16:08:03.263] [modloading-worker-0/DEBUG] [net.minecraftforge.fml.config.ConfigTracker/CONFIG]: Config file curios-common.toml for curios tracking
[01May2025 16:08:03.263] [modloading-worker-0/DEBUG] [net.minecraftforge.fml.config.ConfigTracker/CONFIG]: Config file curios-server.toml for curios tracking
[01May2025 16:08:03.263] [modloading-worker-0/DEBUG] [net.minecraftforge.fml.javafmlmod.AutomaticEventSubscriber/LOADING]: Attempting to inject @EventBusSubscriber classes into the eventbus for curios
[01May2025 16:08:03.264] [modloading-worker-0/DEBUG] [net.minecraftforge.fml.javafmlmod.AutomaticEventSubscriber/LOADING]: Attempting to inject @EventBusSubscriber classes into the eventbus for cerbons_api
[01May2025 16:08:03.264] [modloading-worker-0/DEBUG] [net.minecraftforge.fml.javafmlmod.AutomaticEventSubscriber/LOADING]: Auto-subscribing com.cerbon.cerbons_api.event.ForgeEvents to FORGE
[01May2025 16:08:03.269] [modloading-worker-0/DEBUG] [net.minecraftforge.fml.javafmlmod.AutomaticEventSubscriber/LOADING]: Auto-subscribing com.cerbon.cerbons_api.event.CerbonsApiCommonEvents to MOD
[01May2025 16:08:03.311] [modloading-worker-0/DEBUG] [net.minecraftforge.fml.config.ConfigTracker/CONFIG]: Config file citadel-common.toml for citadel tracking
[01May2025 16:08:03.315] [modloading-worker-0/DEBUG] [net.minecraftforge.fml.javafmlmod.AutomaticEventSubscriber/LOADING]: Attempting to inject @EventBusSubscriber classes into the eventbus for citadel
[01May2025 16:08:03.315] [modloading-worker-0/DEBUG] [net.minecraftforge.fml.javafmlmod.AutomaticEventSubscriber/LOADING]: Auto-subscribing com.github.alexthe666.citadel.ServerProxy to MOD
[01May2025 16:08:03.453] [modloading-worker-0/DEBUG] [net.minecraftforge.fml.javafmlmod.AutomaticEventSubscriber/LOADING]: Attempting to inject @EventBusSubscriber classes into the eventbus for born_in_chaos_v1
[01May2025 16:08:03.453] [modloading-worker-0/DEBUG] [net.minecraftforge.fml.javafmlmod.AutomaticEventSubscriber/LOADING]: Auto-subscribing net.mcreator.borninchaosv.recipes.brewing.StimulatingDecoctionPBrewingRecipe to MOD
[01May2025 16:08:03.460] [modloading-worker-0/DEBUG] [net.minecraftforge.fml.javafmlmod.AutomaticEventSubscriber/LOADING]: Auto-subscribing net.mcreator.borninchaosv.recipes.brewing.SeaTerrorEyeKBrewingRecipe to MOD
[01May2025 16:08:03.461] [modloading-worker-0/DEBUG] [net.minecraftforge.fml.javafmlmod.AutomaticEventSubscriber/LOADING]: Auto-subscribing net.mcreator.borninchaosv.recipes.brewing.PotionofRampagekBrewingRecipe to MOD
[01May2025 16:08:03.468] [modloading-worker-0/DEBUG] [net.minecraftforge.fml.javafmlmod.AutomaticEventSubscriber/LOADING]: Auto-subscribing net.mcreator.borninchaosv.recipes.brewing.PotionofMagicalDepletionKBrewingRecipe to MOD
[01May2025 16:08:03.469] [modloading-worker-0/DEBUG] [net.minecraftforge.fml.javafmlmod.AutomaticEventSubscriber/LOADING]: Auto-subscribing net.mcreator.borninchaosv.recipes.brewing.PotionofLivingCocoonCraftBrewingRecipe to MOD
[01May2025 16:08:03.470] [modloading-worker-0/DEBUG] [net.minecraftforge.fml.javafmlmod.AutomaticEventSubscriber/LOADING]: Auto-subscribing net.mcreator.borninchaosv.recipes.brewing.IntoxicationPotionKBrewingRecipe to MOD
[01May2025 16:08:03.483] [modloading-worker-0/DEBUG] [net.minecraftforge.fml.javafmlmod.AutomaticEventSubscriber/LOADING]: Auto-subscribing net.mcreator.borninchaosv.recipes.brewing.ElixirofWitherResistanceCraftBrewingRecipe to MOD
[01May2025 16:08:03.486] [modloading-worker-0/DEBUG] [net.minecraftforge.fml.javafmlmod.AutomaticEventSubscriber/LOADING]: Auto-subscribing net.mcreator.borninchaosv.recipes.brewing.ElixirofVampirismKBrewingRecipe to MOD
[01May2025 16:08:03.487] [modloading-worker-0/DEBUG] [net.minecraftforge.fml.javafmlmod.AutomaticEventSubscriber/LOADING]: Auto-subscribing net.mcreator.borninchaosv.recipes.brewing.ElixirofInsectProtectionCraftBrewingRecipe to MOD
[01May2025 16:08:03.487] [modloading-worker-0/DEBUG] [net.minecraftforge.fml.javafmlmod.AutomaticEventSubscriber/LOADING]: Auto-subscribing net.mcreator.borninchaosv.recipes.brewing.ChaosComponentCraftBrewingRecipe to MOD
[01May2025 16:08:03.492] [modloading-worker-0/DEBUG] [net.minecraftforge.fml.javafmlmod.AutomaticEventSubscriber/LOADING]: Auto-subscribing net.mcreator.borninchaosv.recipes.brewing.BottleOfMagicalEnergyKBrewingRecipe to MOD
[01May2025 16:08:03.493] [modloading-worker-0/DEBUG] [net.minecraftforge.fml.javafmlmod.AutomaticEventSubscriber/LOADING]: Auto-subscribing net.mcreator.borninchaosv.procedures.ZombieswithDoorPriObnovlieniiTaktaSushchnostiProcedure to FORGE
[01May2025 16:08:03.494] [modloading-worker-0/DEBUG] [net.minecraftforge.fml.javafmlmod.AutomaticEventSubscriber/LOADING]: Auto-subscribing net.mcreator.borninchaosv.procedures.ZombiefishermanatackProcedure to FORGE
[01May2025 16:08:03.497] [modloading-worker-0/DEBUG] [net.minecraftforge.fml.javafmlmod.AutomaticEventSubscriber/LOADING]: Auto-subscribing net.mcreator.borninchaosv.procedures.ZombieclownatacProcedure to FORGE
[01May2025 16:08:03.498] [modloading-worker-0/DEBUG] [net.minecraftforge.fml.javafmlmod.AutomaticEventSubscriber/LOADING]: Auto-subscribing net.mcreator.borninchaosv.procedures.ZombieMaggotsProcedure to FORGE
[01May2025 16:08:03.501] [modloading-worker-0/DEBUG] [net.minecraftforge.fml.javafmlmod.AutomaticEventSubscriber/LOADING]: Auto-subscribing net.mcreator.borninchaosv.procedures.ZombieLumberjackAtackProcedure to FORGE
[01May2025 16:08:03.502] [modloading-worker-0/DEBUG] [net.minecraftforge.fml.javafmlmod.AutomaticEventSubscriber/LOADING]: Auto-subscribing net.mcreator.borninchaosv.procedures.ZombieBruiseratackProcedure to FORGE
[01May2025 16:08:03.503] [modloading-worker-0/DEBUG] [net.minecraftforge.fml.javafmlmod.AutomaticEventSubscriber/LOADING]: Auto-subscribing net.mcreator.borninchaosv.procedures.WeaponDescriptionProcedure to FORGE
[01May2025 16:08:03.506] [modloading-worker-0/DEBUG] [net.minecraftforge.fml.javafmlmod.AutomaticEventSubscriber/LOADING]: Auto-subscribing net.mcreator.borninchaosv.procedures.WarningSoundProcedure to FORGE
[01May2025 16:08:03.510] [modloading-worker-0/DEBUG] [net.minecraftforge.fml.javafmlmod.AutomaticEventSubscriber/LOADING]: Auto-subscribing net.mcreator.borninchaosv.procedures.VampiricTouchAtackProcedure to FORGE
[01May2025 16:08:03.511] [modloading-worker-0/DEBUG] [net.minecraftforge.fml.javafmlmod.AutomaticEventSubscriber/LOADING]: Auto-subscribing net.mcreator.borninchaosv.procedures.TransmutingElixirclicProcedure to FORGE
[01May2025 16:08:03.515] [modloading-worker-0/DEBUG] [net.minecraftforge.fml.javafmlmod.AutomaticEventSubscriber/LOADING]: Auto-subscribing net.mcreator.borninchaosv.procedures.ThornshellCrabPriShchielchkiePKMPoSushchnostiProcedure to FORGE
[01May2025 16:08:03.516] [modloading-worker-0/DEBUG] [net.minecraftforge.fml.javafmlmod.AutomaticEventSubscriber/LOADING]: Auto-subscribing net.mcreator.borninchaosv.procedures.SweetItemDescriptionProcedure to FORGE
[01May2025 16:08:03.517] [modloading-worker-0/DEBUG] [net.minecraftforge.fml.javafmlmod.AutomaticEventSubscriber/LOADING]: Auto-subscribing net.mcreator.borninchaosv.procedures.SwarmerPreparationProcedure to FORGE
[01May2025 16:08:03.519] [modloading-worker-0/DEBUG] [net.minecraftforge.fml.javafmlmod.AutomaticEventSubscriber/LOADING]: Auto-subscribing net.mcreator.borninchaosv.procedures.SpiritofChaosAtackProcedure to FORGE
[01May2025 16:08:03.520] [modloading-worker-0/DEBUG] [net.minecraftforge.fml.javafmlmod.AutomaticEventSubscriber/LOADING]: Auto-subscribing net.mcreator.borninchaosv.procedures.SpiritGuideAtacProcedure to FORGE
[01May2025 16:08:03.524] [modloading-worker-0/DEBUG] [net.minecraftforge.fml.javafmlmod.AutomaticEventSubscriber/LOADING]: Auto-subscribing net.mcreator.borninchaosv.procedures.SpinyShellArmorKazhdyiTikDliaShliemaProcedure to FORGE
[01May2025 16:08:03.526] [modloading-worker-0/DEBUG] [net.minecraftforge.fml.config.ConfigTracker/CONFIG]: Config file legendary_monsters-common.toml for legendary_monsters tracking
[01May2025 16:08:03.528] [modloading-worker-0/DEBUG] [net.minecraftforge.fml.javafmlmod.AutomaticEventSubscriber/LOADING]: Attempting to inject @EventBusSubscriber classes into the eventbus for legendary_monsters
[01May2025 16:08:03.528] [modloading-worker-0/DEBUG] [net.minecraftforge.fml.javafmlmod.AutomaticEventSubscriber/LOADING]: Auto-subscribing net.miauczel.legendary_monsters.item.custom.WitheredRibcageItem to FORGE
[01May2025 16:08:03.531] [modloading-worker-0/DEBUG] [net.minecraftforge.fml.javafmlmod.AutomaticEventSubscriber/LOADING]: Auto-subscribing net.mcreator.borninchaosv.procedures.SkeletonThrasherDProcedure to FORGE
[01May2025 16:08:03.534] [modloading-worker-0/DEBUG] [net.minecraftforge.fml.javafmlmod.AutomaticEventSubscriber/LOADING]: Auto-subscribing net.mcreator.borninchaosv.procedures.SerPumpkinheadAtacProcedure to FORGE
[01May2025 16:08:03.537] [modloading-worker-0/DEBUG] [net.minecraftforge.fml.javafmlmod.AutomaticEventSubscriber/LOADING]: Auto-subscribing net.mcreator.borninchaosv.procedures.SearedspiritPProcedure to FORGE
[01May2025 16:08:03.537] [modloading-worker-0/DEBUG] [net.minecraftforge.fml.javafmlmod.AutomaticEventSubscriber/LOADING]: Auto-subscribing net.miauczel.legendary_monsters.item.custom.ShulkerShieldHurtEvent to FORGE
[01May2025 16:08:03.541] [modloading-worker-0/DEBUG] [net.minecraftforge.fml.javafmlmod.AutomaticEventSubscriber/LOADING]: Auto-subscribing net.miauczel.legendary_monsters.item.custom.ShulkerHelmetItem to FORGE
[01May2025 16:08:03.542] [modloading-worker-0/DEBUG] [net.minecraftforge.fml.javafmlmod.AutomaticEventSubscriber/LOADING]: Auto-subscribing net.miauczel.legendary_monsters.item.custom.MossyChestplateItem to FORGE
[01May2025 16:08:03.542] [modloading-worker-0/DEBUG] [net.minecraftforge.fml.javafmlmod.AutomaticEventSubscriber/LOADING]: Auto-subscribing net.mcreator.borninchaosv.procedures.RampagePProcedure to FORGE
[01May2025 16:08:03.546] [modloading-worker-0/DEBUG] [net.minecraftforge.fml.javafmlmod.AutomaticEventSubscriber/LOADING]: Auto-subscribing net.miauczel.legendary_monsters.item.custom.FrostbittenShieldHurtEvent to FORGE
[01May2025 16:08:03.546] [modloading-worker-0/DEBUG] [net.minecraftforge.fml.javafmlmod.AutomaticEventSubscriber/LOADING]: Auto-subscribing net.miauczel.legendary_monsters.item.custom.FieryJawEventHandler to FORGE
[01May2025 16:08:03.547] [modloading-worker-0/DEBUG] [net.minecraftforge.fml.javafmlmod.AutomaticEventSubscriber/LOADING]: Auto-subscribing net.mcreator.borninchaosv.procedures.PumpkinbruiserAtacProcedure to FORGE
[01May2025 16:08:03.548] [modloading-worker-0/DEBUG] [net.minecraftforge.fml.javafmlmod.AutomaticEventSubscriber/LOADING]: Auto-subscribing net.mcreator.borninchaosv.procedures.PiritAtacProcedure to FORGE
[01May2025 16:08:03.550] [modloading-worker-0/DEBUG] [net.minecraftforge.fml.javafmlmod.AutomaticEventSubscriber/LOADING]: Auto-subscribing net.mcreator.borninchaosv.procedures.ObsessiondeadProcedure to FORGE
[01May2025 16:08:03.553] [modloading-worker-0/DEBUG] [net.minecraftforge.fml.javafmlmod.AutomaticEventSubscriber/LOADING]: Auto-subscribing net.mcreator.borninchaosv.procedures.NightmareStalkerDamProcedure to FORGE
[01May2025 16:08:03.556] [modloading-worker-0/DEBUG] [net.minecraftforge.fml.javafmlmod.AutomaticEventSubscriber/LOADING]: Auto-subscribing net.mcreator.borninchaosv.procedures.MrPumpkinAtacProcedure to FORGE
[01May2025 16:08:03.552] [modloading-worker-0/DEBUG] [net.minecraftforge.fml.javafmlmod.AutomaticEventSubscriber/LOADING]: Auto-subscribing net.miauczel.legendary_monsters.item.custom.DinosaurBoneHelmet to FORGE
[01May2025 16:08:03.558] [modloading-worker-0/DEBUG] [net.minecraftforge.fml.javafmlmod.AutomaticEventSubscriber/LOADING]: Auto-subscribing net.miauczel.legendary_monsters.item.custom.CustomItemEvents.WitheredScytheDropGoldEventHandler to FORGE
[01May2025 16:08:03.560] [modloading-worker-0/DEBUG] [net.minecraftforge.fml.javafmlmod.AutomaticEventSubscriber/LOADING]: Auto-subscribing net.mcreator.borninchaosv.procedures.MotherSpiderAtackProcedure to FORGE
[01May2025 16:08:03.560] [modloading-worker-0/DEBUG] [net.minecraftforge.fml.javafmlmod.AutomaticEventSubscriber/LOADING]: Auto-subscribing net.miauczel.legendary_monsters.item.custom.CustomItemEvents.WitheredScytheAttackedEvent to FORGE
[01May2025 16:08:03.561] [modloading-worker-0/DEBUG] [net.minecraftforge.fml.javafmlmod.AutomaticEventSubscriber/LOADING]: Auto-subscribing net.miauczel.legendary_monsters.item.custom.CustomItemEvents.WitheredRibcageHurt to FORGE
[01May2025 16:08:03.562] [modloading-worker-0/DEBUG] [net.minecraftforge.fml.javafmlmod.AutomaticEventSubscriber/LOADING]: Auto-subscribing net.miauczel.legendary_monsters.item.custom.CustomItemEvents.WandOfCloudsRightClickEvent to FORGE
[01May2025 16:08:03.562] [modloading-worker-0/DEBUG] [net.minecraftforge.fml.javafmlmod.AutomaticEventSubscriber/LOADING]: Auto-subscribing net.mcreator.borninchaosv.procedures.MissionaryHatpProcedure to FORGE
[01May2025 16:08:03.563] [modloading-worker-0/DEBUG] [net.minecraftforge.fml.javafmlmod.AutomaticEventSubscriber/LOADING]: Auto-subscribing net.mcreator.borninchaosv.procedures.MissionaryAtacktargetProcedure to FORGE
[01May2025 16:08:03.566] [modloading-worker-0/DEBUG] [net.minecraftforge.fml.javafmlmod.AutomaticEventSubscriber/LOADING]: Auto-subscribing net.mcreator.borninchaosv.procedures.MinionsattacktargetProcedure to FORGE
[01May2025 16:08:03.567] [modloading-worker-0/DEBUG] [net.minecraftforge.fml.javafmlmod.AutomaticEventSubscriber/LOADING]: Auto-subscribing net.mcreator.borninchaosv.procedures.LunarSpruceCowboyPProcedure to FORGE
[01May2025 16:08:03.569] [modloading-worker-0/DEBUG] [net.minecraftforge.fml.javafmlmod.AutomaticEventSubscriber/LOADING]: Auto-subscribing net.miauczel.legendary_monsters.item.custom.CustomItemEvents.WandOfCloudsRightClickEffect to FORGE
[01May2025 16:08:03.569] [modloading-worker-0/DEBUG] [net.minecraftforge.fml.javafmlmod.AutomaticEventSubscriber/LOADING]: Auto-subscribing net.mcreator.borninchaosv.procedures.LordsFelsteedatackProcedure to FORGE
[01May2025 16:08:03.570] [modloading-worker-0/DEBUG] [net.minecraftforge.fml.javafmlmod.AutomaticEventSubscriber/LOADING]: Auto-subscribing net.miauczel.legendary_monsters.item.custom.CustomItemEvents.TheGreatFrostAttackedEvent to FORGE
[01May2025 16:08:03.571] [modloading-worker-0/DEBUG] [net.minecraftforge.fml.javafmlmod.AutomaticEventSubscriber/LOADING]: Auto-subscribing net.mcreator.borninchaosv.procedures.LordTheHeadlessAtackProcedure to FORGE
[01May2025 16:08:03.574] [modloading-worker-0/DEBUG] [net.minecraftforge.fml.javafmlmod.AutomaticEventSubscriber/LOADING]: Auto-subscribing net.mcreator.borninchaosv.procedures.LordPumpkinheadsHatHitProcedure to FORGE
[01May2025 16:08:03.574] [modloading-worker-0/DEBUG] [net.minecraftforge.fml.javafmlmod.AutomaticEventSubscriber/LOADING]: Auto-subscribing net.miauczel.legendary_monsters.item.custom.CustomItemEvents.SpikyShieldEvent to FORGE
[01May2025 16:08:03.575] [modloading-worker-0/DEBUG] [net.minecraftforge.fml.javafmlmod.AutomaticEventSubscriber/LOADING]: Auto-subscribing net.mcreator.borninchaosv.procedures.LordPumpkinheadatackProcedure to FORGE
[01May2025 16:08:03.576] [modloading-worker-0/DEBUG] [net.minecraftforge.fml.javafmlmod.AutomaticEventSubscriber/LOADING]: Auto-subscribing net.mcreator.borninchaosv.procedures.LivingcocoonplayersideDeadProcedure to FORGE
[01May2025 16:08:03.575] [modloading-worker-0/DEBUG] [net.minecraftforge.fml.javafmlmod.AutomaticEventSubscriber/LOADING]: Auto-subscribing net.miauczel.legendary_monsters.item.custom.CustomItemEvents.SoulGreatSwordEventHandler to FORGE
[01May2025 16:08:03.583] [modloading-worker-0/DEBUG] [net.minecraftforge.fml.javafmlmod.AutomaticEventSubscriber/LOADING]: Auto-subscribing net.miauczel.legendary_monsters.item.custom.CustomItemEvents.SharpSaiAttackedEvent to FORGE
[01May2025 16:08:03.584] [modloading-worker-0/DEBUG] [net.minecraftforge.fml.javafmlmod.AutomaticEventSubscriber/LOADING]: Auto-subscribing net.mcreator.borninchaosv.procedures.LivingCocoonDeadProcedure to FORGE
[01May2025 16:08:03.584] [modloading-worker-0/DEBUG] [net.minecraftforge.fml.javafmlmod.AutomaticEventSubscriber/LOADING]: Auto-subscribing net.miauczel.legendary_monsters.item.custom.CustomItemEvents.SharpAxeAttackedEvent to FORGE
[01May2025 16:08:03.585] [modloading-worker-0/DEBUG] [net.minecraftforge.fml.javafmlmod.AutomaticEventSubscriber/LOADING]: Auto-subscribing net.mcreator.borninchaosv.procedures.LifestealerTFAtackProcedure to FORGE
[01May2025 16:08:03.588] [modloading-worker-0/DEBUG] [net.minecraftforge.fml.javafmlmod.AutomaticEventSubscriber/LOADING]: Auto-subscribing net.mcreator.borninchaosv.procedures.LifestealerAtackProcedure to FORGE
[01May2025 16:08:03.589] [modloading-worker-0/DEBUG] [net.minecraftforge.fml.javafmlmod.AutomaticEventSubscriber/LOADING]: Auto-subscribing net.mcreator.borninchaosv.procedures.ItemsDescriptionTooltipProcedure to FORGE
[01May2025 16:08:03.589] [modloading-worker-0/DEBUG] [net.minecraftforge.fml.javafmlmod.AutomaticEventSubscriber/LOADING]: Auto-subscribing net.miauczel.legendary_monsters.item.custom.CustomItemEvents.GoldenHalbertAttackEventHandler to FORGE
[01May2025 16:08:03.593] [modloading-worker-0/DEBUG] [net.minecraftforge.fml.javafmlmod.AutomaticEventSubscriber/LOADING]: Auto-subscribing net.miauczel.legendary_monsters.item.custom.CustomItemEvents.DinosaurBoneClubEventHandler to FORGE
[01May2025 16:08:03.594] [modloading-worker-0/DEBUG] [net.minecraftforge.fml.javafmlmod.AutomaticEventSubscriber/LOADING]: Auto-subscribing net.miauczel.legendary_monsters.item.custom.CustomItemEvents.ChorusBladeAttackedEvent to FORGE
[01May2025 16:08:03.594] [modloading-worker-0/DEBUG] [net.minecraftforge.fml.javafmlmod.AutomaticEventSubscriber/LOADING]: Auto-subscribing net.mcreator.borninchaosv.procedures.InsectProtectionTrigerProcedure to FORGE
[01May2025 16:08:03.595] [modloading-worker-0/DEBUG] [net.minecraftforge.fml.javafmlmod.AutomaticEventSubscriber/LOADING]: Auto-subscribing net.miauczel.legendary_monsters.item.custom.CustomItemEvents.AxeOfLightningEventHandler to FORGE
[01May2025 16:08:03.596] [modloading-worker-0/DEBUG] [net.minecraftforge.fml.javafmlmod.AutomaticEventSubscriber/LOADING]: Auto-subscribing net.mcreator.borninchaosv.procedures.InfernalSpiritAtackProcedure to FORGE
[01May2025 16:08:03.597] [modloading-worker-0/DEBUG] [net.minecraftforge.fml.javafmlmod.AutomaticEventSubscriber/LOADING]: Auto-subscribing net.mcreator.borninchaosv.procedures.HewnScorchedLogPProcedure to FORGE
[01May2025 16:08:03.598] [modloading-worker-0/DEBUG] [net.minecraftforge.fml.javafmlmod.AutomaticEventSubscriber/LOADING]: Auto-subscribing net.miauczel.legendary_monsters.item.custom.ChorusHelmetItem to FORGE
[01May2025 16:08:03.599] [modloading-worker-0/DEBUG] [net.minecraftforge.fml.javafmlmod.AutomaticEventSubscriber/LOADING]: Auto-subscribing net.miauczel.legendary_monsters.item.custom.BlastProofHelmet to FORGE
[01May2025 16:08:03.600] [modloading-worker-0/DEBUG] [net.minecraftforge.fml.javafmlmod.AutomaticEventSubscriber/LOADING]: Auto-subscribing net.miauczel.legendary_monsters.item.custom.AtmosphericBootsItem to FORGE
[01May2025 16:08:03.600] [modloading-worker-0/DEBUG] [net.minecraftforge.fml.javafmlmod.AutomaticEventSubscriber/LOADING]: Auto-subscribing net.miauczel.legendary_monsters.item.ShieldEventHandler to FORGE
[01May2025 16:08:03.600] [modloading-worker-0/DEBUG] [net.minecraftforge.fml.javafmlmod.AutomaticEventSubscriber/LOADING]: Auto-subscribing net.mcreator.borninchaosv.procedures.HatsDescriptionProcedure to FORGE
[01May2025 16:08:03.602] [modloading-worker-0/DEBUG] [net.minecraftforge.fml.javafmlmod.AutomaticEventSubscriber/LOADING]: Auto-subscribing net.mcreator.borninchaosv.procedures.GluttonfishatackProcedure to FORGE
[01May2025 16:08:03.602] [modloading-worker-0/DEBUG] [net.minecraftforge.fml.javafmlmod.AutomaticEventSubscriber/LOADING]: Auto-subscribing net.miauczel.legendary_monsters.event.WitheredAbominationAttackedEvent to FORGE
[01May2025 16:08:03.603] [modloading-worker-0/DEBUG] [net.minecraftforge.fml.javafmlmod.AutomaticEventSubscriber/LOADING]: Auto-subscribing net.miauczel.legendary_monsters.event.ModEventBusEvents to MOD
[01May2025 16:08:03.604] [modloading-worker-0/DEBUG] [net.minecraftforge.fml.javafmlmod.AutomaticEventSubscriber/LOADING]: Auto-subscribing net.mcreator.borninchaosv.procedures.FragileScorchedPlanksPProcedure to FORGE
[01May2025 16:08:03.607] [modloading-worker-0/DEBUG] [net.minecraftforge.fml.javafmlmod.AutomaticEventSubscriber/LOADING]: Auto-subscribing net.mcreator.borninchaosv.procedures.FirelightDProcedure to FORGE
[01May2025 16:08:03.609] [modloading-worker-0/DEBUG] [net.minecraftforge.fml.javafmlmod.AutomaticEventSubscriber/LOADING]: Auto-subscribing net.mcreator.borninchaosv.procedures.EvilCarvedPumpkinPProcedure to FORGE
[01May2025 16:08:03.612] [modloading-worker-0/DEBUG] [net.minecraftforge.fml.javafmlmod.AutomaticEventSubscriber/LOADING]: Auto-subscribing net.mcreator.borninchaosv.procedures.EatingRottenFleshProcedure to FORGE
[01May2025 16:08:03.614] [modloading-worker-0/DEBUG] [net.minecraftforge.fml.javafmlmod.AutomaticEventSubscriber/LOADING]: Auto-subscribing net.mcreator.borninchaosv.procedures.DreadHoundPriNazhatiiPravoiKnopkiNaSushchnostProcedure to FORGE
[01May2025 16:08:03.615] [modloading-worker-0/DEBUG] [net.minecraftforge.fml.javafmlmod.AutomaticEventSubscriber/LOADING]: Auto-subscribing net.mcreator.borninchaosv.procedures.DreadHoundAtacProcedure to FORGE
[01May2025 16:08:03.618] [modloading-worker-0/DEBUG] [net.minecraftforge.fml.javafmlmod.AutomaticEventSubscriber/LOADING]: Auto-subscribing net.miauczel.legendary_monsters.event.ModEventBusClientEvents to MOD
[01May2025 16:08:03.618] [modloading-worker-0/DEBUG] [net.minecraftforge.fml.javafmlmod.AutomaticEventSubscriber/LOADING]: Auto-subscribing net.mcreator.borninchaosv.procedures.DireHoundLeaderAtackProcedure to FORGE
[01May2025 16:08:03.619] [modloading-worker-0/DEBUG] [net.minecraftforge.fml.javafmlmod.AutomaticEventSubscriber/LOADING]: Auto-subscribing net.mcreator.borninchaosv.procedures.DimonBaitProcedure to FORGE
[01May2025 16:08:03.621] [modloading-worker-0/DEBUG] [net.minecraftforge.fml.javafmlmod.AutomaticEventSubscriber/LOADING]: Auto-subscribing net.mcreator.borninchaosv.procedures.DescriptionArmorProcedure to FORGE
[01May2025 16:08:03.624] [modloading-worker-0/DEBUG] [net.minecraftforge.fml.javafmlmod.AutomaticEventSubscriber/LOADING]: Auto-subscribing net.mcreator.borninchaosv.procedures.DeathTotemKoghdaPriedmietNakhoditsiaVRukieProcedure to FORGE
[01May2025 16:08:03.625] [modloading-worker-0/DEBUG] [net.minecraftforge.fml.javafmlmod.AutomaticEventSubscriber/LOADING]: Auto-subscribing net.mcreator.borninchaosv.procedures.DarkWardActivProcedure to FORGE
[01May2025 16:08:03.628] [modloading-worker-0/DEBUG] [net.minecraftforge.fml.javafmlmod.AutomaticEventSubscriber/LOADING]: Auto-subscribing net.mcreator.borninchaosv.procedures.DarkRitualDaggerPProcedure to FORGE
[01May2025 16:08:03.631] [modloading-worker-0/DEBUG] [net.minecraftforge.fml.javafmlmod.AutomaticEventSubscriber/LOADING]: Auto-subscribing net.mcreator.borninchaosv.procedures.DZombieDProcedure to FORGE
[01May2025 16:08:03.634] [modloading-worker-0/DEBUG] [net.minecraftforge.fml.javafmlmod.AutomaticEventSubscriber/LOADING]: Auto-subscribing net.mcreator.borninchaosv.procedures.CursedMarkAtacProcedure to FORGE
[01May2025 16:08:03.635] [modloading-worker-0/DEBUG] [net.minecraftforge.fml.javafmlmod.AutomaticEventSubscriber/LOADING]: Auto-subscribing net.mcreator.borninchaosv.procedures.CorpseflyatacProcedure to FORGE
[01May2025 16:08:03.641] [modloading-worker-0/DEBUG] [net.minecraftforge.fml.javafmlmod.AutomaticEventSubscriber/LOADING]: Auto-subscribing net.mcreator.borninchaosv.procedures.BoneBarrierProProcedure to FORGE
[01May2025 16:08:03.643] [modloading-worker-0/DEBUG] [net.minecraftforge.fml.javafmlmod.AutomaticEventSubscriber/LOADING]: Auto-subscribing net.mcreator.borninchaosv.procedures.BloodyGadflyAtacProcedure to FORGE
[01May2025 16:08:03.645] [modloading-worker-0/DEBUG] [net.minecraftforge.fml.javafmlmod.AutomaticEventSubscriber/LOADING]: Auto-subscribing net.mcreator.borninchaosv.procedures.BlockSkeletonTrasherProcedure to FORGE
[01May2025 16:08:03.649] [modloading-worker-0/DEBUG] [net.minecraftforge.fml.javafmlmod.AutomaticEventSubscriber/LOADING]: Auto-subscribing net.mcreator.borninchaosv.procedures.BabyspidercontrolledAtackProcedure to FORGE
[01May2025 16:08:03.651] [modloading-worker-0/DEBUG] [net.minecraftforge.fml.javafmlmod.AutomaticEventSubscriber/LOADING]: Auto-subscribing net.mcreator.borninchaosv.procedures.BabySpiderAtackProcedure to FORGE
[01May2025 16:08:03.638] [modloading-worker-0/DEBUG] [net.minecraftforge.fml.javafmlmod.AutomaticEventSubscriber/LOADING]: Auto-subscribing net.miauczel.legendary_monsters.event.AmbusherDiesEvent to FORGE
[01May2025 16:08:03.653] [modloading-worker-0/DEBUG] [net.minecraftforge.fml.javafmlmod.AutomaticEventSubscriber/LOADING]: Auto-subscribing net.miauczel.legendary_monsters.entity.custom.event.DuneSentinelDrops to FORGE
[01May2025 16:08:03.654] [modloading-worker-0/DEBUG] [net.minecraftforge.fml.javafmlmod.AutomaticEventSubscriber/LOADING]: Auto-subscribing net.miauczel.legendary_monsters.entity.custom.event.CloudGolemDrops to FORGE
[01May2025 16:08:03.658] [modloading-worker-0/DEBUG] [net.minecraftforge.fml.javafmlmod.AutomaticEventSubscriber/LOADING]: Auto-subscribing net.miauczel.legendary_monsters.entity.custom.ModArmorItem to FORGE
[01May2025 16:08:03.659] [modloading-worker-0/DEBUG] [net.minecraftforge.fml.javafmlmod.AutomaticEventSubscriber/LOADING]: Auto-subscribing net.miauczel.legendary_monsters.entity.custom.EntityTypes.MathHelper to MOD
[01May2025 16:08:03.655] [modloading-worker-0/DEBUG] [net.minecraftforge.fml.javafmlmod.AutomaticEventSubscriber/LOADING]: Auto-subscribing net.mcreator.borninchaosv.procedures.AxeAtackProcedure to FORGE
[01May2025 16:08:03.660] [modloading-worker-0/DEBUG] [net.minecraftforge.fml.javafmlmod.AutomaticEventSubscriber/LOADING]: Auto-subscribing net.mcreator.borninchaosv.init.ItemAnimationFactory to FORGE
[01May2025 16:08:03.661] [modloading-worker-0/DEBUG] [net.minecraftforge.fml.javafmlmod.AutomaticEventSubscriber/LOADING]: Auto-subscribing net.miauczel.legendary_monsters.entity.custom.EntityTypes.LockAngle to MOD
[01May2025 16:08:03.666] [modloading-worker-0/DEBUG] [net.minecraftforge.fml.javafmlmod.AutomaticEventSubscriber/LOADING]: Auto-subscribing net.mcreator.borninchaosv.init.EntityAnimationFactory to FORGE
[01May2025 16:08:03.667] [modloading-worker-0/DEBUG] [net.minecraftforge.fml.javafmlmod.AutomaticEventSubscriber/LOADING]: Auto-subscribing net.mcreator.borninchaosv.init.BornInChaosV1ModGameRules to MOD
[01May2025 16:08:03.667] [modloading-worker-0/DEBUG] [net.minecraftforge.fml.javafmlmod.AutomaticEventSubscriber/LOADING]: Auto-subscribing net.miauczel.legendary_monsters.entity.ai.PosessedPaladinAttackGoal to FORGE
[01May2025 16:08:03.669] [modloading-worker-0/DEBUG] [net.minecraftforge.fml.javafmlmod.AutomaticEventSubscriber/LOADING]: Auto-subscribing net.miauczel.legendary_monsters.entity.ai.MossyGolemAttackGoal to FORGE
[01May2025 16:08:03.671] [modloading-worker-0/DEBUG] [net.minecraftforge.fml.javafmlmod.AutomaticEventSubscriber/LOADING]: Auto-subscribing net.miauczel.legendary_monsters.entity.ai.LivingArmorAttackGoal to FORGE
[01May2025 16:08:03.674] [modloading-worker-0/DEBUG] [net.minecraftforge.fml.javafmlmod.AutomaticEventSubscriber/LOADING]: Auto-subscribing net.miauczel.legendary_monsters.entity.ai.HauntedGuardAttackGoal to FORGE
[01May2025 16:08:03.670] [modloading-worker-0/DEBUG] [net.minecraftforge.fml.javafmlmod.AutomaticEventSubscriber/LOADING]: Auto-subscribing net.mcreator.borninchaosv.init.BornInChaosV1ModFuels to FORGE
[01May2025 16:08:03.674] [modloading-worker-0/DEBUG] [net.minecraftforge.fml.javafmlmod.AutomaticEventSubscriber/LOADING]: Auto-subscribing net.mcreator.borninchaosv.init.BornInChaosV1ModFeatures to FORGE
[01May2025 16:08:03.674] [modloading-worker-0/DEBUG] [net.minecraftforge.fml.javafmlmod.AutomaticEventSubscriber/LOADING]: Auto-subscribing net.mcreator.borninchaosv.init.BornInChaosV1ModEntities to MOD
[01May2025 16:08:03.675] [modloading-worker-0/DEBUG] [net.minecraftforge.fml.javafmlmod.AutomaticEventSubscriber/LOADING]: Auto-subscribing net.mcreator.borninchaosv.init.BornInChaosV1ModCompostableItems to MOD
[01May2025 16:08:03.678] [modloading-worker-0/DEBUG] [net.minecraftforge.fml.javafmlmod.AutomaticEventSubscriber/LOADING]: Attempting to inject @EventBusSubscriber classes into the eventbus for mixinextras
[01May2025 16:08:03.676] [modloading-worker-0/DEBUG] [net.minecraftforge.fml.javafmlmod.AutomaticEventSubscriber/LOADING]: Auto-subscribing net.miauczel.legendary_monsters.entity.ai.FLivingArmorAttackGoal to FORGE
[01May2025 16:08:03.681] [modloading-worker-0/DEBUG] [net.minecraftforge.fml.javafmlmod.AutomaticEventSubscriber/LOADING]: Auto-subscribing net.miauczel.legendary_monsters.entity.ai.FHauntedKnightAttackGoal to FORGE
[01May2025 16:08:03.684] [modloading-worker-0/DEBUG] [net.minecraftforge.fml.javafmlmod.AutomaticEventSubscriber/LOADING]: Auto-subscribing net.miauczel.legendary_monsters.entity.ai.AncientGuardianHurtEvent to FORGE
[01May2025 16:08:03.685] [modloading-worker-0/DEBUG] [net.minecraftforge.fml.javafmlmod.AutomaticEventSubscriber/LOADING]: Auto-subscribing net.miauczel.legendary_monsters.entity.ai.AmbusherHurtEvent to FORGE
[01May2025 16:08:03.686] [modloading-worker-0/DEBUG] [net.minecraftforge.fml.javafmlmod.AutomaticEventSubscriber/LOADING]: Auto-subscribing net.miauczel.legendary_monsters.entity.ai.AmbusherAttackGoal to FORGE
[01May2025 16:08:03.689] [modloading-worker-0/DEBUG] [net.minecraftforge.fml.javafmlmod.AutomaticEventSubscriber/LOADING]: Auto-subscribing net.miauczel.legendary_monsters.effect.StunJumpRemover to FORGE
[01May2025 16:08:03.690] [modloading-worker-0/DEBUG] [net.minecraftforge.fml.javafmlmod.AutomaticEventSubscriber/LOADING]: Auto-subscribing net.miauczel.legendary_monsters.datagen.DataGenerators to MOD
[01May2025 16:08:03.692] [modloading-worker-0/DEBUG] [net.minecraftforge.fml.javafmlmod.AutomaticEventSubscriber/LOADING]: Auto-subscribing net.miauczel.legendary_monsters.CommonProxy to MOD
[01May2025 16:08:03.711] [modloading-worker-0/DEBUG] [net.minecraftforge.fml.config.ConfigTracker/CONFIG]: Config file guardvillagers-common.toml for guardvillagers tracking
[01May2025 16:08:03.730] [modloading-worker-0/DEBUG] [net.minecraftforge.fml.config.ConfigTracker/CONFIG]: Config file guardvillagers-client.toml for guardvillagers tracking
[01May2025 16:08:03.755] [modloading-worker-0/DEBUG] [net.minecraftforge.fml.javafmlmod.AutomaticEventSubscriber/LOADING]: Attempting to inject @EventBusSubscriber classes into the eventbus for guardvillagers
[01May2025 16:08:03.755] [modloading-worker-0/DEBUG] [net.minecraftforge.fml.javafmlmod.AutomaticEventSubscriber/LOADING]: Auto-subscribing tallestegg.guardvillagers.client.GuardSounds to MOD
[01May2025 16:08:03.755] [modloading-worker-0/DEBUG] [net.minecraftforge.fml.javafmlmod.AutomaticEventSubscriber/LOADING]: Auto-subscribing tallestegg.guardvillagers.VillagerToGuard to FORGE
[01May2025 16:08:03.756] [modloading-worker-0/DEBUG] [net.minecraftforge.fml.javafmlmod.AutomaticEventSubscriber/LOADING]: Auto-subscribing tallestegg.guardvillagers.GuardItems to MOD
[01May2025 16:08:03.758] [modloading-worker-0/DEBUG] [net.minecraftforge.fml.javafmlmod.AutomaticEventSubscriber/LOADING]: Auto-subscribing tallestegg.guardvillagers.GuardEntityType to MOD
[01May2025 16:08:03.758] [modloading-worker-0/DEBUG] [net.minecraftforge.fml.javafmlmod.AutomaticEventSubscriber/LOADING]: Auto-subscribing tallestegg.guardvillagers.configuration.GuardConfig to MOD
[01May2025 16:08:03.759] [modloading-worker-0/DEBUG] [net.minecraftforge.fml.javafmlmod.AutomaticEventSubscriber/LOADING]: Auto-subscribing tallestegg.guardvillagers.HandlerEvents to FORGE
[01May2025 16:08:03.797] [modloading-worker-0/DEBUG] [net.minecraftforge.fml.config.ConfigTracker/CONFIG]: Config file takesapillage-common.toml for takesapillage tracking
[01May2025 16:08:03.799] [modloading-worker-0/DEBUG] [net.minecraftforge.fml.javafmlmod.AutomaticEventSubscriber/LOADING]: Attempting to inject @EventBusSubscriber classes into the eventbus for takesapillage
[01May2025 16:08:03.801] [modloading-worker-0/DEBUG] [net.minecraftforge.fml.javafmlmod.AutomaticEventSubscriber/LOADING]: Auto-subscribing com.izofar.takesapillage.RegistryEvents to MOD
[01May2025 16:08:03.941] [modloading-worker-0/DEBUG] [net.minecraftforge.fml.javafmlmod.AutomaticEventSubscriber/LOADING]: Attempting to inject @EventBusSubscriber classes into the eventbus for call_of_yucutan
[01May2025 16:08:03.941] [modloading-worker-0/DEBUG] [net.minecraftforge.fml.javafmlmod.AutomaticEventSubscriber/LOADING]: Attempting to inject @EventBusSubscriber classes into the eventbus for animatedmobsmod
[01May2025 16:08:03.941] [modloading-worker-0/DEBUG] [net.minecraftforge.fml.javafmlmod.AutomaticEventSubscriber/LOADING]: Auto-subscribing net.mcreator.animatedmobsmod.procedures.WhenRightClickAtBlockProcedure to FORGE
[01May2025 16:08:03.942] [modloading-worker-0/DEBUG] [net.minecraftforge.fml.javafmlmod.AutomaticEventSubscriber/LOADING]: Auto-subscribing net.mcreator.animatedmobsmod.procedures.WhenPlayerIsHittedWithEnderSpectreInMainHandProcedure to FORGE
[01May2025 16:08:03.942] [modloading-worker-0/DEBUG] [net.minecraftforge.fml.javafmlmod.AutomaticEventSubscriber/LOADING]: Auto-subscribing net.mcreator.callofyucutan.procedures.SentientVineItemInHandTickProcedure to FORGE
[01May2025 16:08:03.944] [modloading-worker-0/DEBUG] [net.minecraftforge.fml.javafmlmod.AutomaticEventSubscriber/LOADING]: Auto-subscribing net.mcreator.callofyucutan.procedures.ObsidianArrowHurtEntityProcedure to FORGE
[01May2025 16:08:03.945] [modloading-worker-0/DEBUG] [net.minecraftforge.fml.javafmlmod.AutomaticEventSubscriber/LOADING]: Auto-subscribing net.mcreator.animatedmobsmod.procedures.WhenEntityIsHitWithEnderStaffProcedure to FORGE
[01May2025 16:08:03.946] [modloading-worker-0/DEBUG] [net.minecraftforge.fml.javafmlmod.AutomaticEventSubscriber/LOADING]: Auto-subscribing net.mcreator.animatedmobsmod.procedures.TestProcedure to FORGE
[01May2025 16:08:03.946] [modloading-worker-0/DEBUG] [net.minecraftforge.fml.javafmlmod.AutomaticEventSubscriber/LOADING]: Auto-subscribing net.mcreator.animatedmobsmod.procedures.IfPlayerDiesProcedure to FORGE
[01May2025 16:08:03.947] [modloading-worker-0/DEBUG] [net.minecraftforge.fml.javafmlmod.AutomaticEventSubscriber/LOADING]: Auto-subscribing net.mcreator.animatedmobsmod.procedures.IfGameruleIsFalseProcedure to FORGE
[01May2025 16:08:03.948] [modloading-worker-0/DEBUG] [net.minecraftforge.fml.javafmlmod.AutomaticEventSubscriber/LOADING]: Auto-subscribing net.mcreator.callofyucutan.procedures.KillVillagerProcProcedure to FORGE
[01May2025 16:08:03.949] [modloading-worker-0/DEBUG] [net.minecraftforge.fml.javafmlmod.AutomaticEventSubscriber/LOADING]: Auto-subscribing net.mcreator.callofyucutan.procedures.IsUsingWandProcedure to FORGE
[01May2025 16:08:03.951] [modloading-worker-0/DEBUG] [net.minecraftforge.fml.javafmlmod.AutomaticEventSubscriber/LOADING]: Auto-subscribing net.mcreator.animatedmobsmod.procedures.FacingKeyCodeProcedure to FORGE
[01May2025 16:08:03.952] [modloading-worker-0/DEBUG] [net.minecraftforge.fml.javafmlmod.AutomaticEventSubscriber/LOADING]: Auto-subscribing net.mcreator.animatedmobsmod.procedures.EnderSpectreAdditionProcedureProcedure to FORGE
[01May2025 16:08:03.953] [modloading-worker-0/DEBUG] [net.minecraftforge.fml.javafmlmod.AutomaticEventSubscriber/LOADING]: Auto-subscribing net.mcreator.callofyucutan.procedures.GoldenGuardSummonProcedure to FORGE
[01May2025 16:08:03.954] [modloading-worker-0/DEBUG] [net.minecraftforge.fml.javafmlmod.AutomaticEventSubscriber/LOADING]: Auto-subscribing net.mcreator.callofyucutan.procedures.GameruleVariableProcedure to FORGE
[01May2025 16:08:03.954] [modloading-worker-0/DEBUG] [net.minecraftforge.fml.javafmlmod.AutomaticEventSubscriber/LOADING]: Auto-subscribing net.mcreator.animatedmobsmod.procedures.EnderKingThemePlayProcedure to FORGE
[01May2025 16:08:03.955] [modloading-worker-0/DEBUG] [net.minecraftforge.fml.javafmlmod.AutomaticEventSubscriber/LOADING]: Auto-subscribing net.mcreator.animatedmobsmod.network.ShiftingMessage to MOD
[01May2025 16:08:03.958] [modloading-worker-0/DEBUG] [net.minecraftforge.fml.javafmlmod.AutomaticEventSubscriber/LOADING]: Auto-subscribing net.mcreator.animatedmobsmod.network.MoveToTheSide1Message to MOD
[01May2025 16:08:03.958] [modloading-worker-0/DEBUG] [net.minecraftforge.fml.javafmlmod.AutomaticEventSubscriber/LOADING]: Auto-subscribing net.mcreator.animatedmobsmod.network.MoveToTheLEftMessage to MOD
[01May2025 16:08:03.957] [modloading-worker-0/DEBUG] [net.minecraftforge.fml.javafmlmod.AutomaticEventSubscriber/LOADING]: Auto-subscribing net.mcreator.callofyucutan.procedures.EntityIsHurtProcedure to FORGE
[01May2025 16:08:03.960] [modloading-worker-0/DEBUG] [net.minecraftforge.fml.javafmlmod.AutomaticEventSubscriber/LOADING]: Auto-subscribing net.mcreator.callofyucutan.procedures.ChaacSummonProcedure to FORGE
[01May2025 16:08:03.962] [modloading-worker-0/DEBUG] [net.minecraftforge.fml.javafmlmod.AutomaticEventSubscriber/LOADING]: Auto-subscribing net.mcreator.animatedmobsmod.network.MoveToTheBackMessage to MOD
[01May2025 16:08:03.963] [modloading-worker-0/DEBUG] [net.minecraftforge.fml.javafmlmod.AutomaticEventSubscriber/LOADING]: Auto-subscribing net.mcreator.animatedmobsmod.network.MoveToFrontMessage to MOD
[01May2025 16:08:03.963] [modloading-worker-0/DEBUG] [net.minecraftforge.fml.javafmlmod.AutomaticEventSubscriber/LOADING]: Auto-subscribing net.mcreator.animatedmobsmod.network.FiendThrowMessage to MOD
[01May2025 16:08:03.964] [modloading-worker-0/DEBUG] [net.minecraftforge.fml.javafmlmod.AutomaticEventSubscriber/LOADING]: Auto-subscribing net.mcreator.callofyucutan.procedures.AttributeModifiers to FORGE
[01May2025 16:08:03.965] [modloading-worker-0/DEBUG] [net.minecraftforge.fml.javafmlmod.AutomaticEventSubscriber/LOADING]: Auto-subscribing net.mcreator.callofyucutan.network.ChaacSprintMessage to MOD
[01May2025 16:08:03.966] [modloading-worker-0/DEBUG] [net.minecraftforge.fml.javafmlmod.AutomaticEventSubscriber/LOADING]: Auto-subscribing net.mcreator.callofyucutan.network.CallOfYucutanModVariables to MOD
[01May2025 16:08:03.967] [modloading-worker-0/DEBUG] [net.minecraftforge.fml.javafmlmod.AutomaticEventSubscriber/LOADING]: Auto-subscribing net.mcreator.animatedmobsmod.network.FiendScreamMessage to MOD
[01May2025 16:08:03.968] [modloading-worker-0/DEBUG] [net.minecraftforge.fml.javafmlmod.AutomaticEventSubscriber/LOADING]: Auto-subscribing net.mcreator.animatedmobsmod.network.FiendJumpMessage to MOD
[01May2025 16:08:03.969] [modloading-worker-0/DEBUG] [net.minecraftforge.fml.javafmlmod.AutomaticEventSubscriber/LOADING]: Auto-subscribing net.mcreator.animatedmobsmod.network.FiendBiteMessage to MOD
[01May2025 16:08:03.970] [modloading-worker-0/DEBUG] [net.minecraftforge.fml.javafmlmod.AutomaticEventSubscriber/LOADING]: Auto-subscribing net.mcreator.animatedmobsmod.network.AnimatedmobsmodModVariables to MOD
[01May2025 16:08:03.970] [modloading-worker-0/DEBUG] [net.minecraftforge.fml.javafmlmod.AutomaticEventSubscriber/LOADING]: Auto-subscribing net.mcreator.callofyucutan.network.CallOfYucutanModVariables$PlayerVariablesProvider to FORGE
[01May2025 16:08:03.971] [modloading-worker-0/DEBUG] [net.minecraftforge.fml.javafmlmod.AutomaticEventSubscriber/LOADING]: Auto-subscribing net.mcreator.callofyucutan.network.CallOfYucutanModVariables$EventBusVariableHandlers to FORGE
[01May2025 16:08:03.970] [modloading-worker-0/DEBUG] [net.minecraftforge.fml.javafmlmod.AutomaticEventSubscriber/LOADING]: Auto-subscribing net.mcreator.animatedmobsmod.network.AnimatedmobsmodModVariables$EventBusVariableHandlers to FORGE
[01May2025 16:08:03.984] [modloading-worker-0/DEBUG] [net.minecraftforge.fml.javafmlmod.AutomaticEventSubscriber/LOADING]: Auto-subscribing net.mcreator.callofyucutan.init.CallOfYucutanModRecipeTypes to MOD
[01May2025 16:08:03.984] [modloading-worker-0/DEBUG] [net.minecraftforge.fml.javafmlmod.AutomaticEventSubscriber/LOADING]: Auto-subscribing net.mcreator.callofyucutan.init.CallOfYucutanModLootModifier to MOD
[01May2025 16:08:03.985] [modloading-worker-0/DEBUG] [net.minecraftforge.fml.javafmlmod.AutomaticEventSubscriber/LOADING]: Auto-subscribing net.mcreator.animatedmobsmod.init.EntityAnimationFactory to FORGE
[01May2025 16:08:03.995] [modloading-worker-0/DEBUG] [net.minecraftforge.fml.javafmlmod.AutomaticEventSubscriber/LOADING]: Auto-subscribing net.mcreator.callofyucutan.init.CallOfYucutanModEntities to MOD
[01May2025 16:08:03.995] [modloading-worker-0/DEBUG] [net.minecraftforge.fml.javafmlmod.AutomaticEventSubscriber/LOADING]: Auto-subscribing net.mcreator.animatedmobsmod.init.AnimatedmobsmodModTabs to MOD
[01May2025 16:08:03.996] [modloading-worker-0/DEBUG] [net.minecraftforge.fml.javafmlmod.AutomaticEventSubscriber/LOADING]: Auto-subscribing net.mcreator.animatedmobsmod.init.AnimatedmobsmodModGameRules to MOD
[01May2025 16:08:03.996] [modloading-worker-0/DEBUG] [net.minecraftforge.fml.javafmlmod.AutomaticEventSubscriber/LOADING]: Auto-subscribing net.mcreator.animatedmobsmod.init.AnimatedmobsmodModFeatures to FORGE
[01May2025 16:08:03.996] [modloading-worker-0/DEBUG] [net.minecraftforge.fml.javafmlmod.AutomaticEventSubscriber/LOADING]: Auto-subscribing net.mcreator.animatedmobsmod.init.AnimatedmobsmodModEntities to MOD
[01May2025 16:08:03.997] [modloading-worker-0/DEBUG] [net.minecraftforge.fml.javafmlmod.AutomaticEventSubscriber/LOADING]: Auto-subscribing net.mcreator.animatedmobsmod.command.StopmusicCommand to FORGE
[01May2025 16:08:03.999] [modloading-worker-0/DEBUG] [net.minecraftforge.fml.javafmlmod.AutomaticEventSubscriber/LOADING]: Auto-subscribing net.mcreator.callofyucutan.Macuathuil to MOD
[01May2025 16:08:04.000] [modloading-worker-0/DEBUG] [net.minecraftforge.fml.javafmlmod.AutomaticEventSubscriber/LOADING]: Auto-subscribing net.mcreator.callofyucutan.Macuathuil$ForgeBusEvents to FORGE
[01May2025 16:08:04.001] [modloading-worker-0/DEBUG] [net.minecraftforge.fml.javafmlmod.AutomaticEventSubscriber/LOADING]: Auto-subscribing net.mcreator.animatedmobsmod.command.RemoveCommand to FORGE
[01May2025 16:08:04.002] [modloading-worker-0/DEBUG] [net.minecraftforge.fml.javafmlmod.AutomaticEventSubscriber/LOADING]: Auto-subscribing net.mcreator.animatedmobsmod.command.DespawnCommand to FORGE
[01May2025 16:08:04.013] [modloading-worker-0/DEBUG] [net.minecraftforge.fml.config.ConfigTracker/CONFIG]: Config file the_bumblezone/client.toml for the_bumblezone tracking
[01May2025 16:08:04.039] [modloading-worker-0/DEBUG] [net.minecraftforge.fml.config.ConfigTracker/CONFIG]: Config file the_bumblezone/general.toml for the_bumblezone tracking
[01May2025 16:08:04.045] [modloading-worker-0/DEBUG] [net.minecraftforge.fml.config.ConfigTracker/CONFIG]: Config file the_bumblezone/worldgen.toml for the_bumblezone tracking
[01May2025 16:08:04.047] [modloading-worker-0/DEBUG] [net.minecraftforge.fml.config.ConfigTracker/CONFIG]: Config file the_bumblezone/dimension.toml for the_bumblezone tracking
[01May2025 16:08:04.048] [modloading-worker-0/DEBUG] [net.minecraftforge.fml.config.ConfigTracker/CONFIG]: Config file the_bumblezone/bee_aggression.toml for the_bumblezone tracking
[01May2025 16:08:04.054] [modloading-worker-0/DEBUG] [net.minecraftforge.fml.config.ConfigTracker/CONFIG]: Config file the_bumblezone/mod_compatibility.toml for the_bumblezone tracking
[01May2025 16:08:04.134] [modloading-worker-0/DEBUG] [mixin/]: Mixing item.ItemExtensionMixin from the_bumblezone-forge.mixins.json into com.telepathicgrunt.the_bumblezone.platform.ItemExtension
[01May2025 16:08:04.154] [modloading-worker-0/DEBUG] [mixin/]: Mixing effect.EffectExtensionMixin from the_bumblezone-forge.mixins.json into com.telepathicgrunt.the_bumblezone.platform.EffectExtension
[01May2025 16:08:04.194] [modloading-worker-0/DEBUG] [mixin/]: Mixing block.BlockExtensionMixin from the_bumblezone-forge.mixins.json into com.telepathicgrunt.the_bumblezone.platform.BlockExtension
[01May2025 16:08:04.196] [modloading-worker-0/DEBUG] [mixin/]: Renaming synthetic method lambda$shouldDisplayFluidOverlay$1(Lnet/minecraft/world/level/block/state/BlockState;Lnet/minecraft/world/level/BlockAndTintGetter;Lnet/minecraft/core/BlockPos;Lnet/minecraft/world/level/material/FluidState;)Z to md1c81d2$lambda$shouldDisplayFluidOverlay$1$0 in the_bumblezone-forge.mixins.json:block.BlockExtensionMixin
[01May2025 16:08:04.196] [modloading-worker-0/DEBUG] [mixin/]: Renaming synthetic method lambda$canStickTo$0(Lnet/minecraft/world/level/block/state/BlockState;Lnet/minecraft/world/level/block/state/BlockState;)Z to md1c81d2$lambda$canStickTo$0$1 in the_bumblezone-forge.mixins.json:block.BlockExtensionMixin
[01May2025 16:08:04.217] [modloading-worker-0/DEBUG] [mixin/]: Mixing enchantment.BzEnchantmentMixin from the_bumblezone-forge.mixins.json into com.telepathicgrunt.the_bumblezone.platform.BzEnchantment
[01May2025 16:08:04.219] [modloading-worker-0/DEBUG] [mixin/]: Renaming synthetic method lambda$canApplyAtEnchantingTable$0(Lnet/minecraft/world/item/ItemStack;)Z to md1c81d2$lambda$canApplyAtEnchantingTable$0$0 in the_bumblezone-forge.mixins.json:enchantment.BzEnchantmentMixin
[01May2025 16:08:04.276] [modloading-worker-0/DEBUG] [net.minecraftforge.fml.javafmlmod.AutomaticEventSubscriber/LOADING]: Attempting to inject @EventBusSubscriber classes into the eventbus for bosses_of_mass_destruction
[01May2025 16:08:04.279] [modloading-worker-0/DEBUG] [net.minecraftforge.fml.javafmlmod.AutomaticEventSubscriber/LOADING]: Auto-subscribing com.cerbon.bosses_of_mass_destruction.event.ForgeEvents to FORGE
[01May2025 16:08:04.284] [modloading-worker-0/DEBUG] [net.minecraftforge.fml.javafmlmod.AutomaticEventSubscriber/LOADING]: Auto-subscribing com.cerbon.bosses_of_mass_destruction.event.BMDEvents$CommonEvents to MOD
[01May2025 16:08:04.313] [modloading-worker-0/DEBUG] [mixin/]: Mixing item.BzArrowItemMixin from the_bumblezone-forge.mixins.json into com.telepathicgrunt.the_bumblezone.platform.BzArrowItem
[01May2025 16:08:04.334] [modloading-worker-0/DEBUG] [mixin/]: Mixing item.BzBucketItemMixin from the_bumblezone-forge.mixins.json into com.telepathicgrunt.the_bumblezone.fluids.base.BzBucketItem
[01May2025 16:08:04.335] [modloading-worker-0/DEBUG] [net.minecraftforge.coremod.transformer.CoreModBaseTransformer/COREMOD]: Transforming net/minecraft/world/item/BucketItem
[01May2025 16:08:04.648] [modloading-worker-0/DEBUG] [mixin/]: Mixing block.BzFlowingFluidMixin from the_bumblezone-forge.mixins.json into com.telepathicgrunt.the_bumblezone.fluids.base.BzFlowingFluid
[01May2025 16:08:04.664] [modloading-worker-0/DEBUG] [mixin/]: Mixing block.BzLiquidBlockMixin from the_bumblezone-forge.mixins.json into com.telepathicgrunt.the_bumblezone.fluids.base.BzLiquidBlock
[01May2025 16:08:04.667] [modloading-worker-0/DEBUG] [net.minecraftforge.coremod.transformer.CoreModBaseTransformer/COREMOD]: Transforming net/minecraft/world/level/block/LiquidBlock
[01May2025 16:08:04.672] [modloading-worker-0/DEBUG] [mixin/]: Renaming synthetic method lambda$bumblezone$onInit$0()Lnet/minecraft/world/level/block/LiquidBlock; to md1c81d2$lambda$bumblezone$onInit$0$0 in the_bumblezone-forge.mixins.json:block.BzLiquidBlockMixin
[01May2025 16:08:04.679] [modloading-worker-0/DEBUG] [net.minecraftforge.fml.javafmlmod.AutomaticEventSubscriber/LOADING]: Attempting to inject @EventBusSubscriber classes into the eventbus for faded_conquest_2
[01May2025 16:08:04.680] [modloading-worker-0/DEBUG] [net.minecraftforge.fml.javafmlmod.AutomaticEventSubscriber/LOADING]: Auto-subscribing net.fadedconquest2.world.dimension.TheMirrorRealmDimension to FORGE
[01May2025 16:08:04.680] [modloading-worker-0/DEBUG] [net.minecraftforge.fml.javafmlmod.AutomaticEventSubscriber/LOADING]: Auto-subscribing net.fadedconquest2.world.dimension.TheMirrorRealmDimension$DimensionSpecialEffectsHandler to MOD
[01May2025 16:08:04.682] [modloading-worker-0/DEBUG] [net.minecraftforge.fml.javafmlmod.AutomaticEventSubscriber/LOADING]: Auto-subscribing net.fadedconquest2.world.dimension.TheAbyssDimension to FORGE
[01May2025 16:08:04.684] [modloading-worker-0/DEBUG] [net.minecraftforge.fml.javafmlmod.AutomaticEventSubscriber/LOADING]: Auto-subscribing net.fadedconquest2.world.dimension.TheAbyssDimension$DimensionSpecialEffectsHandler to MOD
[01May2025 16:08:04.685] [modloading-worker-0/DEBUG] [net.minecraftforge.fml.javafmlmod.AutomaticEventSubscriber/LOADING]: Auto-subscribing net.fadedconquest2.procedures.WhirlwindattackProcedure to FORGE
[01May2025 16:08:04.686] [modloading-worker-0/DEBUG] [net.minecraftforge.fml.javafmlmod.AutomaticEventSubscriber/LOADING]: Auto-subscribing net.fadedconquest2.procedures.VFXMaiasmaPlayerCollidesWithThisEntityProcedure to FORGE
[01May2025 16:08:04.687] [modloading-worker-0/DEBUG] [net.minecraftforge.fml.javafmlmod.AutomaticEventSubscriber/LOADING]: Auto-subscribing net.fadedconquest2.procedures.TerribletenattackProcedure to FORGE
[01May2025 16:08:04.691] [modloading-worker-0/DEBUG] [net.minecraftforge.fml.javafmlmod.AutomaticEventSubscriber/LOADING]: Auto-subscribing net.fadedconquest2.procedures.SpikedmgProcedure to FORGE
[01May2025 16:08:04.694] [modloading-worker-0/DEBUG] [net.minecraftforge.fml.javafmlmod.AutomaticEventSubscriber/LOADING]: Auto-subscribing net.fadedconquest2.procedures.RgattackProcedure to FORGE
[01May2025 16:08:04.696] [modloading-worker-0/DEBUG] [net.minecraftforge.fml.javafmlmod.AutomaticEventSubscriber/LOADING]: Auto-subscribing net.fadedconquest2.procedures.PbattackProcedure to FORGE
[01May2025 16:08:04.699] [modloading-worker-0/DEBUG] [net.minecraftforge.fml.javafmlmod.AutomaticEventSubscriber/LOADING]: Auto-subscribing net.fadedconquest2.procedures.Pb2attackProcedure to FORGE
[01May2025 16:08:04.703] [modloading-worker-0/DEBUG] [net.minecraftforge.fml.javafmlmod.AutomaticEventSubscriber/LOADING]: Auto-subscribing net.fadedconquest2.procedures.MirrorealmfallProcedure to FORGE
[01May2025 16:08:04.706] [modloading-worker-0/DEBUG] [net.minecraftforge.fml.javafmlmod.AutomaticEventSubscriber/LOADING]: Auto-subscribing net.fadedconquest2.procedures.Lichattk2Procedure to FORGE
[01May2025 16:08:04.709] [modloading-worker-0/DEBUG] [net.minecraftforge.fml.javafmlmod.AutomaticEventSubscriber/LOADING]: Auto-subscribing net.fadedconquest2.procedures.LichattackProcedure to FORGE
[01May2025 16:08:04.711] [modloading-worker-0/DEBUG] [net.minecraftforge.fml.javafmlmod.AutomaticEventSubscriber/LOADING]: Auto-subscribing net.fadedconquest2.procedures.GodslayerobtainProcedure to FORGE
[01May2025 16:08:04.714] [modloading-worker-0/DEBUG] [net.minecraftforge.fml.javafmlmod.AutomaticEventSubscriber/LOADING]: Auto-subscribing net.fadedconquest2.procedures.FcattackProcedure to FORGE
[01May2025 16:08:04.716] [modloading-worker-0/DEBUG] [net.minecraftforge.fml.javafmlmod.AutomaticEventSubscriber/LOADING]: Auto-subscribing net.fadedconquest2.procedures.Fc2attackProcedure to FORGE
[01May2025 16:08:04.718] [modloading-worker-0/DEBUG] [net.minecraftforge.fml.javafmlmod.AutomaticEventSubscriber/LOADING]: Auto-subscribing net.fadedconquest2.procedures.CalamityvesselattkProcedure to FORGE
[01May2025 16:08:04.723] [modloading-worker-0/DEBUG] [net.minecraftforge.fml.javafmlmod.AutomaticEventSubscriber/LOADING]: Auto-subscribing net.fadedconquest2.procedures.AgattackProcedure to FORGE
[01May2025 16:08:04.726] [modloading-worker-0/DEBUG] [net.minecraftforge.fml.javafmlmod.AutomaticEventSubscriber/LOADING]: Auto-subscribing net.fadedconquest2.init.FadedConquest2ModTabs to MOD
[01May2025 16:08:04.728] [modloading-worker-0/DEBUG] [net.minecraftforge.fml.javafmlmod.AutomaticEventSubscriber/LOADING]: Auto-subscribing net.fadedconquest2.init.FadedConquest2ModEntities to MOD
[01May2025 16:08:04.730] [modloading-worker-0/DEBUG] [net.minecraftforge.fml.javafmlmod.AutomaticEventSubscriber/LOADING]: Auto-subscribing net.fadedconquest2.init.EntityAnimationFactory to FORGE
[01May2025 16:08:04.731] [modloading-worker-0/DEBUG] [net.minecraftforge.fml.javafmlmod.AutomaticEventSubscriber/LOADING]: Auto-subscribing net.fadedconquest2.block.listener.ClientListener to MOD
[01May2025 16:08:04.735] [modloading-worker-0/DEBUG] [net.minecraftforge.fml.javafmlmod.AutomaticEventSubscriber/LOADING]: Auto-subscribing net.fadedconquest2.FadedConquest2Mod$initer to MOD
[01May2025 16:08:04.812] [modloading-worker-0/INFO] [com.yellowbrossproductions.illageandspillage.IllageAndSpillage/]: Loading config: /workspaces/serverSurvival/servidor_minecraft/config/illageandspillage-client.toml
[01May2025 16:08:04.813] [modloading-worker-0/INFO] [com.yellowbrossproductions.illageandspillage.IllageAndSpillage/]: Built config: /workspaces/serverSurvival/servidor_minecraft/config/illageandspillage-client.toml
[01May2025 16:08:04.814] [modloading-worker-0/INFO] [com.yellowbrossproductions.illageandspillage.IllageAndSpillage/]: Loaded config: /workspaces/serverSurvival/servidor_minecraft/config/illageandspillage-client.toml
[01May2025 16:08:04.814] [modloading-worker-0/INFO] [com.yellowbrossproductions.illageandspillage.IllageAndSpillage/]: Loading config: /workspaces/serverSurvival/servidor_minecraft/config/illageandspillage-common.toml
[01May2025 16:08:04.816] [modloading-worker-0/INFO] [com.yellowbrossproductions.illageandspillage.IllageAndSpillage/]: Built config: /workspaces/serverSurvival/servidor_minecraft/config/illageandspillage-common.toml
[01May2025 16:08:04.822] [modloading-worker-0/INFO] [com.yellowbrossproductions.illageandspillage.IllageAndSpillage/]: Loaded config: /workspaces/serverSurvival/servidor_minecraft/config/illageandspillage-common.toml
[01May2025 16:08:04.827] [modloading-worker-0/DEBUG] [net.minecraftforge.fml.javafmlmod.AutomaticEventSubscriber/LOADING]: Attempting to inject @EventBusSubscriber classes into the eventbus for illageandspillage
[01May2025 16:08:04.827] [modloading-worker-0/DEBUG] [net.minecraftforge.fml.javafmlmod.AutomaticEventSubscriber/LOADING]: Auto-subscribing com.yellowbrossproductions.illageandspillage.events.NightmareEvents to FORGE
[01May2025 16:08:04.829] [modloading-worker-0/DEBUG] [net.minecraftforge.fml.javafmlmod.AutomaticEventSubscriber/LOADING]: Auto-subscribing com.yellowbrossproductions.illageandspillage.events.ModEvents to FORGE
[01May2025 16:08:04.850] [modloading-worker-0/DEBUG] [net.minecraftforge.fml.javafmlmod.AutomaticEventSubscriber/LOADING]: Auto-subscribing com.yellowbrossproductions.illageandspillage.config.Config to FORGE
[01May2025 16:08:04.852] [modloading-worker-0/DEBUG] [net.minecraftforge.fml.javafmlmod.AutomaticEventSubscriber/LOADING]: Auto-subscribing com.yellowbrossproductions.illageandspillage.IllageAndSpillage$RegistryEvents to MOD
[01May2025 16:08:04.854] [modloading-worker-0/DEBUG] [net.minecraftforge.fml.javafmlmod.AutomaticEventSubscriber/LOADING]: Attempting to inject @EventBusSubscriber classes into the eventbus for cloth_config
[01May2025 16:08:04.879] [modloading-worker-0/DEBUG] [net.minecraftforge.versions.forge.ForgeVersion/CORE]: Forge Version package package net.minecraftforge.versions.forge, Forge, version 47.3 from cpw.mods.modlauncher.TransformingClassLoader@34332b8d
[01May2025 16:08:04.881] [modloading-worker-0/DEBUG] [net.minecraftforge.versions.forge.ForgeVersion/CORE]: Found Forge version 47.3.7
[01May2025 16:08:04.881] [modloading-worker-0/DEBUG] [net.minecraftforge.versions.forge.ForgeVersion/CORE]: Found Forge spec 47.3
[01May2025 16:08:04.881] [modloading-worker-0/DEBUG] [net.minecraftforge.versions.forge.ForgeVersion/CORE]: Found Forge group net.minecraftforge
[01May2025 16:08:04.881] [modloading-worker-0/INFO] [net.minecraftforge.common.ForgeMod/FORGEMOD]: Forge mod loading, version 47.3.7, for MC 1.20.1 with MCP 20230612.114412
[01May2025 16:08:04.881] [modloading-worker-0/INFO] [net.minecraftforge.common.MinecraftForge/FORGE]: MinecraftForge v47.3.7 Initialized
[01May2025 16:08:04.974] [modloading-worker-0/DEBUG] [mixin/]: Mixing compat1201minus.PlayerManagerMixin from pehkui.mixins.json into net.minecraft.server.players.PlayerList
[01May2025 16:08:04.975] [modloading-worker-0/DEBUG] [io.netty.util.internal.PlatformDependent0/]: -Dio.netty.noUnsafe: false
[01May2025 16:08:04.976] [modloading-worker-0/DEBUG] [io.netty.util.internal.PlatformDependent0/]: Java version: 17
[01May2025 16:08:04.977] [modloading-worker-0/DEBUG] [io.netty.util.internal.PlatformDependent0/]: sun.misc.Unsafe.theUnsafe: available
[01May2025 16:08:04.979] [modloading-worker-0/DEBUG] [io.netty.util.internal.PlatformDependent0/]: sun.misc.Unsafe.copyMemory: available
[01May2025 16:08:04.979] [modloading-worker-0/DEBUG] [io.netty.util.internal.PlatformDependent0/]: sun.misc.Unsafe.storeFence: available
[01May2025 16:08:04.980] [modloading-worker-0/DEBUG] [io.netty.util.internal.PlatformDependent0/]: java.nio.Buffer.address: available
[01May2025 16:08:04.980] [modloading-worker-0/DEBUG] [io.netty.util.internal.PlatformDependent0/]: direct buffer constructor: unavailable
java.lang.UnsupportedOperationException: Reflective setAccessible(true) disabled
	at io.netty.util.internal.ReflectionUtil.trySetAccessible(ReflectionUtil.java:31) ~[netty-common-4.1.82.Final.jar%2382!/:4.1.82.Final]
	at io.netty.util.internal.PlatformDependent0$5.run(PlatformDependent0.java:288) ~[netty-common-4.1.82.Final.jar%2382!/:4.1.82.Final]
	at java.security.AccessController.doPrivileged(AccessController.java:318) ~[?:?]
	at io.netty.util.internal.PlatformDependent0.<clinit>(PlatformDependent0.java:282) ~[netty-common-4.1.82.Final.jar%2382!/:4.1.82.Final]
	at io.netty.util.internal.PlatformDependent.isAndroid(PlatformDependent.java:333) ~[netty-common-4.1.82.Final.jar%2382!/:4.1.82.Final]
	at io.netty.util.internal.PlatformDependent.<clinit>(PlatformDependent.java:88) ~[netty-common-4.1.82.Final.jar%2382!/:4.1.82.Final]
	at io.netty.util.ConstantPool.<init>(ConstantPool.java:34) ~[netty-common-4.1.82.Final.jar%2382!/:4.1.82.Final]
	at io.netty.util.AttributeKey$1.<init>(AttributeKey.java:27) ~[netty-common-4.1.82.Final.jar%2382!/:4.1.82.Final]
	at io.netty.util.AttributeKey.<clinit>(AttributeKey.java:27) ~[netty-common-4.1.82.Final.jar%2382!/:4.1.82.Final]
	at net.minecraftforge.network.NetworkConstants.<clinit>(NetworkConstants.java:34) ~[forge-1.20.1-47.3.7-universal.jar%23164!/:?]
	at net.minecraftforge.common.ForgeMod.<init>(ForgeMod.java:429) ~[forge-1.20.1-47.3.7-universal.jar%23164!/:?]
	at jdk.internal.reflect.NativeConstructorAccessorImpl.newInstance0(Native Method) ~[?:?]
	at jdk.internal.reflect.NativeConstructorAccessorImpl.newInstance(NativeConstructorAccessorImpl.java:77) ~[?:?]
	at jdk.internal.reflect.DelegatingConstructorAccessorImpl.newInstance(DelegatingConstructorAccessorImpl.java:45) ~[?:?]
	at java.lang.reflect.Constructor.newInstanceWithCaller(Constructor.java:500) ~[?:?]
	at java.lang.reflect.Constructor.newInstance(Constructor.java:481) ~[?:?]
	at net.minecraftforge.fml.javafmlmod.FMLModContainer.constructMod(FMLModContainer.java:70) ~[javafmllanguage-1.20.1-47.3.7.jar%23161!/:?]
	at net.minecraftforge.fml.ModContainer.lambda$buildTransitionHandler$4(ModContainer.java:124) ~[fmlcore-1.20.1-47.3.7.jar%23160!/:?]
	at java.util.concurrent.CompletableFuture$AsyncRun.run(CompletableFuture.java:1804) ~[?:?]
	at java.util.concurrent.CompletableFuture$AsyncRun.exec(CompletableFuture.java:1796) ~[?:?]
	at java.util.concurrent.ForkJoinTask.doExec(ForkJoinTask.java:373) ~[?:?]
	at java.util.concurrent.ForkJoinPool$WorkQueue.topLevelExec(ForkJoinPool.java:1182) ~[?:?]
	at java.util.concurrent.ForkJoinPool.scan(ForkJoinPool.java:1655) ~[?:?]
	at java.util.concurrent.ForkJoinPool.runWorker(ForkJoinPool.java:1622) ~[?:?]
	at java.util.concurrent.ForkJoinWorkerThread.run(ForkJoinWorkerThread.java:165) ~[?:?]
[01May2025 16:08:04.983] [modloading-worker-0/DEBUG] [io.netty.util.internal.PlatformDependent0/]: java.nio.Bits.unaligned: available, true
[01May2025 16:08:04.984] [modloading-worker-0/DEBUG] [io.netty.util.internal.PlatformDependent0/]: jdk.internal.misc.Unsafe.allocateUninitializedArray(int): unavailable
java.lang.IllegalAccessException: class io.netty.util.internal.PlatformDependent0$7 (in module io.netty.common) cannot access class jdk.internal.misc.Unsafe (in module java.base) because module java.base does not export jdk.internal.misc to module io.netty.common
	at jdk.internal.reflect.Reflection.newIllegalAccessException(Reflection.java:392) ~[?:?]
	at java.lang.reflect.AccessibleObject.checkAccess(AccessibleObject.java:674) ~[?:?]
	at java.lang.reflect.Method.invoke(Method.java:561) ~[?:?]
	at io.netty.util.internal.PlatformDependent0$7.run(PlatformDependent0.java:410) ~[netty-common-4.1.82.Final.jar%2382!/:4.1.82.Final]
	at java.security.AccessController.doPrivileged(AccessController.java:318) ~[?:?]
	at io.netty.util.internal.PlatformDependent0.<clinit>(PlatformDependent0.java:401) ~[netty-common-4.1.82.Final.jar%2382!/:4.1.82.Final]
	at io.netty.util.internal.PlatformDependent.isAndroid(PlatformDependent.java:333) ~[netty-common-4.1.82.Final.jar%2382!/:4.1.82.Final]
	at io.netty.util.internal.PlatformDependent.<clinit>(PlatformDependent.java:88) ~[netty-common-4.1.82.Final.jar%2382!/:4.1.82.Final]
	at io.netty.util.ConstantPool.<init>(ConstantPool.java:34) ~[netty-common-4.1.82.Final.jar%2382!/:4.1.82.Final]
	at io.netty.util.AttributeKey$1.<init>(AttributeKey.java:27) ~[netty-common-4.1.82.Final.jar%2382!/:4.1.82.Final]
	at io.netty.util.AttributeKey.<clinit>(AttributeKey.java:27) ~[netty-common-4.1.82.Final.jar%2382!/:4.1.82.Final]
	at net.minecraftforge.network.NetworkConstants.<clinit>(NetworkConstants.java:34) ~[forge-1.20.1-47.3.7-universal.jar%23164!/:?]
	at net.minecraftforge.common.ForgeMod.<init>(ForgeMod.java:429) ~[forge-1.20.1-47.3.7-universal.jar%23164!/:?]
	at jdk.internal.reflect.NativeConstructorAccessorImpl.newInstance0(Native Method) ~[?:?]
	at jdk.internal.reflect.NativeConstructorAccessorImpl.newInstance(NativeConstructorAccessorImpl.java:77) ~[?:?]
	at jdk.internal.reflect.DelegatingConstructorAccessorImpl.newInstance(DelegatingConstructorAccessorImpl.java:45) ~[?:?]
	at java.lang.reflect.Constructor.newInstanceWithCaller(Constructor.java:500) ~[?:?]
	at java.lang.reflect.Constructor.newInstance(Constructor.java:481) ~[?:?]
	at net.minecraftforge.fml.javafmlmod.FMLModContainer.constructMod(FMLModContainer.java:70) ~[javafmllanguage-1.20.1-47.3.7.jar%23161!/:?]
	at net.minecraftforge.fml.ModContainer.lambda$buildTransitionHandler$4(ModContainer.java:124) ~[fmlcore-1.20.1-47.3.7.jar%23160!/:?]
	at java.util.concurrent.CompletableFuture$AsyncRun.run(CompletableFuture.java:1804) ~[?:?]
	at java.util.concurrent.CompletableFuture$AsyncRun.exec(CompletableFuture.java:1796) ~[?:?]
	at java.util.concurrent.ForkJoinTask.doExec(ForkJoinTask.java:373) ~[?:?]
	at java.util.concurrent.ForkJoinPool$WorkQueue.topLevelExec(ForkJoinPool.java:1182) ~[?:?]
	at java.util.concurrent.ForkJoinPool.scan(ForkJoinPool.java:1655) ~[?:?]
	at java.util.concurrent.ForkJoinPool.runWorker(ForkJoinPool.java:1622) ~[?:?]
	at java.util.concurrent.ForkJoinWorkerThread.run(ForkJoinWorkerThread.java:165) ~[?:?]
[01May2025 16:08:04.988] [modloading-worker-0/DEBUG] [io.netty.util.internal.PlatformDependent0/]: java.nio.DirectByteBuffer.<init>(long, int): unavailable
[01May2025 16:08:04.988] [modloading-worker-0/DEBUG] [io.netty.util.internal.PlatformDependent/]: sun.misc.Unsafe: available
[01May2025 16:08:04.988] [modloading-worker-0/DEBUG] [io.netty.util.internal.PlatformDependent/]: maxDirectMemory: 4294967296 bytes (maybe)
[01May2025 16:08:04.989] [modloading-worker-0/DEBUG] [io.netty.util.internal.PlatformDependent/]: -Dio.netty.tmpdir: /tmp (java.io.tmpdir)
[01May2025 16:08:04.989] [modloading-worker-0/DEBUG] [io.netty.util.internal.PlatformDependent/]: -Dio.netty.bitMode: 64 (sun.arch.data.model)
[01May2025 16:08:04.989] [modloading-worker-0/DEBUG] [io.netty.util.internal.PlatformDependent/]: -Dio.netty.maxDirectMemory: -1 bytes
[01May2025 16:08:04.990] [modloading-worker-0/DEBUG] [io.netty.util.internal.PlatformDependent/]: -Dio.netty.uninitializedArrayAllocationThreshold: -1
[01May2025 16:08:04.992] [modloading-worker-0/DEBUG] [io.netty.util.internal.CleanerJava9/]: java.nio.ByteBuffer.cleaner(): available
[01May2025 16:08:04.992] [modloading-worker-0/DEBUG] [io.netty.util.internal.PlatformDependent/]: -Dio.netty.noPreferDirect: false
[01May2025 16:08:05.006] [modloading-worker-0/DEBUG] [net.minecraftforge.fml.javafmlmod.AutomaticEventSubscriber/LOADING]: Attempting to inject @EventBusSubscriber classes into the eventbus for the_bumblezone
[01May2025 16:08:05.007] [modloading-worker-0/DEBUG] [net.minecraftforge.fml.javafmlmod.AutomaticEventSubscriber/LOADING]: Auto-subscribing com.telepathicgrunt.the_bumblezone.modcompat.forge.CorailTombstoneCompat$CorailCompatEvents to FORGE
[01May2025 16:08:05.014] [modloading-worker-0/DEBUG] [net.minecraftforge.fml.javafmlmod.AutomaticEventSubscriber/LOADING]: Auto-subscribing com.telepathicgrunt.the_bumblezone.datagen.StructureNbtUpdaterDatagen to MOD
[01May2025 16:08:05.017] [modloading-worker-0/DEBUG] [net.minecraftforge.fml.javafmlmod.AutomaticEventSubscriber/LOADING]: Attempting to inject @EventBusSubscriber classes into the eventbus for tlskincape
[01May2025 16:08:05.019] [modloading-worker-0/DEBUG] [net.minecraftforge.fml.javafmlmod.AutomaticEventSubscriber/LOADING]: Attempting to inject @EventBusSubscriber classes into the eventbus for athena
[01May2025 16:08:05.057] [modloading-worker-0/DEBUG] [net.minecraftforge.common.ForgeMod/FORGEMOD]: Loading Network data for FML net version: FML3
[01May2025 16:08:05.085] [modloading-worker-0/DEBUG] [net.minecraftforge.fml.config.ConfigTracker/CONFIG]: Config file forge-client.toml for forge tracking
[01May2025 16:08:05.087] [modloading-worker-0/DEBUG] [net.minecraftforge.fml.config.ConfigTracker/CONFIG]: Config file forge-server.toml for forge tracking
[01May2025 16:08:05.088] [modloading-worker-0/DEBUG] [net.minecraftforge.fml.ModLoadingContext/]: Attempted to register an empty config for type COMMON on mod forge
[01May2025 16:08:05.127] [modloading-worker-0/DEBUG] [net.minecraftforge.fml.javafmlmod.AutomaticEventSubscriber/LOADING]: Attempting to inject @EventBusSubscriber classes into the eventbus for forge
[01May2025 16:08:05.129] [modloading-worker-0/DEBUG] [net.minecraftforge.fml.javafmlmod.AutomaticEventSubscriber/LOADING]: Auto-subscribing net.minecraftforge.common.ForgeSpawnEggItem$CommonHandler to MOD
[01May2025 16:08:05.171] [modloading-worker-0/DEBUG] [net.minecraftforge.fml.javafmlmod.AutomaticEventSubscriber/LOADING]: Attempting to inject @EventBusSubscriber classes into the eventbus for hs_bosses
[01May2025 16:08:05.171] [modloading-worker-0/DEBUG] [net.minecraftforge.fml.javafmlmod.AutomaticEventSubscriber/LOADING]: Auto-subscribing net.mcreator.hsbosses.init.HsBossesModTabs to MOD
[01May2025 16:08:05.173] [modloading-worker-0/DEBUG] [net.minecraftforge.fml.javafmlmod.AutomaticEventSubscriber/LOADING]: Auto-subscribing net.mcreator.hsbosses.init.HsBossesModEntities to MOD
[01May2025 16:08:05.175] [modloading-worker-0/DEBUG] [net.minecraftforge.fml.javafmlmod.AutomaticEventSubscriber/LOADING]: Auto-subscribing net.mcreator.hsbosses.init.EntityAnimationFactory to FORGE
[01May2025 16:08:05.177] [modloading-worker-0/DEBUG] [net.minecraftforge.fml.javafmlmod.AutomaticEventSubscriber/LOADING]: Auto-subscribing net.mcreator.hsbosses.block.listener.ClientListener to MOD
[01May2025 16:08:05.181] [modloading-worker-0/DEBUG] [net.minecraftforge.fml.javafmlmod.AutomaticEventSubscriber/LOADING]: Attempting to inject @EventBusSubscriber classes into the eventbus for dungeons_arise
[01May2025 16:08:05.287] [modloading-worker-0/DEBUG] [net.minecraftforge.fml.config.ConfigTracker/CONFIG]: Config file Obscuria/aquamirae-common.toml for aquamirae tracking
[01May2025 16:08:05.290] [modloading-worker-0/DEBUG] [net.minecraftforge.fml.config.ConfigTracker/CONFIG]: Config file Obscuria/aquamirae-client.toml for aquamirae tracking
[01May2025 16:08:05.296] [modloading-worker-0/DEBUG] [net.minecraftforge.fml.javafmlmod.AutomaticEventSubscriber/LOADING]: Attempting to inject @EventBusSubscriber classes into the eventbus for aquamirae
[01May2025 16:08:05.297] [modloading-worker-0/DEBUG] [net.minecraftforge.fml.javafmlmod.AutomaticEventSubscriber/LOADING]: Auto-subscribing com.obscuria.aquamirae.registry.AquamiraeEntities to MOD
[01May2025 16:08:05.299] [modloading-worker-0/DEBUG] [net.minecraftforge.fml.javafmlmod.AutomaticEventSubscriber/LOADING]: Auto-subscribing com.obscuria.aquamirae.registry.AquamiraeCreativeTab to MOD
[01May2025 16:08:05.300] [modloading-worker-0/DEBUG] [net.minecraftforge.fml.javafmlmod.AutomaticEventSubscriber/LOADING]: Auto-subscribing com.obscuria.aquamirae.network.ScrollMessage to MOD
[01May2025 16:08:05.301] [modloading-worker-0/DEBUG] [net.minecraftforge.fml.javafmlmod.AutomaticEventSubscriber/LOADING]: Auto-subscribing com.obscuria.aquamirae.common.recipes.SpectralPotionRecipe to MOD
[01May2025 16:08:05.303] [modloading-worker-0/DEBUG] [net.minecraftforge.fml.javafmlmod.AutomaticEventSubscriber/LOADING]: Auto-subscribing com.obscuria.aquamirae.common.recipes.PotionOfTenacityRecipe to MOD
[01May2025 16:08:05.304] [modloading-worker-0/DEBUG] [net.minecraftforge.fml.javafmlmod.AutomaticEventSubscriber/LOADING]: Auto-subscribing com.obscuria.aquamirae.common.items.armor.TerribleArmorItem to FORGE
[01May2025 16:08:05.304] [modloading-worker-0/DEBUG] [net.minecraftforge.fml.javafmlmod.AutomaticEventSubscriber/LOADING]: Auto-subscribing com.obscuria.aquamirae.common.items.RuneOfTheStormItem to FORGE
[01May2025 16:08:05.308] [main/DEBUG] [net.minecraftforge.fml.DeferredWorkQueue/LOADING]: Dispatching synchronous work for work queue CONSTRUCT: 3 jobs
[01May2025 16:08:05.320] [main/DEBUG] [net.minecraftforge.fml.DeferredWorkQueue/LOADING]: Synchronous work queue completed in 10.36 ms
[01May2025 16:08:05.458] [main/DEBUG] [net.minecraftforge.common.capabilities.CapabilityManager/CAPABILITIES]: Attempting to automatically register: Lcom/cerbon/bosses_of_mass_destruction/capability/ChunkBlockCacheProvider;
[01May2025 16:08:05.459] [main/DEBUG] [net.minecraftforge.common.capabilities.CapabilityManager/CAPABILITIES]: Attempting to automatically register: Lcom/cerbon/cerbons_api/capability/providers/BlockPosHistoryProvider;
[01May2025 16:08:05.460] [main/DEBUG] [net.minecraftforge.common.capabilities.CapabilityManager/CAPABILITIES]: Attempting to automatically register: Lcom/cerbon/cerbons_api/capability/providers/LevelEventSchedulerProvider;
[01May2025 16:08:05.460] [main/DEBUG] [net.minecraftforge.common.capabilities.CapabilityManager/CAPABILITIES]: Attempting to automatically register: Lcom/cerbon/cerbons_api/capability/providers/Vec3HistoryProvider;
[01May2025 16:08:05.461] [main/DEBUG] [net.minecraftforge.common.capabilities.CapabilityManager/CAPABILITIES]: Attempting to automatically register: Lnet/minecraftforge/energy/IEnergyStorage;
[01May2025 16:08:05.461] [main/DEBUG] [net.minecraftforge.common.capabilities.CapabilityManager/CAPABILITIES]: Attempting to automatically register: Lnet/minecraftforge/fluids/capability/IFluidHandler;
[01May2025 16:08:05.461] [main/DEBUG] [net.minecraftforge.common.capabilities.CapabilityManager/CAPABILITIES]: Attempting to automatically register: Lnet/minecraftforge/fluids/capability/IFluidHandlerItem;
[01May2025 16:08:05.461] [main/DEBUG] [net.minecraftforge.common.capabilities.CapabilityManager/CAPABILITIES]: Attempting to automatically register: Lnet/minecraftforge/items/IItemHandler;
[01May2025 16:08:06.928] [main/DEBUG] [mixin/]: Mixing compat116plus.TargetPredicateMixin from pehkui.mixins.json into net.minecraft.world.entity.ai.targeting.TargetingConditions
[01May2025 16:08:07.019] [main/DEBUG] [software.bernie.geckolib.GeckoLib/]: Registered SyncedAnimatable for class com.bobmowzie.mowziesmobs.server.item.ItemEarthboreGauntlet
[01May2025 16:08:07.995] [main/DEBUG] [mixin/]: Mixing block.BzRandomizableContainerBlockEntityMixin from the_bumblezone-forge.mixins.json into com.telepathicgrunt.the_bumblezone.blocks.blockentities.BzRandomizableContainerBlockEntity
[01May2025 16:08:08.219] [main/DEBUG] [mixin/]: Mixing world.BiomeManagerAccessor from the_bumblezone-common.mixins.json into net.minecraft.world.level.biome.BiomeManager
[01May2025 16:08:08.422] [main/WARN] [net.minecraft.network.syncher.SynchedEntityData/]: defineId called for: class net.mcreator.borninchaosv.entity.BabySpiderEntity from class net.mcreator.borninchaosv.entity.MotherSpiderEntity
[01May2025 16:08:08.427] [main/DEBUG] [mixin/]: Mixing SpawnRestrictionAccessor from graveyard-common.mixins.json into net.minecraft.world.entity.SpawnPlacements
[01May2025 16:08:08.428] [main/DEBUG] [mixin/]: Renaming @Invoker method callRegister(Lnet/minecraft/world/entity/EntityType;Lnet/minecraft/world/entity/SpawnPlacements$Type;Lnet/minecraft/world/level/levelgen/Heightmap$Types;Lnet/minecraft/world/entity/SpawnPlacements$SpawnPredicate;)V to callRegister_$md$1c81d2$0 in graveyard-common.mixins.json:SpawnRestrictionAccessor
[01May2025 16:08:08.521] [main/DEBUG] [net.minecraftforge.fml.config.ConfigTracker/CONFIG]: Loading configs type COMMON
[01May2025 16:08:08.522] [main/DEBUG] [net.minecraftforge.fml.config.ConfigFileTypeHandler/CONFIG]: Built TOML config for /workspaces/serverSurvival/servidor_minecraft/config/mowziesmobs-common.toml
[01May2025 16:08:08.527] [main/DEBUG] [net.minecraftforge.fml.config.ConfigFileTypeHandler/CONFIG]: Loaded TOML config file /workspaces/serverSurvival/servidor_minecraft/config/mowziesmobs-common.toml
[01May2025 16:08:08.529] [main/DEBUG] [net.minecraftforge.fml.config.ConfigFileTypeHandler/CONFIG]: Watching TOML config file /workspaces/serverSurvival/servidor_minecraft/config/mowziesmobs-common.toml for changes
[01May2025 16:08:08.535] [Thread-1/DEBUG] [net.minecraftforge.fml.config.ConfigFileTypeHandler/CONFIG]: Config file mowziesmobs-common.toml changed, sending notifies
[01May2025 16:08:08.541] [Thread-1/DEBUG] [net.minecraftforge.fml.config.ConfigFileTypeHandler/CONFIG]: Config file mowziesmobs-common.toml changed, sending notifies
[01May2025 16:08:08.544] [Thread-1/DEBUG] [net.minecraftforge.fml.config.ConfigFileTypeHandler/CONFIG]: Config file mowziesmobs-common.toml changed, sending notifies
[01May2025 16:08:08.547] [main/DEBUG] [net.minecraftforge.fml.config.ConfigFileTypeHandler/CONFIG]: Built TOML config for /workspaces/serverSurvival/servidor_minecraft/config/eeeabsmobs-common.toml
[01May2025 16:08:08.549] [Thread-1/DEBUG] [net.minecraftforge.fml.config.ConfigFileTypeHandler/CONFIG]: Config file mowziesmobs-common.toml changed, sending notifies
[01May2025 16:08:08.553] [main/DEBUG] [net.minecraftforge.fml.config.ConfigFileTypeHandler/CONFIG]: Loaded TOML config file /workspaces/serverSurvival/servidor_minecraft/config/eeeabsmobs-common.toml
[01May2025 16:08:08.557] [main/DEBUG] [net.minecraftforge.fml.config.ConfigFileTypeHandler/CONFIG]: Watching TOML config file /workspaces/serverSurvival/servidor_minecraft/config/eeeabsmobs-common.toml for changes
[01May2025 16:08:08.565] [Thread-1/DEBUG] [net.minecraftforge.fml.config.ConfigFileTypeHandler/CONFIG]: Config file mowziesmobs-common.toml changed, sending notifies
[01May2025 16:08:08.566] [main/DEBUG] [net.minecraftforge.fml.config.ConfigFileTypeHandler/CONFIG]: Built TOML config for /workspaces/serverSurvival/servidor_minecraft/config/pehkui-common.toml
[01May2025 16:08:08.567] [main/DEBUG] [net.minecraftforge.fml.config.ConfigFileTypeHandler/CONFIG]: Loaded TOML config file /workspaces/serverSurvival/servidor_minecraft/config/pehkui-common.toml
[01May2025 16:08:08.567] [main/DEBUG] [net.minecraftforge.fml.config.ConfigFileTypeHandler/CONFIG]: Watching TOML config file /workspaces/serverSurvival/servidor_minecraft/config/pehkui-common.toml for changes
[01May2025 16:08:08.568] [Thread-1/DEBUG] [net.minecraftforge.fml.config.ConfigFileTypeHandler/CONFIG]: Config file pehkui-common.toml changed, sending notifies
[01May2025 16:08:08.569] [Thread-1/DEBUG] [net.minecraftforge.fml.config.ConfigFileTypeHandler/CONFIG]: Config file pehkui-common.toml changed, sending notifies
[01May2025 16:08:08.569] [main/DEBUG] [net.minecraftforge.fml.config.ConfigFileTypeHandler/CONFIG]: Built TOML config for /workspaces/serverSurvival/servidor_minecraft/config/cataclysm.toml
[01May2025 16:08:08.572] [main/DEBUG] [net.minecraftforge.fml.config.ConfigFileTypeHandler/CONFIG]: Loaded TOML config file /workspaces/serverSurvival/servidor_minecraft/config/cataclysm.toml
[01May2025 16:08:08.572] [main/DEBUG] [net.minecraftforge.fml.config.ConfigFileTypeHandler/CONFIG]: Watching TOML config file /workspaces/serverSurvival/servidor_minecraft/config/cataclysm.toml for changes
[01May2025 16:08:08.607] [Thread-1/DEBUG] [net.minecraftforge.fml.config.ConfigFileTypeHandler/CONFIG]: Config file cataclysm.toml changed, sending notifies
[01May2025 16:08:08.609] [main/DEBUG] [net.minecraftforge.fml.config.ConfigFileTypeHandler/CONFIG]: Built TOML config for /workspaces/serverSurvival/servidor_minecraft/config/curios-common.toml
[01May2025 16:08:08.634] [main/DEBUG] [net.minecraftforge.fml.config.ConfigFileTypeHandler/CONFIG]: Loaded TOML config file /workspaces/serverSurvival/servidor_minecraft/config/curios-common.toml
[01May2025 16:08:08.635] [main/DEBUG] [net.minecraftforge.fml.config.ConfigFileTypeHandler/CONFIG]: Watching TOML config file /workspaces/serverSurvival/servidor_minecraft/config/curios-common.toml for changes
[01May2025 16:08:08.636] [main/DEBUG] [net.minecraftforge.fml.config.ConfigFileTypeHandler/CONFIG]: Built TOML config for /workspaces/serverSurvival/servidor_minecraft/config/citadel-common.toml
[01May2025 16:08:08.636] [main/DEBUG] [net.minecraftforge.fml.config.ConfigFileTypeHandler/CONFIG]: Loaded TOML config file /workspaces/serverSurvival/servidor_minecraft/config/citadel-common.toml
[01May2025 16:08:08.636] [main/DEBUG] [net.minecraftforge.fml.config.ConfigFileTypeHandler/CONFIG]: Watching TOML config file /workspaces/serverSurvival/servidor_minecraft/config/citadel-common.toml for changes
[01May2025 16:08:08.637] [main/DEBUG] [net.minecraftforge.fml.config.ConfigFileTypeHandler/CONFIG]: Built TOML config for /workspaces/serverSurvival/servidor_minecraft/config/legendary_monsters-common.toml
[01May2025 16:08:08.638] [Thread-1/DEBUG] [net.minecraftforge.fml.config.ConfigFileTypeHandler/CONFIG]: Config file curios-common.toml changed, sending notifies
[01May2025 16:08:08.640] [Thread-1/DEBUG] [net.minecraftforge.fml.config.ConfigFileTypeHandler/CONFIG]: Config file citadel-common.toml changed, sending notifies
[01May2025 16:08:08.641] [main/DEBUG] [net.minecraftforge.fml.config.ConfigFileTypeHandler/CONFIG]: Loaded TOML config file /workspaces/serverSurvival/servidor_minecraft/config/legendary_monsters-common.toml
[01May2025 16:08:08.641] [main/DEBUG] [net.minecraftforge.fml.config.ConfigFileTypeHandler/CONFIG]: Watching TOML config file /workspaces/serverSurvival/servidor_minecraft/config/legendary_monsters-common.toml for changes
[01May2025 16:08:08.642] [main/DEBUG] [net.minecraftforge.fml.config.ConfigFileTypeHandler/CONFIG]: Built TOML config for /workspaces/serverSurvival/servidor_minecraft/config/guardvillagers-common.toml
[01May2025 16:08:08.643] [main/DEBUG] [net.minecraftforge.fml.config.ConfigFileTypeHandler/CONFIG]: Loaded TOML config file /workspaces/serverSurvival/servidor_minecraft/config/guardvillagers-common.toml
[01May2025 16:08:08.645] [main/DEBUG] [net.minecraftforge.fml.config.ConfigFileTypeHandler/CONFIG]: Watching TOML config file /workspaces/serverSurvival/servidor_minecraft/config/guardvillagers-common.toml for changes
[01May2025 16:08:08.646] [Thread-1/DEBUG] [net.minecraftforge.fml.config.ConfigFileTypeHandler/CONFIG]: Config file legendary_monsters-common.toml changed, sending notifies
[01May2025 16:08:08.646] [Thread-1/DEBUG] [net.minecraftforge.fml.config.ConfigFileTypeHandler/CONFIG]: Config file guardvillagers-common.toml changed, sending notifies
[01May2025 16:08:08.648] [Thread-1/DEBUG] [net.minecraftforge.fml.config.ConfigFileTypeHandler/CONFIG]: Config file guardvillagers-common.toml changed, sending notifies
[01May2025 16:08:08.648] [main/DEBUG] [net.minecraftforge.fml.config.ConfigFileTypeHandler/CONFIG]: Built TOML config for /workspaces/serverSurvival/servidor_minecraft/config/takesapillage-common.toml
[01May2025 16:08:08.648] [main/DEBUG] [net.minecraftforge.fml.config.ConfigFileTypeHandler/CONFIG]: Loaded TOML config file /workspaces/serverSurvival/servidor_minecraft/config/takesapillage-common.toml
[01May2025 16:08:08.648] [main/DEBUG] [net.minecraftforge.fml.config.ConfigFileTypeHandler/CONFIG]: Watching TOML config file /workspaces/serverSurvival/servidor_minecraft/config/takesapillage-common.toml for changes
[01May2025 16:08:08.649] [main/DEBUG] [net.minecraftforge.fml.config.ConfigFileTypeHandler/CONFIG]: Built TOML config for /workspaces/serverSurvival/servidor_minecraft/config/the_bumblezone/general.toml
[01May2025 16:08:08.650] [main/DEBUG] [net.minecraftforge.fml.config.ConfigFileTypeHandler/CONFIG]: Loaded TOML config file /workspaces/serverSurvival/servidor_minecraft/config/the_bumblezone/general.toml
[01May2025 16:08:08.652] [main/DEBUG] [net.minecraftforge.fml.config.ConfigFileTypeHandler/CONFIG]: Watching TOML config file /workspaces/serverSurvival/servidor_minecraft/config/the_bumblezone/general.toml for changes
[01May2025 16:08:08.656] [main/DEBUG] [net.minecraftforge.fml.config.ConfigFileTypeHandler/CONFIG]: Built TOML config for /workspaces/serverSurvival/servidor_minecraft/config/the_bumblezone/worldgen.toml
[01May2025 16:08:08.657] [main/DEBUG] [net.minecraftforge.fml.config.ConfigFileTypeHandler/CONFIG]: Loaded TOML config file /workspaces/serverSurvival/servidor_minecraft/config/the_bumblezone/worldgen.toml
[01May2025 16:08:08.657] [main/DEBUG] [net.minecraftforge.fml.config.ConfigFileTypeHandler/CONFIG]: Watching TOML config file /workspaces/serverSurvival/servidor_minecraft/config/the_bumblezone/worldgen.toml for changes
[01May2025 16:08:08.660] [main/DEBUG] [net.minecraftforge.fml.config.ConfigFileTypeHandler/CONFIG]: Built TOML config for /workspaces/serverSurvival/servidor_minecraft/config/the_bumblezone/dimension.toml
[01May2025 16:08:08.660] [main/DEBUG] [net.minecraftforge.fml.config.ConfigFileTypeHandler/CONFIG]: Loaded TOML config file /workspaces/serverSurvival/servidor_minecraft/config/the_bumblezone/dimension.toml
[01May2025 16:08:08.660] [main/DEBUG] [net.minecraftforge.fml.config.ConfigFileTypeHandler/CONFIG]: Watching TOML config file /workspaces/serverSurvival/servidor_minecraft/config/the_bumblezone/dimension.toml for changes
[01May2025 16:08:08.661] [main/DEBUG] [net.minecraftforge.fml.config.ConfigFileTypeHandler/CONFIG]: Built TOML config for /workspaces/serverSurvival/servidor_minecraft/config/the_bumblezone/bee_aggression.toml
[01May2025 16:08:08.663] [main/DEBUG] [net.minecraftforge.fml.config.ConfigFileTypeHandler/CONFIG]: Loaded TOML config file /workspaces/serverSurvival/servidor_minecraft/config/the_bumblezone/bee_aggression.toml
[01May2025 16:08:08.664] [main/DEBUG] [net.minecraftforge.fml.config.ConfigFileTypeHandler/CONFIG]: Watching TOML config file /workspaces/serverSurvival/servidor_minecraft/config/the_bumblezone/bee_aggression.toml for changes
[01May2025 16:08:08.665] [main/DEBUG] [net.minecraftforge.fml.config.ConfigFileTypeHandler/CONFIG]: Built TOML config for /workspaces/serverSurvival/servidor_minecraft/config/the_bumblezone/mod_compatibility.toml
[01May2025 16:08:08.668] [main/DEBUG] [net.minecraftforge.fml.config.ConfigFileTypeHandler/CONFIG]: Loaded TOML config file /workspaces/serverSurvival/servidor_minecraft/config/the_bumblezone/mod_compatibility.toml
[01May2025 16:08:08.668] [main/DEBUG] [net.minecraftforge.fml.config.ConfigFileTypeHandler/CONFIG]: Watching TOML config file /workspaces/serverSurvival/servidor_minecraft/config/the_bumblezone/mod_compatibility.toml for changes
[01May2025 16:08:08.672] [main/DEBUG] [net.minecraftforge.fml.config.ConfigFileTypeHandler/CONFIG]: Built TOML config for /workspaces/serverSurvival/servidor_minecraft/config/Obscuria/aquamirae-common.toml
[01May2025 16:08:08.673] [main/DEBUG] [net.minecraftforge.fml.config.ConfigFileTypeHandler/CONFIG]: Loaded TOML config file /workspaces/serverSurvival/servidor_minecraft/config/Obscuria/aquamirae-common.toml
[01May2025 16:08:08.673] [main/DEBUG] [net.minecraftforge.fml.config.ConfigFileTypeHandler/CONFIG]: Watching TOML config file /workspaces/serverSurvival/servidor_minecraft/config/Obscuria/aquamirae-common.toml for changes
[01May2025 16:08:08.759] [modloading-worker-0/DEBUG] [mixin/]: Mixing MixinSlotAttribute from curios.mixins.json into top.theillusivec4.curios.api.SlotAttribute
[01May2025 16:08:08.767] [modloading-worker-0/DEBUG] [mixin/]: Mixing MixinCuriosApi from curios.mixins.json into top.theillusivec4.curios.api.CuriosApi
[01May2025 16:08:09.241] [Forge Version Check/INFO] [net.minecraftforge.fml.VersionChecker/]: [obscure_api] Starting version check at https://raw.githubusercontent.com/ObscuriaLithium/Home/main/obscure_api/versions.json
[01May2025 16:08:09.671] [main/DEBUG] [net.minecraftforge.fml.DeferredWorkQueue/LOADING]: Dispatching synchronous work for work queue COMMON_SETUP: 37 jobs
[01May2025 16:08:09.678] [main/INFO] [com.eeeab.eeeabsmobs.EEEABMobs/]: Starting to register Curios item...
[01May2025 16:08:09.850] [main/DEBUG] [net.minecraftforge.fml.DeferredWorkQueue/LOADING]: Synchronous work queue completed in 178.6 ms
[01May2025 16:08:09.859] [Forge Version Check/DEBUG] [net.minecraftforge.fml.VersionChecker/]: [obscure_api] Received version check data:
404: Not Found
[01May2025 16:08:09.860] [Forge Version Check/WARN] [net.minecraftforge.fml.VersionChecker/]: Failed to process update information
com.google.gson.JsonSyntaxException: java.lang.IllegalStateException: Expected BEGIN_OBJECT but was NUMBER at line 1 column 4 path $
	at com.google.gson.Gson.fromJson(Gson.java:1226) ~[gson-2.10.jar%2372!/:?]
	at com.google.gson.Gson.fromJson(Gson.java:1124) ~[gson-2.10.jar%2372!/:?]
	at com.google.gson.Gson.fromJson(Gson.java:1034) ~[gson-2.10.jar%2372!/:?]
	at com.google.gson.Gson.fromJson(Gson.java:969) ~[gson-2.10.jar%2372!/:?]
	at net.minecraftforge.fml.VersionChecker$1.process(VersionChecker.java:183) ~[fmlcore-1.20.1-47.3.7.jar%23160!/:?]
	at java.lang.Iterable.forEach(Iterable.java:75) ~[?:?]
	at net.minecraftforge.fml.VersionChecker$1.run(VersionChecker.java:114) ~[fmlcore-1.20.1-47.3.7.jar%23160!/:?]
Caused by: java.lang.IllegalStateException: Expected BEGIN_OBJECT but was NUMBER at line 1 column 4 path $
	at com.google.gson.stream.JsonReader.beginObject(JsonReader.java:393) ~[gson-2.10.jar%2372!/:?]
	at com.google.gson.internal.bind.MapTypeAdapterFactory$Adapter.read(MapTypeAdapterFactory.java:182) ~[gson-2.10.jar%2372!/:?]
	at com.google.gson.internal.bind.MapTypeAdapterFactory$Adapter.read(MapTypeAdapterFactory.java:144) ~[gson-2.10.jar%2372!/:?]
	at com.google.gson.Gson.fromJson(Gson.java:1214) ~[gson-2.10.jar%2372!/:?]
	... 6 more
[01May2025 16:08:09.864] [Forge Version Check/INFO] [net.minecraftforge.fml.VersionChecker/]: [mr_dungeons_andtaverns] Starting version check at https://api.modrinth.com/updates/tpehi7ww/forge_updates.json
[01May2025 16:08:09.873] [modloading-worker-0/INFO] [com.eeeab.eeeabsmobs.EEEABMobs/]: Registering custom criteria trigger...
[01May2025 16:08:10.053] [main/DEBUG] [mixin/]: Mixing entities.EntityCollisionContextAccessor from the_bumblezone-common.mixins.json into net.minecraft.world.phys.shapes.EntityCollisionContext
[01May2025 16:08:10.141] [Forge Version Check/DEBUG] [net.minecraftforge.fml.VersionChecker/]: [mr_dungeons_andtaverns] Received version check data:
{"homepage":"https://modrinth.com/mod/tpehi7ww","promos":{"1.21.4-recommended":"v4.6.3+mod","1.19.4-recommended":"2.0.2+mod","1.21-recommended":"v4.4.4+mod","1.21-latest":"v4.4.4+mod","1.21.2-latest":"v4.5+mod","1.19.2-latest":"2.0.2+mod","1.20.5-latest":"3.2+mod","1.19.4-latest":"2.0.2+mod","1.21.1-latest":"v4.4.4+mod","1.20.2-recommended":"3.0.3.f+mod","1.20-recommended":"3.0.3.f+mod","1.21.5-latest":"v4.7+mod","1.20.2-latest":"3.0.3.f+mod","1.20.3-recommended":"3.1.1+mod","1.19-latest":"2.0.2+mod","1.20-latest":"3.0.3.f+mod","1.19.1-latest":"2.0.2+mod","1.19.3-latest":"2.0.2+mod","1.20.1-latest":"3.0.3.f+mod","1.20.6-latest":"3.2+mod","1.21.1-recommended":"v4.4.4+mod","1.21.2-recommended":"v4.5+mod","1.19.2-recommended":"2.0.2+mod","1.20.3-latest":"3.1.1+mod","1.19.3-recommended":"2.0.2+mod","1.20.1-recommended":"3.0.3.f+mod","1.21.5-recommended":"v4.7+mod","1.21.4-latest":"v4.6.3+mod","1.21.3-recommended":"v4.5+mod","1.20.6-recommended":"3.2+mod","1.21.3-latest":"v4.5+mod","1.20.4-latest":"3.1.1+mod","1.20.4-recommended":"3.1.1+mod","1.19.1-recommended":"2.0.2+mod","1.19-recommended":"2.0.2+mod","1.20.5-recommended":"3.2+mod"}}
[01May2025 16:08:10.144] [Forge Version Check/INFO] [net.minecraftforge.fml.VersionChecker/]: [mr_dungeons_andtaverns] Found status: OUTDATED Current: 3.0.3.f Target: 3.0.3.f+mod
[01May2025 16:08:10.145] [Forge Version Check/INFO] [net.minecraftforge.fml.VersionChecker/]: [guardvillagers] Starting version check at https://raw.githubusercontent.com/seymourimadeit/guardvillagers/master/update.json
[01May2025 16:08:10.161] [Forge Version Check/DEBUG] [net.minecraftforge.fml.VersionChecker/]: [guardvillagers] Received version check data:
{
	"homepage": "https://www.curseforge.com/minecraft/mc-mods/guard-villagers/files",
	"promos": {
		"1.14.4-latest": "1.0.5",
		"1.14.4-recommended": "1.0.5",
		"1.15.2-latest": "1.0.8",
		"1.15.2-recommended": "1.0.8",
		"1.16.1-latest": "1.1.4",
		"1.16.1-recommended": "1.1.4",
		"1.16.3-latest": "1.1.9",
		"1.16.3-recommended": "1.1.9",
                "1.16.4-latest": "1.2.6",
		"1.16.4-recommended": "1.2.6",
                "1.16.5-latest": "1.2.6",
		"1.16.5-recommended": "1.2.6",
		"1.17.1-latest": "1.3.4",
		"1.17.1-recommended": "1.3.4",
		"1.18-recommended": "1.4.0",
		"1.18-latest": "1.4.0",
		"1.18.1-recommended": "1.4.0",
		"1.18.1-latest": "1.4.0",
		"1.18.2-recommended": "1.4.3",
		"1.18.2-latest": "1.4.3",
		"1.19-recommended": "1.5.1",
		"1.19-latest": "1.5.1",
		"1.19.1-recommended": "1.5.1",
		"1.19.1-latest": "1.5.1",
		"1.19.2-recommended": "1.19.2-1.5.7",
		"1.19.2-latest": "1.19.2-1.5.7",
		"1.19.3-recommended": "1.19.3-1.5.5",
		"1.19.3-latest": "1.19.3-1.5.5",
		"1.19.4-recommended": "1.19.4-1.5.8",
		"1.19.4-latest": "1.19.4-1.5.8",
		"1.20-latest": "1.20-1.6.1",
		"1.20.1-latest": "1.20-1.6.5"
	}
}
[01May2025 16:08:10.162] [Forge Version Check/INFO] [net.minecraftforge.fml.VersionChecker/]: [guardvillagers] Found status: BETA Current: 1.20.1-1.6.6 Target: 1.20-1.6.5
[01May2025 16:08:10.162] [Forge Version Check/INFO] [net.minecraftforge.fml.VersionChecker/]: [forge] Starting version check at https://files.minecraftforge.net/net/minecraftforge/forge/promotions_slim.json
[01May2025 16:08:10.380] [Forge Version Check/DEBUG] [net.minecraftforge.fml.VersionChecker/]: [forge] Received version check data:
{
  "homepage": "https://files.minecraftforge.net/net/minecraftforge/forge/",
  "promos": {
    "1.1-latest": "1.3.4.29",
    "1.2.3-latest": "1.4.1.64",
    "1.2.4-latest": "2.0.0.68",
    "1.2.5-latest": "3.4.9.171",
    "1.3.2-latest": "4.3.5.318",
    "1.4.0-latest": "5.0.0.326",
    "1.4.1-latest": "6.0.0.329",
    "1.4.2-latest": "6.0.1.355",
    "1.4.3-latest": "6.2.1.358",
    "1.4.4-latest": "6.3.0.378",
    "1.4.5-latest": "6.4.2.448",
    "1.4.6-latest": "6.5.0.489",
    "1.4.7-latest": "6.6.2.534",
    "1.5-latest": "7.7.0.598",
    "1.5.1-latest": "7.7.2.682",
    "1.5.2-latest": "7.8.1.738",
    "1.5.2-recommended": "7.8.1.738",
    "1.6.1-latest": "8.9.0.775",
    "1.6.2-latest": "9.10.1.871",
    "1.6.2-recommended": "9.10.1.871",
    "1.6.3-latest": "9.11.0.878",
    "1.6.4-latest": "9.11.1.1345",
    "1.6.4-recommended": "9.11.1.1345",
    "1.7.2-latest": "10.12.2.1161",
    "1.7.2-recommended": "10.12.2.1161",
    "1.7.10_pre4-latest": "10.12.2.1149",
    "1.7.10-latest": "10.13.4.1614",
    "1.7.10-recommended": "10.13.4.1614",
    "1.8-latest": "11.14.4.1577",
    "1.8-recommended": "11.14.4.1563",
    "1.8.8-latest": "11.15.0.1655",
    "1.8.9-latest": "11.15.1.2318",
    "1.8.9-recommended": "11.15.1.2318",
    "1.9-latest": "12.16.1.1938",
    "1.9-recommended": "12.16.1.1887",
    "1.9.4-latest": "12.17.0.2317",
    "1.9.4-recommended": "12.17.0.2317",
    "1.10-latest": "12.18.0.2000",
    "1.10.2-latest": "12.18.3.2511",
    "1.10.2-recommended": "12.18.3.2511",
    "1.11-latest": "13.19.1.2199",
    "1.11-recommended": "13.19.1.2189",
    "1.11.2-latest": "13.20.1.2588",
    "1.11.2-recommended": "13.20.1.2588",
    "1.12-latest": "14.21.1.2443",
    "1.12-recommended": "14.21.1.2387",
    "1.12.1-latest": "14.22.1.2485",
    "1.12.1-recommended": "14.22.1.2478",
    "1.12.2-latest": "14.23.5.2860",
    "1.12.2-recommended": "14.23.5.2859",
    "1.13.2-latest": "25.0.223",
    "1.14.2-latest": "26.0.63",
    "1.14.3-latest": "27.0.60",
    "1.14.4-latest": "28.2.26",
    "1.14.4-recommended": "28.2.26",
    "1.15-latest": "29.0.4",
    "1.15.1-latest": "30.0.51",
    "1.15.2-latest": "31.2.57",
    "1.15.2-recommended": "31.2.57",
    "1.16.1-latest": "32.0.108",
    "1.16.2-latest": "33.0.61",
    "1.16.3-latest": "34.1.42",
    "1.16.3-recommended": "34.1.0",
    "1.16.4-latest": "35.1.37",
    "1.16.4-recommended": "35.1.4",
    "1.16.5-latest": "36.2.42",
    "1.16.5-recommended": "36.2.34",
    "1.17.1-latest": "37.1.1",
    "1.17.1-recommended": "37.1.1",
    "1.18-latest": "38.0.17",
    "1.18.1-latest": "39.1.2",
    "1.18.1-recommended": "39.1.0",
    "1.18.2-recommended": "40.3.0",
    "1.18.2-latest": "40.3.10",
    "1.19-latest": "41.1.0",
    "1.19-recommended": "41.1.0",
    "1.19.1-latest": "42.0.9",
    "1.19.2-recommended": "43.5.0",
    "1.19.2-latest": "43.5.0",
    "1.19.3-latest": "44.1.23",
    "1.19.3-recommended": "44.1.0",
    "1.19.4-recommended": "45.4.0",
    "1.19.4-latest": "45.4.0",
    "1.20-latest": "46.0.14",
    "1.20.1-recommended": "47.4.0",
    "1.20.1-latest": "47.4.0",
    "1.20.2-latest": "48.1.0",
    "1.20.2-recommended": "48.1.0",
    "1.20.3-latest": "49.0.2",
    "1.20.4-latest": "49.2.0",
    "1.20.4-recommended": "49.2.0",
    "1.20.6-latest": "50.2.0",
    "1.20.6-recommended": "50.2.0",
    "1.21-latest": "51.0.33",
    "1.21.1-latest": "52.1.1",
    "1.21.1-recommended": "52.1.0",
    "1.21.3-latest": "53.1.1",
    "1.21.3-recommended": "53.1.0",
    "1.21.4-latest": "54.1.3",
    "1.21.4-recommended": "54.1.0",
    "1.21.5-latest": "55.0.9"
  }
}
[01May2025 16:08:10.380] [Forge Version Check/INFO] [net.minecraftforge.fml.VersionChecker/]: [forge] Found status: OUTDATED Current: 47.3.7 Target: 47.4.0
[01May2025 16:08:10.384] [Forge Version Check/INFO] [net.minecraftforge.fml.VersionChecker/]: [aquamirae] Starting version check at https://raw.githubusercontent.com/ObscuriaLithium/Home/main/aquamirae/versions.json
[01May2025 16:08:10.490] [Forge Version Check/DEBUG] [net.minecraftforge.fml.VersionChecker/]: [aquamirae] Received version check data:
404: Not Found
[01May2025 16:08:10.494] [Forge Version Check/WARN] [net.minecraftforge.fml.VersionChecker/]: Failed to process update information
com.google.gson.JsonSyntaxException: java.lang.IllegalStateException: Expected BEGIN_OBJECT but was NUMBER at line 1 column 4 path $
	at com.google.gson.Gson.fromJson(Gson.java:1226) ~[gson-2.10.jar%2372!/:?]
	at com.google.gson.Gson.fromJson(Gson.java:1124) ~[gson-2.10.jar%2372!/:?]
	at com.google.gson.Gson.fromJson(Gson.java:1034) ~[gson-2.10.jar%2372!/:?]
	at com.google.gson.Gson.fromJson(Gson.java:969) ~[gson-2.10.jar%2372!/:?]
	at net.minecraftforge.fml.VersionChecker$1.process(VersionChecker.java:183) ~[fmlcore-1.20.1-47.3.7.jar%23160!/:?]
	at java.lang.Iterable.forEach(Iterable.java:75) ~[?:?]
	at net.minecraftforge.fml.VersionChecker$1.run(VersionChecker.java:114) ~[fmlcore-1.20.1-47.3.7.jar%23160!/:?]
Caused by: java.lang.IllegalStateException: Expected BEGIN_OBJECT but was NUMBER at line 1 column 4 path $
	at com.google.gson.stream.JsonReader.beginObject(JsonReader.java:393) ~[gson-2.10.jar%2372!/:?]
	at com.google.gson.internal.bind.MapTypeAdapterFactory$Adapter.read(MapTypeAdapterFactory.java:182) ~[gson-2.10.jar%2372!/:?]
	at com.google.gson.internal.bind.MapTypeAdapterFactory$Adapter.read(MapTypeAdapterFactory.java:144) ~[gson-2.10.jar%2372!/:?]
	at com.google.gson.Gson.fromJson(Gson.java:1214) ~[gson-2.10.jar%2372!/:?]
	... 6 more
[01May2025 16:08:13.697] [main/INFO] [com.mojang.authlib.yggdrasil.YggdrasilAuthenticationService/]: Environment: authHost='https://authserver.mojang.com', accountsHost='https://api.mojang.com', sessionHost='https://sessionserver.mojang.com', servicesHost='https://api.minecraftservices.com', name='PROD'
[01May2025 16:08:13.739] [main/DEBUG] [mixin/]: Mixing util.FileUtilMixin from the_bumblezone-common.mixins.json into net.minecraft.FileUtil
[01May2025 16:08:15.409] [main/WARN] [net.minecraft.server.packs.VanillaPackResourcesBuilder/]: Assets URL 'union:/workspaces/serverSurvival/servidor_minecraft/libraries/net/minecraft/server/1.20.1-20230612.114412/server-1.20.1-20230612.114412-srg.jar%23159!/assets/.mcassetsroot' uses unexpected schema
[01May2025 16:08:15.410] [main/WARN] [net.minecraft.server.packs.VanillaPackResourcesBuilder/]: Assets URL 'union:/workspaces/serverSurvival/servidor_minecraft/libraries/net/minecraft/server/1.20.1-20230612.114412/server-1.20.1-20230612.114412-srg.jar%23159!/data/.mcassetsroot' uses unexpected schema
[01May2025 16:08:15.468] [main/DEBUG] [mixin/]: Mixing reach.compat1204minus.compat119plus.ServerPlayerInteractionManagerMixin from pehkui.mixins.json into net.minecraft.server.level.ServerPlayerGameMode
[01May2025 16:08:15.537] [main/DEBUG] [net.minecraftforge.server.ServerLifecycleHooks/CORE]: Generating PackInfo named mod:sons_of_sins for mod file /workspaces/serverSurvival/servidor_minecraft/mods/sons-of-sins-1.20.1-2.1.6.jar
[01May2025 16:08:15.539] [main/DEBUG] [net.minecraftforge.server.ServerLifecycleHooks/CORE]: Generating PackInfo named mod:mowziesmobs for mod file /workspaces/serverSurvival/servidor_minecraft/mods/mowziesmobs-1.6.5.jar
[01May2025 16:08:15.540] [main/DEBUG] [net.minecraftforge.server.ServerLifecycleHooks/CORE]: Generating PackInfo named mod:geckolib for mod file /workspaces/serverSurvival/servidor_minecraft/mods/geckolib-forge-1.20.1-4.4.9.jar
[01May2025 16:08:15.540] [main/DEBUG] [net.minecraftforge.server.ServerLifecycleHooks/CORE]: Generating PackInfo named mod:eeeabsmobs for mod file /workspaces/serverSurvival/servidor_minecraft/mods/eeeabsmobs-1.20.1-0.96.1.jar
[01May2025 16:08:15.544] [main/DEBUG] [net.minecraftforge.server.ServerLifecycleHooks/CORE]: Generating PackInfo named mod:call_of_drowner for mod file /workspaces/serverSurvival/servidor_minecraft/mods/call_of_drowner-0.1.0-forge-1.20.1.jar
[01May2025 16:08:15.545] [main/DEBUG] [net.minecraftforge.server.ServerLifecycleHooks/CORE]: Generating PackInfo named mod:graveyard for mod file /workspaces/serverSurvival/servidor_minecraft/mods/The_Graveyard_3.1_(FORGE)_for_1.20.1.jar
[01May2025 16:08:15.546] [main/DEBUG] [net.minecraftforge.server.ServerLifecycleHooks/CORE]: Generating PackInfo named mod:pehkui for mod file /workspaces/serverSurvival/servidor_minecraft/mods/Pehkui-3.8.2+1.20.1-forge.jar
[01May2025 16:08:15.547] [main/DEBUG] [net.minecraftforge.server.ServerLifecycleHooks/CORE]: Generating PackInfo named mod:born_in_chaos_v1 for mod file /workspaces/serverSurvival/servidor_minecraft/mods/born_in_chaos_[Forge]1.20.1_1.5.2.jar
[01May2025 16:08:15.548] [main/DEBUG] [net.minecraftforge.server.ServerLifecycleHooks/CORE]: Generating PackInfo named mod:lionfishapi for mod file /workspaces/serverSurvival/servidor_minecraft/mods/lionfishapi-1.9.jar
[01May2025 16:08:15.549] [main/DEBUG] [net.minecraftforge.server.ServerLifecycleHooks/CORE]: Generating PackInfo named mod:obscure_api for mod file /workspaces/serverSurvival/servidor_minecraft/mods/obscure_api-15.jar
[01May2025 16:08:15.549] [main/DEBUG] [net.minecraftforge.server.ServerLifecycleHooks/CORE]: Generating PackInfo named mod:cataclysm for mod file /workspaces/serverSurvival/servidor_minecraft/mods/L_Enders_Cataclysm-2.16 - 1.20.1.jar
[01May2025 16:08:15.550] [main/DEBUG] [net.minecraftforge.server.ServerLifecycleHooks/CORE]: Generating PackInfo named mod:curios for mod file /workspaces/serverSurvival/servidor_minecraft/mods/curios-forge-5.10.0+1.20.1.jar
[01May2025 16:08:15.550] [main/DEBUG] [net.minecraftforge.server.ServerLifecycleHooks/CORE]: Generating PackInfo named mod:cerbons_api for mod file /workspaces/serverSurvival/servidor_minecraft/mods/CerbonsApi-Forge-1.20.1-1.0.0.jar
[01May2025 16:08:15.551] [main/DEBUG] [net.minecraftforge.server.ServerLifecycleHooks/CORE]: Generating PackInfo named mod:citadel for mod file /workspaces/serverSurvival/servidor_minecraft/mods/citadel-2.6.0-1.20.1.jar
[01May2025 16:08:15.552] [main/DEBUG] [net.minecraftforge.server.ServerLifecycleHooks/CORE]: Generating PackInfo named mod:legendary_monsters for mod file /workspaces/serverSurvival/servidor_minecraft/mods/legendarymonsters-1.4.6 MC 1.20.1.jar
[01May2025 16:08:15.554] [main/DEBUG] [net.minecraftforge.server.ServerLifecycleHooks/CORE]: Generating PackInfo named mod:mr_dungeons_andtaverns for mod file /workspaces/serverSurvival/servidor_minecraft/mods/dungeons-and-taverns-3.0.3.f[Forge].jar
[01May2025 16:08:15.554] [main/DEBUG] [net.minecraftforge.server.ServerLifecycleHooks/CORE]: Generating PackInfo named mod:mixinextras for mod file 
[01May2025 16:08:15.555] [main/DEBUG] [net.minecraftforge.server.ServerLifecycleHooks/CORE]: Generating PackInfo named mod:call_of_yucutan for mod file /workspaces/serverSurvival/servidor_minecraft/mods/call_of_yucatan-1.0.12-forge-1.20.1.jar
[01May2025 16:08:15.555] [main/DEBUG] [net.minecraftforge.server.ServerLifecycleHooks/CORE]: Generating PackInfo named mod:guardvillagers for mod file /workspaces/serverSurvival/servidor_minecraft/mods/guardvillagers-1.20.1-1.6.6.jar
[01May2025 16:08:15.555] [main/DEBUG] [net.minecraftforge.server.ServerLifecycleHooks/CORE]: Generating PackInfo named mod:takesapillage for mod file /workspaces/serverSurvival/servidor_minecraft/mods/takesapillage-1.0.3-1.20.1.jar
[01May2025 16:08:15.556] [main/DEBUG] [net.minecraftforge.server.ServerLifecycleHooks/CORE]: Generating PackInfo named mod:animatedmobsmod for mod file /workspaces/serverSurvival/servidor_minecraft/mods/AME's Mobs 1.4.1 - 1.20.1.jar
[01May2025 16:08:15.557] [main/DEBUG] [net.minecraftforge.server.ServerLifecycleHooks/CORE]: Generating PackInfo named mod:bosses_of_mass_destruction for mod file /workspaces/serverSurvival/servidor_minecraft/mods/BOMD-Forge-1.20.1-1.1.1.jar
[01May2025 16:08:15.560] [main/DEBUG] [net.minecraftforge.server.ServerLifecycleHooks/CORE]: Generating PackInfo named mod:the_bumblezone for mod file /workspaces/serverSurvival/servidor_minecraft/mods/the_bumblezone-7.6.8+1.20.1-forge.jar
[01May2025 16:08:15.560] [main/DEBUG] [net.minecraftforge.server.ServerLifecycleHooks/CORE]: Generating PackInfo named mod:faded_conquest_2 for mod file /workspaces/serverSurvival/servidor_minecraft/mods/faded_conquest_2-1.3.0B-forge-1.20.1.jar
[01May2025 16:08:15.561] [main/DEBUG] [net.minecraftforge.server.ServerLifecycleHooks/CORE]: Generating PackInfo named mod:illageandspillage for mod file /workspaces/serverSurvival/servidor_minecraft/mods/illageandspillage-1.1.0.jar
[01May2025 16:08:15.561] [main/DEBUG] [net.minecraftforge.server.ServerLifecycleHooks/CORE]: Generating PackInfo named mod:cloth_config for mod file /workspaces/serverSurvival/servidor_minecraft/mods/cloth-config-11.1.118-forge.jar
[01May2025 16:08:15.561] [main/DEBUG] [net.minecraftforge.server.ServerLifecycleHooks/CORE]: Generating PackInfo named mod:forge for mod file /workspaces/serverSurvival/servidor_minecraft/libraries/net/minecraftforge/forge/1.20.1-47.3.7/forge-1.20.1-47.3.7-universal.jar
[01May2025 16:08:15.561] [main/DEBUG] [net.minecraftforge.server.ServerLifecycleHooks/CORE]: Generating PackInfo named mod:tlskincape for mod file /workspaces/serverSurvival/servidor_minecraft/mods/tl_skin_cape_forge_1.20_1.20.1-1.32.jar
[01May2025 16:08:15.562] [main/DEBUG] [net.minecraftforge.server.ServerLifecycleHooks/CORE]: Generating PackInfo named mod:athena for mod file 
[01May2025 16:08:15.562] [main/DEBUG] [net.minecraftforge.server.ServerLifecycleHooks/CORE]: Generating PackInfo named mod:aquamirae for mod file /workspaces/serverSurvival/servidor_minecraft/mods/aquamirae-6.API15.jar
[01May2025 16:08:15.562] [main/DEBUG] [net.minecraftforge.server.ServerLifecycleHooks/CORE]: Generating PackInfo named mod:hs_bosses for mod file /workspaces/serverSurvival/servidor_minecraft/mods/hs_bosses-0.0.3.jar
[01May2025 16:08:15.562] [main/DEBUG] [net.minecraftforge.server.ServerLifecycleHooks/CORE]: Generating PackInfo named mod:dungeons_arise for mod file /workspaces/serverSurvival/servidor_minecraft/mods/DungeonsArise-1.20.1-2.1.57-release.jar
[01May2025 16:08:19.520] [main/DEBUG] [mixin/]: Mixing PrimaryLevelDataMixin from obscure_api.mixins.json into net.minecraft.world.level.storage.PrimaryLevelData
[01May2025 16:08:19.625] [main/DEBUG] [mixin/]: Mixing DataCommandInvoker$Get from pehkui.mixins.json into net.minecraft.server.commands.data.DataCommands
[01May2025 16:08:19.627] [main/DEBUG] [mixin/]: Renaming @Invoker method callExecuteGet(Lnet/minecraft/commands/CommandSourceStack;Lnet/minecraft/server/commands/data/DataAccessor;)I to callExecuteGet_$md$1c81d2$0 in pehkui.mixins.json:DataCommandInvoker$Get
[01May2025 16:08:19.627] [main/DEBUG] [mixin/]: Mixing DataCommandInvoker$Path from pehkui.mixins.json into net.minecraft.server.commands.data.DataCommands
[01May2025 16:08:19.627] [main/DEBUG] [mixin/]: Renaming @Invoker method callExecuteGet(Lnet/minecraft/commands/CommandSourceStack;Lnet/minecraft/server/commands/data/DataAccessor;Lnet/minecraft/commands/arguments/NbtPathArgument$NbtPath;)I to callExecuteGet_$md$1c81d2$1 in pehkui.mixins.json:DataCommandInvoker$Path
[01May2025 16:08:19.628] [main/DEBUG] [mixin/]: Mixing DataCommandInvoker$Scaled from pehkui.mixins.json into net.minecraft.server.commands.data.DataCommands
[01May2025 16:08:19.628] [main/DEBUG] [mixin/]: Renaming @Invoker method callExecuteGet(Lnet/minecraft/commands/CommandSourceStack;Lnet/minecraft/server/commands/data/DataAccessor;Lnet/minecraft/commands/arguments/NbtPathArgument$NbtPath;D)I to callExecuteGet_$md$1c81d2$2 in pehkui.mixins.json:DataCommandInvoker$Scaled
[01May2025 16:08:19.833] [main/DEBUG] [net.minecraftforge.coremod.transformer.CoreModBaseTransformer/COREMOD]: Transforming net/minecraft/server/commands/SummonCommand
[01May2025 16:08:20.366] [Worker-Main-1/ERROR] [net.minecraft.tags.TagLoader/]: Couldn't load tag legendary_monsters:ancient_stronghold_biomes as it is missing following references: minecraft:spruce_forest (from legendarymonsters-1.4.6 MC 1.20.1.jar)
[01May2025 16:08:21.187] [Worker-Main-1/DEBUG] [mixin/]: Mixing NbtPredicateMixin from pehkui.mixins.json into net.minecraft.advancements.critereon.NbtPredicate
[01May2025 16:08:21.187] [Worker-Main-1/DEBUG] [mixin/]: Mixing MixinNbtPredicate from curios.mixins.json into net.minecraft.advancements.critereon.NbtPredicate
[01May2025 16:08:21.263] [Worker-Main-1/DEBUG] [net.minecraftforge.coremod.transformer.CoreModBaseTransformer/COREMOD]: Transforming net/minecraft/world/entity/raid/Raid
[01May2025 16:08:22.157] [Worker-Main-1/DEBUG] [mixin/]: Mixing EntitySelectorMixin from pehkui.mixins.json into net.minecraft.commands.arguments.selector.EntitySelector
[01May2025 16:08:22.422] [main/WARN] [net.minecraft.world.level.storage.loot.LootDataManager/]: Found loot table element validation problem in {loot_tables:sons_of_sins:entities/walking_bed}.pools[0].entries[0].functions[1]: Parameters [<parameter minecraft:tool>] are not provided in this context
[01May2025 16:08:22.423] [main/WARN] [net.minecraft.world.level.storage.loot.LootDataManager/]: Found loot table element validation problem in {loot_tables:sons_of_sins:entities/blud}.pools[0].entries[0].functions[1]: Parameters [<parameter minecraft:tool>] are not provided in this context
[01May2025 16:08:22.424] [main/WARN] [net.minecraft.world.level.storage.loot.LootDataManager/]: Found loot table element validation problem in {loot_tables:sons_of_sins:entities/prowler}.pools[0].entries[0].functions[1]: Parameters [<parameter minecraft:tool>] are not provided in this context
[01May2025 16:08:22.425] [main/WARN] [net.minecraft.world.level.storage.loot.LootDataManager/]: Found loot table element validation problem in {loot_tables:sons_of_sins:entities/butcher}.pools[0].entries[0].functions[1]: Parameters [<parameter minecraft:tool>] are not provided in this context
[01May2025 16:08:22.468] [main/DEBUG] [mixin/]: Mixing item.PotionCandleRecipeMixin from the_bumblezone-forge.mixins.json into com.telepathicgrunt.the_bumblezone.items.recipes.PotionCandleRecipe
[01May2025 16:08:22.493] [main/ERROR] [net.minecraft.world.item.crafting.RecipeManager/]: Parsing error loading recipe legendary_monsters:ancient_dripstone_brick_stairs_left
com.google.gson.JsonSyntaxException: Unknown item 'legendary_monsters:ancient_dripstone_brick'
	at net.minecraft.world.item.crafting.ShapedRecipe.m_151280_(ShapedRecipe.java:292) ~[server-1.20.1-20230612.114412-srg.jar%23159!/:?]
	at java.util.Optional.orElseThrow(Optional.java:403) ~[?:?]
	at net.minecraft.world.item.crafting.ShapedRecipe.m_151278_(ShapedRecipe.java:291) ~[server-1.20.1-20230612.114412-srg.jar%23159!/:?]
	at net.minecraft.world.item.crafting.Ingredient.m_43919_(Ingredient.java:219) ~[server-1.20.1-20230612.114412-srg.jar%23159!/:?]
	at net.minecraftforge.common.crafting.VanillaIngredientSerializer.parse(VanillaIngredientSerializer.java:27) ~[forge-1.20.1-47.3.7-universal.jar%23164!/:?]
	at net.minecraftforge.common.crafting.CraftingHelper.getIngredient(CraftingHelper.java:148) ~[forge-1.20.1-47.3.7-universal.jar%23164!/:?]
	at net.minecraft.world.item.crafting.Ingredient.m_288218_(Ingredient.java:194) ~[server-1.20.1-20230612.114412-srg.jar%23159!/:?]
	at net.minecraft.world.item.crafting.ShapedRecipe.m_44210_(ShapedRecipe.java:278) ~[server-1.20.1-20230612.114412-srg.jar%23159!/:?]
	at net.minecraft.world.item.crafting.ShapedRecipe$Serializer.m_6729_(ShapedRecipe.java:306) ~[server-1.20.1-20230612.114412-srg.jar%23159!/:?]
	at net.minecraft.world.item.crafting.ShapedRecipe$Serializer.m_6729_(ShapedRecipe.java:301) ~[server-1.20.1-20230612.114412-srg.jar%23159!/:?]
	at net.minecraftforge.common.extensions.IForgeRecipeSerializer.fromJson(IForgeRecipeSerializer.java:23) ~[forge-1.20.1-47.3.7-universal.jar%23164!/:?]
	at net.minecraft.world.item.crafting.RecipeManager.fromJson(RecipeManager.java:171) ~[server-1.20.1-20230612.114412-srg.jar%23159!/:?]
	at net.minecraft.world.item.crafting.RecipeManager.m_5787_(RecipeManager.java:67) ~[server-1.20.1-20230612.114412-srg.jar%23159!/:?]
	at net.minecraft.world.item.crafting.RecipeManager.m_5787_(RecipeManager.java:34) ~[server-1.20.1-20230612.114412-srg.jar%23159!/:?]
	at net.minecraft.server.packs.resources.SimplePreparableReloadListener.m_10789_(SimplePreparableReloadListener.java:13) ~[server-1.20.1-20230612.114412-srg.jar%23159!/:?]
	at java.util.concurrent.CompletableFuture$UniAccept.tryFire(CompletableFuture.java:718) ~[?:?]
	at java.util.concurrent.CompletableFuture$Completion.run(CompletableFuture.java:482) ~[?:?]
	at net.minecraft.server.packs.resources.SimpleReloadInstance.m_143940_(SimpleReloadInstance.java:69) ~[server-1.20.1-20230612.114412-srg.jar%23159!/:?]
	at net.minecraft.Util.m_214652_(Util.java:783) ~[server-1.20.1-20230612.114412-srg.jar%23159!/:?]
	at net.minecraft.Util.m_214679_(Util.java:772) ~[server-1.20.1-20230612.114412-srg.jar%23159!/:?]
	at net.minecraft.server.Main.main(Main.java:166) ~[server-1.20.1-20230612.114412-srg.jar%23159!/:?]
	at jdk.internal.reflect.NativeMethodAccessorImpl.invoke0(Native Method) ~[?:?]
	at jdk.internal.reflect.NativeMethodAccessorImpl.invoke(NativeMethodAccessorImpl.java:77) ~[?:?]
	at jdk.internal.reflect.DelegatingMethodAccessorImpl.invoke(DelegatingMethodAccessorImpl.java:43) ~[?:?]
	at java.lang.reflect.Method.invoke(Method.java:569) ~[?:?]
	at net.minecraftforge.fml.loading.targets.CommonLaunchHandler.runTarget(CommonLaunchHandler.java:111) ~[fmlloader-1.20.1-47.3.7.jar%2369!/:?]
	at net.minecraftforge.fml.loading.targets.CommonLaunchHandler.serverService(CommonLaunchHandler.java:103) ~[fmlloader-1.20.1-47.3.7.jar%2369!/:?]
	at net.minecraftforge.fml.loading.targets.CommonServerLaunchHandler.lambda$makeService$0(CommonServerLaunchHandler.java:27) ~[fmlloader-1.20.1-47.3.7.jar%2369!/:?]
	at cpw.mods.modlauncher.LaunchServiceHandlerDecorator.launch(LaunchServiceHandlerDecorator.java:30) ~[modlauncher-10.0.9.jar%2355!/:?]
	at cpw.mods.modlauncher.LaunchServiceHandler.launch(LaunchServiceHandler.java:53) ~[modlauncher-10.0.9.jar%2355!/:?]
	at cpw.mods.modlauncher.LaunchServiceHandler.launch(LaunchServiceHandler.java:71) ~[modlauncher-10.0.9.jar%2355!/:?]
	at cpw.mods.modlauncher.Launcher.run(Launcher.java:108) ~[modlauncher-10.0.9.jar%2355!/:?]
	at cpw.mods.modlauncher.Launcher.main(Launcher.java:78) ~[modlauncher-10.0.9.jar%2355!/:?]
	at cpw.mods.modlauncher.BootstrapLaunchConsumer.accept(BootstrapLaunchConsumer.java:26) ~[modlauncher-10.0.9.jar%2355!/:?]
	at cpw.mods.modlauncher.BootstrapLaunchConsumer.accept(BootstrapLaunchConsumer.java:23) ~[modlauncher-10.0.9.jar%2355!/:?]
	at cpw.mods.bootstraplauncher.BootstrapLauncher.main(BootstrapLauncher.java:141) ~[bootstraplauncher-1.1.2.jar:?]
[01May2025 16:08:22.513] [main/ERROR] [net.minecraft.world.item.crafting.RecipeManager/]: Parsing error loading recipe legendary_monsters:purified_soul
com.google.gson.JsonSyntaxException: Invalid or unsupported recipe type 'minecraft:brewing'
	at net.minecraft.world.item.crafting.RecipeManager.m_220253_(RecipeManager.java:170) ~[server-1.20.1-20230612.114412-srg.jar%23159!/:?]
	at java.util.Optional.orElseThrow(Optional.java:403) ~[?:?]
	at net.minecraft.world.item.crafting.RecipeManager.fromJson(RecipeManager.java:169) ~[server-1.20.1-20230612.114412-srg.jar%23159!/:?]
	at net.minecraft.world.item.crafting.RecipeManager.m_5787_(RecipeManager.java:67) ~[server-1.20.1-20230612.114412-srg.jar%23159!/:?]
	at net.minecraft.world.item.crafting.RecipeManager.m_5787_(RecipeManager.java:34) ~[server-1.20.1-20230612.114412-srg.jar%23159!/:?]
	at net.minecraft.server.packs.resources.SimplePreparableReloadListener.m_10789_(SimplePreparableReloadListener.java:13) ~[server-1.20.1-20230612.114412-srg.jar%23159!/:?]
	at java.util.concurrent.CompletableFuture$UniAccept.tryFire(CompletableFuture.java:718) ~[?:?]
	at java.util.concurrent.CompletableFuture$Completion.run(CompletableFuture.java:482) ~[?:?]
	at net.minecraft.server.packs.resources.SimpleReloadInstance.m_143940_(SimpleReloadInstance.java:69) ~[server-1.20.1-20230612.114412-srg.jar%23159!/:?]
	at net.minecraft.Util.m_214652_(Util.java:783) ~[server-1.20.1-20230612.114412-srg.jar%23159!/:?]
	at net.minecraft.Util.m_214679_(Util.java:772) ~[server-1.20.1-20230612.114412-srg.jar%23159!/:?]
	at net.minecraft.server.Main.main(Main.java:166) ~[server-1.20.1-20230612.114412-srg.jar%23159!/:?]
	at jdk.internal.reflect.NativeMethodAccessorImpl.invoke0(Native Method) ~[?:?]
	at jdk.internal.reflect.NativeMethodAccessorImpl.invoke(NativeMethodAccessorImpl.java:77) ~[?:?]
	at jdk.internal.reflect.DelegatingMethodAccessorImpl.invoke(DelegatingMethodAccessorImpl.java:43) ~[?:?]
	at java.lang.reflect.Method.invoke(Method.java:569) ~[?:?]
	at net.minecraftforge.fml.loading.targets.CommonLaunchHandler.runTarget(CommonLaunchHandler.java:111) ~[fmlloader-1.20.1-47.3.7.jar%2369!/:?]
	at net.minecraftforge.fml.loading.targets.CommonLaunchHandler.serverService(CommonLaunchHandler.java:103) ~[fmlloader-1.20.1-47.3.7.jar%2369!/:?]
	at net.minecraftforge.fml.loading.targets.CommonServerLaunchHandler.lambda$makeService$0(CommonServerLaunchHandler.java:27) ~[fmlloader-1.20.1-47.3.7.jar%2369!/:?]
	at cpw.mods.modlauncher.LaunchServiceHandlerDecorator.launch(LaunchServiceHandlerDecorator.java:30) ~[modlauncher-10.0.9.jar%2355!/:?]
	at cpw.mods.modlauncher.LaunchServiceHandler.launch(LaunchServiceHandler.java:53) ~[modlauncher-10.0.9.jar%2355!/:?]
	at cpw.mods.modlauncher.LaunchServiceHandler.launch(LaunchServiceHandler.java:71) ~[modlauncher-10.0.9.jar%2355!/:?]
	at cpw.mods.modlauncher.Launcher.run(Launcher.java:108) ~[modlauncher-10.0.9.jar%2355!/:?]
	at cpw.mods.modlauncher.Launcher.main(Launcher.java:78) ~[modlauncher-10.0.9.jar%2355!/:?]
	at cpw.mods.modlauncher.BootstrapLaunchConsumer.accept(BootstrapLaunchConsumer.java:26) ~[modlauncher-10.0.9.jar%2355!/:?]
	at cpw.mods.modlauncher.BootstrapLaunchConsumer.accept(BootstrapLaunchConsumer.java:23) ~[modlauncher-10.0.9.jar%2355!/:?]
	at cpw.mods.bootstraplauncher.BootstrapLauncher.main(BootstrapLauncher.java:141) ~[bootstraplauncher-1.1.2.jar:?]
[01May2025 16:08:22.531] [main/ERROR] [net.minecraft.world.item.crafting.RecipeManager/]: Parsing error loading recipe legendary_monsters:dinosaur_bone_meal
com.google.gson.JsonSyntaxException: Unknown item 'legendary_monsters:dinosaur_bone_meal'
	at net.minecraftforge.common.crafting.CraftingHelper.getItem(CraftingHelper.java:160) ~[forge-1.20.1-47.3.7-universal.jar%23164!/:?]
	at net.minecraftforge.common.crafting.CraftingHelper.getItemStack(CraftingHelper.java:186) ~[forge-1.20.1-47.3.7-universal.jar%23164!/:?]
	at net.minecraft.world.item.crafting.ShapedRecipe.m_151274_(ShapedRecipe.java:286) ~[server-1.20.1-20230612.114412-srg.jar%23159!/:?]
	at net.minecraft.world.item.crafting.ShapedRecipe$Serializer.m_6729_(ShapedRecipe.java:311) ~[server-1.20.1-20230612.114412-srg.jar%23159!/:?]
	at net.minecraft.world.item.crafting.ShapedRecipe$Serializer.m_6729_(ShapedRecipe.java:301) ~[server-1.20.1-20230612.114412-srg.jar%23159!/:?]
	at net.minecraftforge.common.extensions.IForgeRecipeSerializer.fromJson(IForgeRecipeSerializer.java:23) ~[forge-1.20.1-47.3.7-universal.jar%23164!/:?]
	at net.minecraft.world.item.crafting.RecipeManager.fromJson(RecipeManager.java:171) ~[server-1.20.1-20230612.114412-srg.jar%23159!/:?]
	at net.minecraft.world.item.crafting.RecipeManager.m_5787_(RecipeManager.java:67) ~[server-1.20.1-20230612.114412-srg.jar%23159!/:?]
	at net.minecraft.world.item.crafting.RecipeManager.m_5787_(RecipeManager.java:34) ~[server-1.20.1-20230612.114412-srg.jar%23159!/:?]
	at net.minecraft.server.packs.resources.SimplePreparableReloadListener.m_10789_(SimplePreparableReloadListener.java:13) ~[server-1.20.1-20230612.114412-srg.jar%23159!/:?]
	at java.util.concurrent.CompletableFuture$UniAccept.tryFire(CompletableFuture.java:718) ~[?:?]
	at java.util.concurrent.CompletableFuture$Completion.run(CompletableFuture.java:482) ~[?:?]
	at net.minecraft.server.packs.resources.SimpleReloadInstance.m_143940_(SimpleReloadInstance.java:69) ~[server-1.20.1-20230612.114412-srg.jar%23159!/:?]
	at net.minecraft.Util.m_214652_(Util.java:783) ~[server-1.20.1-20230612.114412-srg.jar%23159!/:?]
	at net.minecraft.Util.m_214679_(Util.java:772) ~[server-1.20.1-20230612.114412-srg.jar%23159!/:?]
	at net.minecraft.server.Main.main(Main.java:166) ~[server-1.20.1-20230612.114412-srg.jar%23159!/:?]
	at jdk.internal.reflect.NativeMethodAccessorImpl.invoke0(Native Method) ~[?:?]
	at jdk.internal.reflect.NativeMethodAccessorImpl.invoke(NativeMethodAccessorImpl.java:77) ~[?:?]
	at jdk.internal.reflect.DelegatingMethodAccessorImpl.invoke(DelegatingMethodAccessorImpl.java:43) ~[?:?]
	at java.lang.reflect.Method.invoke(Method.java:569) ~[?:?]
	at net.minecraftforge.fml.loading.targets.CommonLaunchHandler.runTarget(CommonLaunchHandler.java:111) ~[fmlloader-1.20.1-47.3.7.jar%2369!/:?]
	at net.minecraftforge.fml.loading.targets.CommonLaunchHandler.serverService(CommonLaunchHandler.java:103) ~[fmlloader-1.20.1-47.3.7.jar%2369!/:?]
	at net.minecraftforge.fml.loading.targets.CommonServerLaunchHandler.lambda$makeService$0(CommonServerLaunchHandler.java:27) ~[fmlloader-1.20.1-47.3.7.jar%2369!/:?]
	at cpw.mods.modlauncher.LaunchServiceHandlerDecorator.launch(LaunchServiceHandlerDecorator.java:30) ~[modlauncher-10.0.9.jar%2355!/:?]
	at cpw.mods.modlauncher.LaunchServiceHandler.launch(LaunchServiceHandler.java:53) ~[modlauncher-10.0.9.jar%2355!/:?]
	at cpw.mods.modlauncher.LaunchServiceHandler.launch(LaunchServiceHandler.java:71) ~[modlauncher-10.0.9.jar%2355!/:?]
	at cpw.mods.modlauncher.Launcher.run(Launcher.java:108) ~[modlauncher-10.0.9.jar%2355!/:?]
	at cpw.mods.modlauncher.Launcher.main(Launcher.java:78) ~[modlauncher-10.0.9.jar%2355!/:?]
	at cpw.mods.modlauncher.BootstrapLaunchConsumer.accept(BootstrapLaunchConsumer.java:26) ~[modlauncher-10.0.9.jar%2355!/:?]
	at cpw.mods.modlauncher.BootstrapLaunchConsumer.accept(BootstrapLaunchConsumer.java:23) ~[modlauncher-10.0.9.jar%2355!/:?]
	at cpw.mods.bootstraplauncher.BootstrapLauncher.main(BootstrapLauncher.java:141) ~[bootstraplauncher-1.1.2.jar:?]
[01May2025 16:08:22.579] [main/INFO] [net.minecraft.world.item.crafting.RecipeManager/]: Loaded 13 recipes
[01May2025 16:08:22.831] [main/INFO] [net.minecraft.advancements.AdvancementList/]: Loaded 1728 advancements
[01May2025 16:08:22.851] [main/INFO] [top.theillusivec4.curios.Curios/]: Loaded 11 curio slots
[01May2025 16:08:22.860] [main/INFO] [top.theillusivec4.curios.Curios/]: Loaded 1 curio entities
[01May2025 16:08:23.012] [main/WARN] [net.minecraft.core.MappedRegistry/]: Not all defined tags for registry ResourceKey[minecraft:root / minecraft:worldgen/biome] are present in data pack: minecraft:is_plains
[01May2025 16:08:24.929] [main/DEBUG] [net.minecraftforge.common.ForgeHooks/WP]: Gathering id map for writing to world save world
[01May2025 16:08:24.965] [main/DEBUG] [net.minecraftforge.common.ForgeHooks/WP]: ID Map collection complete world
[01May2025 16:08:25.133] [Server thread/INFO] [net.minecraft.server.dedicated.DedicatedServer/]: Starting minecraft server version 1.20.1
[01May2025 16:08:25.134] [Server thread/INFO] [net.minecraft.server.dedicated.DedicatedServer/]: Loading properties
[01May2025 16:08:25.135] [Server thread/INFO] [net.minecraft.server.dedicated.DedicatedServer/]: Default game type: SURVIVAL
[01May2025 16:08:25.136] [Server thread/INFO] [net.minecraft.server.MinecraftServer/]: Generating keypair
[01May2025 16:08:25.354] [Server thread/INFO] [net.minecraft.server.dedicated.DedicatedServer/]: Starting Minecraft server on *:25565
[01May2025 16:08:25.359] [Server thread/DEBUG] [net.minecraftforge.network.DualStackUtils/]: Detected IPv6 address: "0:0:0:0:0:0:0:0"
[01May2025 16:08:25.371] [Server thread/DEBUG] [io.netty.util.internal.NativeLibraryLoader/]: -Dio.netty.native.workdir: /tmp (io.netty.tmpdir)
[01May2025 16:08:25.371] [Server thread/DEBUG] [io.netty.util.internal.NativeLibraryLoader/]: -Dio.netty.native.deleteLibAfterLoading: true
[01May2025 16:08:25.371] [Server thread/DEBUG] [io.netty.util.internal.NativeLibraryLoader/]: -Dio.netty.native.tryPatchShadedId: true
[01May2025 16:08:25.372] [Server thread/DEBUG] [io.netty.util.internal.NativeLibraryLoader/]: -Dio.netty.native.detectNativeLibraryDuplicates: true
[01May2025 16:08:25.383] [Server thread/DEBUG] [io.netty.util.internal.NativeLibraryLoader/]: Successfully loaded the library /tmp/libnetty_transport_native_epoll_x86_644132439933558338666.so
[01May2025 16:08:25.387] [Server thread/DEBUG] [io.netty.util.NetUtil/]: -Djava.net.preferIPv4Stack: false
[01May2025 16:08:25.388] [Server thread/DEBUG] [io.netty.util.NetUtil/]: -Djava.net.preferIPv6Addresses: true
[01May2025 16:08:25.390] [Server thread/DEBUG] [io.netty.util.NetUtilInitializations/]: Loopback interface: lo (lo, 0:0:0:0:0:0:0:1%lo)
[01May2025 16:08:25.393] [Server thread/DEBUG] [io.netty.util.NetUtil/]: /proc/sys/net/core/somaxconn: 4096
[01May2025 16:08:25.399] [Server thread/INFO] [net.minecraft.server.network.ServerConnectionListener/]: Using epoll channel type
[01May2025 16:08:25.423] [Server thread/DEBUG] [io.netty.channel.MultithreadEventLoopGroup/]: -Dio.netty.eventLoopThreads: 4
[01May2025 16:08:25.440] [Server thread/DEBUG] [io.netty.util.internal.InternalThreadLocalMap/]: -Dio.netty.threadLocalMap.stringBuilder.initialSize: 1024
[01May2025 16:08:25.441] [Server thread/DEBUG] [io.netty.util.internal.InternalThreadLocalMap/]: -Dio.netty.threadLocalMap.stringBuilder.maxSize: 4096
[01May2025 16:08:25.456] [Server thread/DEBUG] [io.netty.util.internal.PlatformDependent/]: org.jctools-core.MpscChunkedArrayQueue: available
[01May2025 16:08:25.471] [Server thread/DEBUG] [io.netty.channel.DefaultChannelId/]: -Dio.netty.processId: 13769 (auto-detected)
[01May2025 16:08:25.473] [Server thread/DEBUG] [io.netty.channel.DefaultChannelId/]: -Dio.netty.machineId: 7c:1e:52:ff:fe:05:09:7a (auto-detected)
[01May2025 16:08:25.543] [Server thread/DEBUG] [io.netty.buffer.PooledByteBufAllocator/]: -Dio.netty.allocator.numHeapArenas: 4
[01May2025 16:08:25.543] [Server thread/DEBUG] [io.netty.buffer.PooledByteBufAllocator/]: -Dio.netty.allocator.numDirectArenas: 4
[01May2025 16:08:25.543] [Server thread/DEBUG] [io.netty.buffer.PooledByteBufAllocator/]: -Dio.netty.allocator.pageSize: 8192
[01May2025 16:08:25.543] [Server thread/DEBUG] [io.netty.buffer.PooledByteBufAllocator/]: -Dio.netty.allocator.maxOrder: 9
[01May2025 16:08:25.544] [Server thread/DEBUG] [io.netty.buffer.PooledByteBufAllocator/]: -Dio.netty.allocator.chunkSize: 4194304
[01May2025 16:08:25.544] [Server thread/DEBUG] [io.netty.buffer.PooledByteBufAllocator/]: -Dio.netty.allocator.smallCacheSize: 256
[01May2025 16:08:25.544] [Server thread/DEBUG] [io.netty.buffer.PooledByteBufAllocator/]: -Dio.netty.allocator.normalCacheSize: 64
[01May2025 16:08:25.544] [Server thread/DEBUG] [io.netty.buffer.PooledByteBufAllocator/]: -Dio.netty.allocator.maxCachedBufferCapacity: 32768
[01May2025 16:08:25.544] [Server thread/DEBUG] [io.netty.buffer.PooledByteBufAllocator/]: -Dio.netty.allocator.cacheTrimInterval: 8192
[01May2025 16:08:25.545] [Server thread/DEBUG] [io.netty.buffer.PooledByteBufAllocator/]: -Dio.netty.allocator.cacheTrimIntervalMillis: 0
[01May2025 16:08:25.545] [Server thread/DEBUG] [io.netty.buffer.PooledByteBufAllocator/]: -Dio.netty.allocator.useCacheForAllThreads: false
[01May2025 16:08:25.545] [Server thread/DEBUG] [io.netty.buffer.PooledByteBufAllocator/]: -Dio.netty.allocator.maxCachedByteBuffersPerChunk: 1023
[01May2025 16:08:25.559] [Server thread/DEBUG] [io.netty.buffer.ByteBufUtil/]: -Dio.netty.allocator.type: pooled
[01May2025 16:08:25.559] [Server thread/DEBUG] [io.netty.buffer.ByteBufUtil/]: -Dio.netty.threadLocalDirectBufferSize: 0
[01May2025 16:08:25.559] [Server thread/DEBUG] [io.netty.buffer.ByteBufUtil/]: -Dio.netty.maxThreadLocalCharBufferSize: 16384
[01May2025 16:08:25.572] [Server thread/WARN] [net.minecraft.server.dedicated.DedicatedServer/]: **** SERVER IS RUNNING IN OFFLINE/INSECURE MODE!
[01May2025 16:08:25.572] [Server thread/WARN] [net.minecraft.server.dedicated.DedicatedServer/]: The server will make no attempt to authenticate usernames. Beware.
[01May2025 16:08:25.573] [Server thread/WARN] [net.minecraft.server.dedicated.DedicatedServer/]: While this makes the game possible to play without internet access, it also opens up the ability for hackers to connect with any username they choose.
[01May2025 16:08:25.574] [Server thread/WARN] [net.minecraft.server.dedicated.DedicatedServer/]: To change this, set "online-mode" to "true" in the server.properties file.
[01May2025 16:08:25.608] [Server thread/DEBUG] [net.minecraftforge.fml.config.ConfigTracker/CONFIG]: Loading configs type SERVER
[01May2025 16:08:25.608] [Server thread/DEBUG] [net.minecraftforge.fml.config.ConfigFileTypeHandler/CONFIG]: Built TOML config for ./world/serverconfig/pehkui-server.toml
[01May2025 16:08:25.609] [Server thread/DEBUG] [net.minecraftforge.fml.config.ConfigFileTypeHandler/CONFIG]: Loaded TOML config file ./world/serverconfig/pehkui-server.toml
[01May2025 16:08:25.610] [Server thread/DEBUG] [net.minecraftforge.fml.config.ConfigFileTypeHandler/CONFIG]: Watching TOML config file ./world/serverconfig/pehkui-server.toml for changes
[01May2025 16:08:25.611] [Thread-1/DEBUG] [net.minecraftforge.fml.config.ConfigFileTypeHandler/CONFIG]: Config file pehkui-server.toml changed, sending notifies
[01May2025 16:08:25.612] [Server thread/DEBUG] [net.minecraftforge.fml.config.ConfigFileTypeHandler/CONFIG]: Built TOML config for ./world/serverconfig/curios-server.toml
[01May2025 16:08:25.612] [Server thread/DEBUG] [net.minecraftforge.fml.config.ConfigFileTypeHandler/CONFIG]: Loaded TOML config file ./world/serverconfig/curios-server.toml
[01May2025 16:08:25.613] [Server thread/DEBUG] [net.minecraftforge.fml.config.ConfigFileTypeHandler/CONFIG]: Watching TOML config file ./world/serverconfig/curios-server.toml for changes
[01May2025 16:08:25.613] [Thread-1/DEBUG] [net.minecraftforge.fml.config.ConfigFileTypeHandler/CONFIG]: Config file pehkui-server.toml changed, sending notifies
[01May2025 16:08:25.613] [Server thread/DEBUG] [net.minecraftforge.fml.config.ConfigFileTypeHandler/CONFIG]: Built TOML config for ./world/serverconfig/forge-server.toml
[01May2025 16:08:25.614] [Server thread/DEBUG] [net.minecraftforge.fml.config.ConfigFileTypeHandler/CONFIG]: Loaded TOML config file ./world/serverconfig/forge-server.toml
[01May2025 16:08:25.615] [Server thread/DEBUG] [net.minecraftforge.fml.config.ConfigFileTypeHandler/CONFIG]: Watching TOML config file ./world/serverconfig/forge-server.toml for changes
[01May2025 16:08:25.616] [Server thread/DEBUG] [net.minecraftforge.common.ForgeConfig/FORGEMOD]: Loaded forge config file forge-server.toml
[01May2025 16:08:25.617] [Thread-1/DEBUG] [net.minecraftforge.fml.config.ConfigFileTypeHandler/CONFIG]: Config file forge-server.toml changed, sending notifies
[01May2025 16:08:25.617] [Thread-1/DEBUG] [net.minecraftforge.common.ForgeConfig/FORGEMOD]: Forge config just got changed on the file system!
[01May2025 16:08:25.619] [Thread-1/DEBUG] [net.minecraftforge.fml.config.ConfigFileTypeHandler/CONFIG]: Config file forge-server.toml changed, sending notifies
[01May2025 16:08:25.619] [Thread-1/DEBUG] [net.minecraftforge.common.ForgeConfig/FORGEMOD]: Forge config just got changed on the file system!
[01May2025 16:08:25.774] [Server thread/INFO] [net.minecraft.server.dedicated.DedicatedServer/]: Preparing level "world"
[01May2025 16:08:25.786] [Server thread/DEBUG] [net.minecraftforge.coremod.transformer.CoreModBaseTransformer/COREMOD]: Transforming net/minecraft/world/level/levelgen/PhantomSpawner
[01May2025 16:08:25.813] [Server thread/DEBUG] [net.minecraftforge.coremod.transformer.CoreModBaseTransformer/COREMOD]: Transforming net/minecraft/world/level/levelgen/PatrolSpawner
[01May2025 16:08:25.832] [Server thread/DEBUG] [net.minecraftforge.coremod.transformer.CoreModBaseTransformer/COREMOD]: Transforming net/minecraft/world/entity/npc/CatSpawner
[01May2025 16:08:25.841] [Server thread/DEBUG] [net.minecraftforge.coremod.transformer.CoreModBaseTransformer/COREMOD]: Transforming net/minecraft/world/entity/ai/village/VillageSiege
[01May2025 16:08:25.861] [Server thread/DEBUG] [mixin/]: Mixing compat1201minus.compat117plus.ServerChunkManagerMixin from pehkui.mixins.json into net.minecraft.server.level.ServerChunkCache
[01May2025 16:08:25.877] [Server thread/DEBUG] [mixin/]: Mixing CustomDeathMessageMixin from takesapillage.mixins.json into net.minecraft.world.damagesource.DamageSources
[01May2025 16:08:25.926] [Server thread/DEBUG] [mixin/]: Mixing compat1201minus.compat116plus.ThreadedAnvilChunkStorageMixin from pehkui.mixins.json into net.minecraft.server.level.ChunkMap
[01May2025 16:08:26.332] [Server thread/DEBUG] [mixin/]: Mixing StructureManagerAccessor from cataclysm.mixins.json into net.minecraft.world.level.StructureManager
[01May2025 16:08:32.170] [Netty Epoll Server IO #1/DEBUG] [io.netty.util.Recycler/]: -Dio.netty.recycler.maxCapacityPerThread: 4096
[01May2025 16:08:32.170] [Netty Epoll Server IO #1/DEBUG] [io.netty.util.Recycler/]: -Dio.netty.recycler.ratio: 8
[01May2025 16:08:32.170] [Netty Epoll Server IO #1/DEBUG] [io.netty.util.Recycler/]: -Dio.netty.recycler.chunkSize: 32
[01May2025 16:08:32.172] [Netty Epoll Server IO #1/DEBUG] [io.netty.util.Recycler/]: -Dio.netty.recycler.blocking: false
[01May2025 16:08:32.186] [Netty Epoll Server IO #1/DEBUG] [io.netty.buffer.AbstractByteBuf/]: -Dio.netty.buffer.checkAccessible: true
[01May2025 16:08:32.186] [Netty Epoll Server IO #1/DEBUG] [io.netty.buffer.AbstractByteBuf/]: -Dio.netty.buffer.checkBounds: true
[01May2025 16:08:32.187] [Netty Epoll Server IO #1/DEBUG] [io.netty.util.ResourceLeakDetectorFactory/]: Loaded default ResourceLeakDetector: io.netty.util.ResourceLeakDetector@d67ba1d
[01May2025 16:08:33.385] [Server thread/INFO] [net.minecraft.server.MinecraftServer/]: Preparing start region for dimension minecraft:overworld
[01May2025 16:08:33.414] [Server thread/DEBUG] [mixin/]: Mixing compat1201minus.compat116plus.ChunkHolderAccessor from pehkui.mixins.json into net.minecraft.server.level.ChunkHolder
[01May2025 16:08:41.303] [Server thread/DEBUG] [mixin/]: Mixing accessor.BoundingBoxAccessor from cataclysm.mixins.json into net.minecraft.world.level.levelgen.structure.BoundingBox
[01May2025 16:08:44.121] [Server thread/DEBUG] [net.minecraftforge.coremod.transformer.CoreModBaseTransformer/COREMOD]: Transforming net/minecraft/world/level/levelgen/structure/templatesystem/StructureTemplate
[01May2025 16:08:44.254] [Server thread/DEBUG] [mixin/]: Mixing StructureTemplateMixin from cataclysm.mixins.json into net.minecraft.world.level.levelgen.structure.templatesystem.StructureTemplate
[01May2025 16:08:44.255] [Server thread/DEBUG] [mixin/]: Renaming synthetic method lambda$repurposedstructures_preventAutoWaterlogging$0(Lnet/minecraft/world/level/levelgen/structure/templatesystem/StructureProcessor;)Z to md1c81d2$lambda$repurposedstructures_preventAutoWaterlogging$0$0 in cataclysm.mixins.json:StructureTemplateMixin
[01May2025 16:08:44.260] [Server thread/DEBUG] [mixin/]: Mixing world.StructureTemplateAccessor from the_bumblezone-common.mixins.json into net.minecraft.world.level.levelgen.structure.templatesystem.StructureTemplate
[01May2025 16:08:44.260] [Server thread/DEBUG] [mixin/]: Mixing world.StructureTemplateMixin from the_bumblezone-common.mixins.json into net.minecraft.world.level.levelgen.structure.templatesystem.StructureTemplate
[01May2025 16:08:44.260] [Server thread/DEBUG] [mixin/]: Renaming synthetic method lambda$bumblezone$preventAutoWaterlogging$0(Lnet/minecraft/world/level/levelgen/structure/templatesystem/StructureProcessor;)Z to md1c81d2$lambda$bumblezone$preventAutoWaterlogging$0$1 in the_bumblezone-common.mixins.json:world.StructureTemplateMixin
[01May2025 16:08:48.840] [Worker-Main-1/INFO] [net.minecraft.server.level.progress.LoggerChunkProgressListener/]: Preparing spawn area: 0%
[01May2025 16:08:48.842] [Worker-Main-1/INFO] [net.minecraft.server.level.progress.LoggerChunkProgressListener/]: Preparing spawn area: 0%
[01May2025 16:08:48.844] [Worker-Main-1/INFO] [net.minecraft.server.level.progress.LoggerChunkProgressListener/]: Preparing spawn area: 0%
[01May2025 16:08:48.846] [Worker-Main-1/INFO] [net.minecraft.server.level.progress.LoggerChunkProgressListener/]: Preparing spawn area: 0%
[01May2025 16:08:48.847] [Worker-Main-1/INFO] [net.minecraft.server.level.progress.LoggerChunkProgressListener/]: Preparing spawn area: 0%
[01May2025 16:08:48.847] [Worker-Main-1/INFO] [net.minecraft.server.level.progress.LoggerChunkProgressListener/]: Preparing spawn area: 0%
[01May2025 16:08:48.850] [Worker-Main-1/INFO] [net.minecraft.server.level.progress.LoggerChunkProgressListener/]: Preparing spawn area: 0%
[01May2025 16:08:48.851] [Worker-Main-1/INFO] [net.minecraft.server.level.progress.LoggerChunkProgressListener/]: Preparing spawn area: 0%
[01May2025 16:08:48.854] [Worker-Main-1/INFO] [net.minecraft.server.level.progress.LoggerChunkProgressListener/]: Preparing spawn area: 0%
[01May2025 16:08:48.854] [Worker-Main-1/INFO] [net.minecraft.server.level.progress.LoggerChunkProgressListener/]: Preparing spawn area: 0%
[01May2025 16:08:48.856] [Worker-Main-1/INFO] [net.minecraft.server.level.progress.LoggerChunkProgressListener/]: Preparing spawn area: 0%
[01May2025 16:08:48.856] [Worker-Main-1/INFO] [net.minecraft.server.level.progress.LoggerChunkProgressListener/]: Preparing spawn area: 0%
[01May2025 16:08:48.862] [Worker-Main-1/INFO] [net.minecraft.server.level.progress.LoggerChunkProgressListener/]: Preparing spawn area: 0%
[01May2025 16:08:48.863] [Worker-Main-1/INFO] [net.minecraft.server.level.progress.LoggerChunkProgressListener/]: Preparing spawn area: 0%
[01May2025 16:08:48.865] [Worker-Main-1/INFO] [net.minecraft.server.level.progress.LoggerChunkProgressListener/]: Preparing spawn area: 0%
[01May2025 16:08:48.866] [Worker-Main-1/INFO] [net.minecraft.server.level.progress.LoggerChunkProgressListener/]: Preparing spawn area: 0%
[01May2025 16:08:48.869] [Worker-Main-1/INFO] [net.minecraft.server.level.progress.LoggerChunkProgressListener/]: Preparing spawn area: 0%
[01May2025 16:08:48.873] [Worker-Main-1/INFO] [net.minecraft.server.level.progress.LoggerChunkProgressListener/]: Preparing spawn area: 0%
[01May2025 16:08:48.877] [Worker-Main-1/INFO] [net.minecraft.server.level.progress.LoggerChunkProgressListener/]: Preparing spawn area: 0%
[01May2025 16:08:48.878] [Worker-Main-1/INFO] [net.minecraft.server.level.progress.LoggerChunkProgressListener/]: Preparing spawn area: 0%
[01May2025 16:08:48.884] [Worker-Main-1/INFO] [net.minecraft.server.level.progress.LoggerChunkProgressListener/]: Preparing spawn area: 0%
[01May2025 16:08:48.894] [Worker-Main-1/INFO] [net.minecraft.server.level.progress.LoggerChunkProgressListener/]: Preparing spawn area: 0%
[01May2025 16:08:48.898] [Worker-Main-1/INFO] [net.minecraft.server.level.progress.LoggerChunkProgressListener/]: Preparing spawn area: 0%
[01May2025 16:08:48.903] [Worker-Main-1/INFO] [net.minecraft.server.level.progress.LoggerChunkProgressListener/]: Preparing spawn area: 0%
[01May2025 16:08:48.904] [Worker-Main-1/INFO] [net.minecraft.server.level.progress.LoggerChunkProgressListener/]: Preparing spawn area: 0%
[01May2025 16:08:48.907] [Worker-Main-1/INFO] [net.minecraft.server.level.progress.LoggerChunkProgressListener/]: Preparing spawn area: 0%
[01May2025 16:08:48.915] [Worker-Main-1/INFO] [net.minecraft.server.level.progress.LoggerChunkProgressListener/]: Preparing spawn area: 0%
[01May2025 16:08:48.918] [Worker-Main-1/INFO] [net.minecraft.server.level.progress.LoggerChunkProgressListener/]: Preparing spawn area: 0%
[01May2025 16:08:48.920] [Worker-Main-1/INFO] [net.minecraft.server.level.progress.LoggerChunkProgressListener/]: Preparing spawn area: 0%
[01May2025 16:08:48.922] [Worker-Main-1/INFO] [net.minecraft.server.level.progress.LoggerChunkProgressListener/]: Preparing spawn area: 0%
[01May2025 16:08:48.925] [Worker-Main-1/INFO] [net.minecraft.server.level.progress.LoggerChunkProgressListener/]: Preparing spawn area: 0%
[01May2025 16:08:48.928] [Worker-Main-1/INFO] [net.minecraft.server.level.progress.LoggerChunkProgressListener/]: Preparing spawn area: 0%
[01May2025 16:08:49.387] [Worker-Main-1/INFO] [net.minecraft.server.level.progress.LoggerChunkProgressListener/]: Preparing spawn area: 0%
[01May2025 16:08:49.887] [Worker-Main-1/INFO] [net.minecraft.server.level.progress.LoggerChunkProgressListener/]: Preparing spawn area: 0%
[01May2025 16:08:50.387] [Worker-Main-1/INFO] [net.minecraft.server.level.progress.LoggerChunkProgressListener/]: Preparing spawn area: 0%
[01May2025 16:08:50.826] [Server thread/DEBUG] [mixin/]: Mixing compat1193plus.EntityTrackingSectionMixin from pehkui.mixins.json into net.minecraft.world.level.entity.EntitySection
[01May2025 16:08:51.102] [Server thread/DEBUG] [mixin/]: Mixing compat117plus.ProjectileUtilMixin from pehkui.mixins.json into net.minecraft.world.entity.projectile.ProjectileUtil
[01May2025 16:08:51.103] [Server thread/DEBUG] [mixin/]: Mixing compat1202minus.compat120plus.ProjectileUtilMixin from pehkui.mixins.json into net.minecraft.world.entity.projectile.ProjectileUtil
[01May2025 16:08:51.518] [Server thread/INFO] [net.minecraft.server.level.progress.LoggerChunkProgressListener/]: Time elapsed: 18132 ms
[01May2025 16:08:51.519] [Server thread/INFO] [net.minecraft.server.dedicated.DedicatedServer/]: Done (25.912s)! For help, type "help"
[01May2025 16:08:51.547] [Server thread/DEBUG] [net.minecraftforge.network.DualStackUtils/]: Detected IPv6 address: "0:0:0:0:0:0:0:0"
[01May2025 16:08:51.652] [Server thread/DEBUG] [net.minecraftforge.common.ForgeI18n/CORE]: Loading I18N data entries: 5915
[01May2025 16:08:51.657] [Server thread/INFO] [net.minecraftforge.server.permission.PermissionAPI/]: Successfully initialized permission handler forge:default_handler
[01May2025 16:08:51.757] [Server thread/DEBUG] [net.minecraftforge.coremod.transformer.CoreModBaseTransformer/COREMOD]: Transforming net/minecraft/world/level/NaturalSpawner
[01May2025 16:08:51.864] [Server thread/DEBUG] [mixin/]: Mixing NaturalSpawnerMixin from mixins.bosses_of_mass_destruction.json into net.minecraft.world.level.NaturalSpawner
[01May2025 16:08:51.868] [Server thread/DEBUG] [mixin/]: Mixing entities.MobSpawnLocationMixin from the_bumblezone-common.mixins.json into net.minecraft.world.level.NaturalSpawner
[01May2025 16:08:51.995] [Server thread/DEBUG] [mixin/]: Mixing EntityTrackerEntryMixin from pehkui.mixins.json into net.minecraft.server.level.ServerEntity
[01May2025 16:08:51.998] [Server thread/DEBUG] [mixin/]: Renaming synthetic method lambda$pehkui$syncEntityData$1(Lnet/minecraft/network/protocol/Packet;)V to md1c81d2$lambda$pehkui$syncEntityData$1$0 in pehkui.mixins.json:EntityTrackerEntryMixin
[01May2025 16:08:51.998] [Server thread/DEBUG] [mixin/]: Renaming synthetic method lambda$pehkui$tick$0(Lnet/minecraft/network/protocol/Packet;)V to md1c81d2$lambda$pehkui$tick$0$1 in pehkui.mixins.json:EntityTrackerEntryMixin
[01May2025 16:08:55.120] [Server thread/DEBUG] [mixin/]: Mixing compat119plus.LookTargetUtilMixin from pehkui.mixins.json into net.minecraft.world.entity.ai.behavior.BehaviorUtils
[01May2025 16:10:04.387] [Netty Epoll Server IO #2/DEBUG] [net.minecraftforge.network.HandshakeHandler/FMLHANDSHAKE]: Starting new modded impl connection. Found 24 messages to dispatch.
[01May2025 16:10:04.411] [Server thread/DEBUG] [net.minecraftforge.network.HandshakeHandler/FMLHANDSHAKE]: Sending ticking packet info 'net.minecraftforge.network.HandshakeMessages$S2CModData' to 'fml:handshake' sequence 0
[01May2025 16:10:04.461] [Server thread/DEBUG] [net.minecraftforge.network.HandshakeHandler/FMLHANDSHAKE]: Sending ticking packet info 'net.minecraftforge.network.HandshakeMessages$S2CModList' to 'fml:handshake' sequence 1
[01May2025 16:10:04.511] [Server thread/DEBUG] [net.minecraftforge.network.HandshakeHandler/FMLHANDSHAKE]: Sending ticking packet info 'Registry minecraft:command_argument_type' to 'fml:handshake' sequence 2
[01May2025 16:10:04.561] [Server thread/DEBUG] [net.minecraftforge.network.HandshakeHandler/FMLHANDSHAKE]: Sending ticking packet info 'Registry minecraft:recipe_serializer' to 'fml:handshake' sequence 3
[01May2025 16:10:04.611] [Server thread/DEBUG] [net.minecraftforge.network.HandshakeHandler/FMLHANDSHAKE]: Sending ticking packet info 'Registry minecraft:sound_event' to 'fml:handshake' sequence 4
[01May2025 16:10:04.661] [Server thread/DEBUG] [net.minecraftforge.network.HandshakeHandler/FMLHANDSHAKE]: Sending ticking packet info 'Registry minecraft:particle_type' to 'fml:handshake' sequence 5
[01May2025 16:10:04.711] [Server thread/DEBUG] [net.minecraftforge.network.HandshakeHandler/FMLHANDSHAKE]: Sending ticking packet info 'Registry minecraft:villager_profession' to 'fml:handshake' sequence 6
[01May2025 16:10:04.761] [Server thread/DEBUG] [net.minecraftforge.network.HandshakeHandler/FMLHANDSHAKE]: Sending ticking packet info 'Registry minecraft:item' to 'fml:handshake' sequence 7
[01May2025 16:10:04.811] [Server thread/DEBUG] [net.minecraftforge.network.HandshakeHandler/FMLHANDSHAKE]: Sending ticking packet info 'Registry minecraft:potion' to 'fml:handshake' sequence 8
[01May2025 16:10:04.861] [Server thread/DEBUG] [net.minecraftforge.network.HandshakeHandler/FMLHANDSHAKE]: Sending ticking packet info 'Registry minecraft:painting_variant' to 'fml:handshake' sequence 9
[01May2025 16:10:04.911] [Server thread/DEBUG] [net.minecraftforge.network.HandshakeHandler/FMLHANDSHAKE]: Sending ticking packet info 'Registry forge:fluid_type' to 'fml:handshake' sequence 10
[01May2025 16:10:04.961] [Server thread/DEBUG] [net.minecraftforge.network.HandshakeHandler/FMLHANDSHAKE]: Sending ticking packet info 'Registry minecraft:block_entity_type' to 'fml:handshake' sequence 11
[01May2025 16:10:05.011] [Server thread/DEBUG] [net.minecraftforge.network.HandshakeHandler/FMLHANDSHAKE]: Sending ticking packet info 'Registry forge:display_contexts' to 'fml:handshake' sequence 12
[01May2025 16:10:05.061] [Server thread/DEBUG] [net.minecraftforge.network.HandshakeHandler/FMLHANDSHAKE]: Sending ticking packet info 'Registry minecraft:block' to 'fml:handshake' sequence 13
[01May2025 16:10:05.111] [Server thread/DEBUG] [net.minecraftforge.network.HandshakeHandler/FMLHANDSHAKE]: Sending ticking packet info 'Registry forge:entity_data_serializers' to 'fml:handshake' sequence 14
[01May2025 16:10:05.161] [Server thread/DEBUG] [net.minecraftforge.network.HandshakeHandler/FMLHANDSHAKE]: Sending ticking packet info 'Registry minecraft:mob_effect' to 'fml:handshake' sequence 15
[01May2025 16:10:05.211] [Server thread/DEBUG] [net.minecraftforge.network.HandshakeHandler/FMLHANDSHAKE]: Sending ticking packet info 'Registry minecraft:stat_type' to 'fml:handshake' sequence 16
[01May2025 16:10:05.261] [Server thread/DEBUG] [net.minecraftforge.network.HandshakeHandler/FMLHANDSHAKE]: Sending ticking packet info 'Registry minecraft:menu' to 'fml:handshake' sequence 17
[01May2025 16:10:05.311] [Server thread/DEBUG] [net.minecraftforge.network.HandshakeHandler/FMLHANDSHAKE]: Sending ticking packet info 'Registry minecraft:enchantment' to 'fml:handshake' sequence 18
[01May2025 16:10:05.361] [Server thread/DEBUG] [net.minecraftforge.network.HandshakeHandler/FMLHANDSHAKE]: Sending ticking packet info 'Registry minecraft:fluid' to 'fml:handshake' sequence 19
[01May2025 16:10:05.411] [Server thread/DEBUG] [net.minecraftforge.network.HandshakeHandler/FMLHANDSHAKE]: Sending ticking packet info 'Registry minecraft:entity_type' to 'fml:handshake' sequence 20
[01May2025 16:10:05.461] [Server thread/DEBUG] [net.minecraftforge.network.HandshakeHandler/FMLHANDSHAKE]: Sending ticking packet info 'Config curios-server.toml' to 'fml:handshake' sequence 21
[01May2025 16:10:05.511] [Server thread/DEBUG] [net.minecraftforge.network.HandshakeHandler/FMLHANDSHAKE]: Sending ticking packet info 'Config pehkui-server.toml' to 'fml:handshake' sequence 22
[01May2025 16:10:05.561] [Server thread/DEBUG] [net.minecraftforge.network.HandshakeHandler/FMLHANDSHAKE]: Sending ticking packet info 'Config forge-server.toml' to 'fml:handshake' sequence 23
[01May2025 16:10:33.916] [Server thread/INFO] [net.minecraft.server.network.ServerLoginPacketListenerImpl/]: com.mojang.authlib.GameProfile@3b09ded1[id=<null>,name=mateoXDn4zia,properties={},legacy=false] (/127.215.214.81:60827) lost connection: Disconnected
[01May2025 16:10:51.088] [Netty Epoll Server IO #3/DEBUG] [net.minecraftforge.network.HandshakeHandler/FMLHANDSHAKE]: Starting new modded impl connection. Found 24 messages to dispatch.
[01May2025 16:10:51.111] [Server thread/DEBUG] [net.minecraftforge.network.HandshakeHandler/FMLHANDSHAKE]: Sending ticking packet info 'net.minecraftforge.network.HandshakeMessages$S2CModData' to 'fml:handshake' sequence 0
[01May2025 16:10:51.161] [Server thread/DEBUG] [net.minecraftforge.network.HandshakeHandler/FMLHANDSHAKE]: Sending ticking packet info 'net.minecraftforge.network.HandshakeMessages$S2CModList' to 'fml:handshake' sequence 1
[01May2025 16:10:51.211] [Server thread/DEBUG] [net.minecraftforge.network.HandshakeHandler/FMLHANDSHAKE]: Sending ticking packet info 'Registry minecraft:command_argument_type' to 'fml:handshake' sequence 2
[01May2025 16:10:51.261] [Server thread/DEBUG] [net.minecraftforge.network.HandshakeHandler/FMLHANDSHAKE]: Sending ticking packet info 'Registry minecraft:recipe_serializer' to 'fml:handshake' sequence 3
[01May2025 16:10:51.311] [Server thread/DEBUG] [net.minecraftforge.network.HandshakeHandler/FMLHANDSHAKE]: Sending ticking packet info 'Registry minecraft:sound_event' to 'fml:handshake' sequence 4
[01May2025 16:10:51.361] [Server thread/DEBUG] [net.minecraftforge.network.HandshakeHandler/FMLHANDSHAKE]: Sending ticking packet info 'Registry minecraft:particle_type' to 'fml:handshake' sequence 5
[01May2025 16:10:51.411] [Server thread/DEBUG] [net.minecraftforge.network.HandshakeHandler/FMLHANDSHAKE]: Sending ticking packet info 'Registry minecraft:villager_profession' to 'fml:handshake' sequence 6
[01May2025 16:10:51.461] [Server thread/DEBUG] [net.minecraftforge.network.HandshakeHandler/FMLHANDSHAKE]: Sending ticking packet info 'Registry minecraft:item' to 'fml:handshake' sequence 7
[01May2025 16:10:51.493] [Netty Epoll Server IO #3/DEBUG] [net.minecraftforge.network.LoginWrapper/FMLHANDSHAKE]: Recieved login wrapper packet event for channel fml:handshake with index 1
[01May2025 16:10:51.496] [Netty Epoll Server IO #3/DEBUG] [net.minecraftforge.network.HandshakeHandler/FMLHANDSHAKE]: Received client indexed reply 1 of type net.minecraftforge.network.HandshakeMessages$C2SModListReply
[01May2025 16:10:51.497] [Netty Epoll Server IO #3/DEBUG] [net.minecraftforge.network.HandshakeHandler/FMLHANDSHAKE]: Received client connection with modlist [minecraft, sons_of_sins, mowziesmobs, geckolib, eeeabsmobs, call_of_drowner, graveyard, pehkui, born_in_chaos_v1, lionfishapi, obscure_api, cataclysm, curios, cerbons_api, citadel, legendary_monsters, mr_dungeons_andtaverns, mixinextras, call_of_yucutan, guardvillagers, takesapillage, animatedmobsmod, bosses_of_mass_destruction, the_bumblezone, faded_conquest_2, illageandspillage, cloth_config, forge, tlskincape, athena, aquamirae, hs_bosses, dungeons_arise]
[01May2025 16:10:51.498] [Netty Epoll Server IO #3/DEBUG] [net.minecraftforge.network.NetworkRegistry/NETREGISTRY]: Channel 'the_bumblezone:networking' : Version test of '7.6.8+1.20.1-forge' from client : ACCEPTED
[01May2025 16:10:51.498] [Netty Epoll Server IO #3/DEBUG] [net.minecraftforge.network.NetworkRegistry/NETREGISTRY]: Channel 'eeeabsmobs:net' : Version test of '1.0' from client : ACCEPTED
[01May2025 16:10:51.499] [Netty Epoll Server IO #3/DEBUG] [net.minecraftforge.network.NetworkRegistry/NETREGISTRY]: Channel 'legendary_monsters:main_channel' : Version test of '1' from client : ACCEPTED
[01May2025 16:10:51.499] [Netty Epoll Server IO #3/DEBUG] [net.minecraftforge.network.NetworkRegistry/NETREGISTRY]: Channel 'guardvillagers:main' : Version test of '1' from client : ACCEPTED
[01May2025 16:10:51.499] [Netty Epoll Server IO #3/DEBUG] [net.minecraftforge.network.NetworkRegistry/NETREGISTRY]: Channel 'minecraft:unregister' : Version test of 'FML3' from client : ACCEPTED
[01May2025 16:10:51.499] [Netty Epoll Server IO #3/DEBUG] [net.minecraftforge.network.NetworkRegistry/NETREGISTRY]: Channel 'hs_bosses:hs_bosses' : Version test of '1' from client : ACCEPTED
[01May2025 16:10:51.499] [Netty Epoll Server IO #3/DEBUG] [net.minecraftforge.network.NetworkRegistry/NETREGISTRY]: Channel 'illageandspillage:channel' : Version test of '2' from client : ACCEPTED
[01May2025 16:10:51.499] [Netty Epoll Server IO #3/DEBUG] [net.minecraftforge.network.NetworkRegistry/NETREGISTRY]: Channel 'citadel:main_channel' : Version test of '1' from client : ACCEPTED
[01May2025 16:10:51.500] [Netty Epoll Server IO #3/DEBUG] [net.minecraftforge.network.NetworkRegistry/NETREGISTRY]: Channel 'born_in_chaos_v1:born_in_chaos_v1' : Version test of '1' from client : ACCEPTED
[01May2025 16:10:51.500] [Netty Epoll Server IO #3/DEBUG] [net.minecraftforge.network.NetworkRegistry/NETREGISTRY]: Channel 'sons_of_sins:sons_of_sins' : Version test of '1' from client : ACCEPTED
[01May2025 16:10:51.500] [Netty Epoll Server IO #3/DEBUG] [net.minecraftforge.network.NetworkRegistry/NETREGISTRY]: Channel 'obscure_api:obscure_api' : Version test of '1' from client : ACCEPTED
[01May2025 16:10:51.500] [Netty Epoll Server IO #3/DEBUG] [net.minecraftforge.network.NetworkRegistry/NETREGISTRY]: Channel 'bosses_of_mass_destruction:packets' : Version test of '1' from client : ACCEPTED
[01May2025 16:10:51.500] [Netty Epoll Server IO #3/DEBUG] [net.minecraftforge.network.NetworkRegistry/NETREGISTRY]: Channel 'curios:main' : Version test of '1' from client : ACCEPTED
[01May2025 16:10:51.501] [Netty Epoll Server IO #3/DEBUG] [net.minecraftforge.network.NetworkRegistry/NETREGISTRY]: Channel 'pehkui:main' : Version test of '2' from client : ACCEPTED
[01May2025 16:10:51.501] [Netty Epoll Server IO #3/DEBUG] [net.minecraftforge.network.NetworkRegistry/NETREGISTRY]: Channel 'cataclysm:main_channel' : Version test of '1' from client : ACCEPTED
[01May2025 16:10:51.501] [Netty Epoll Server IO #3/DEBUG] [net.minecraftforge.network.NetworkRegistry/NETREGISTRY]: Channel 'lionfishapi:main_channel' : Version test of '1' from client : ACCEPTED
[01May2025 16:10:51.501] [Netty Epoll Server IO #3/DEBUG] [net.minecraftforge.network.NetworkRegistry/NETREGISTRY]: Channel 'fml:loginwrapper' : Version test of 'FML3' from client : ACCEPTED
[01May2025 16:10:51.501] [Netty Epoll Server IO #3/DEBUG] [net.minecraftforge.network.NetworkRegistry/NETREGISTRY]: Channel 'cerbons_api:packets' : Version test of '1' from client : ACCEPTED
[01May2025 16:10:51.501] [Netty Epoll Server IO #3/DEBUG] [net.minecraftforge.network.NetworkRegistry/NETREGISTRY]: Channel 'forge:tier_sorting' : Version test of '1.0' from client : ACCEPTED
[01May2025 16:10:51.501] [Netty Epoll Server IO #3/DEBUG] [net.minecraftforge.network.NetworkRegistry/NETREGISTRY]: Channel 'aquamirae:main' : Version test of '1' from client : ACCEPTED
[01May2025 16:10:51.502] [Netty Epoll Server IO #3/DEBUG] [net.minecraftforge.network.NetworkRegistry/NETREGISTRY]: Channel 'call_of_yucutan:call_of_yucutan' : Version test of '1' from client : ACCEPTED
[01May2025 16:10:51.502] [Netty Epoll Server IO #3/DEBUG] [net.minecraftforge.network.NetworkRegistry/NETREGISTRY]: Channel 'mowziesmobs:net' : Version test of '1' from client : ACCEPTED
[01May2025 16:10:51.502] [Netty Epoll Server IO #3/DEBUG] [net.minecraftforge.network.NetworkRegistry/NETREGISTRY]: Channel 'animatedmobsmod:animatedmobsmod' : Version test of '1' from client : ACCEPTED
[01May2025 16:10:51.502] [Netty Epoll Server IO #3/DEBUG] [net.minecraftforge.network.NetworkRegistry/NETREGISTRY]: Channel 'fml:play' : Version test of 'FML3' from client : ACCEPTED
[01May2025 16:10:51.502] [Netty Epoll Server IO #3/DEBUG] [net.minecraftforge.network.NetworkRegistry/NETREGISTRY]: Channel 'faded_conquest_2:faded_conquest_2' : Version test of '1' from client : ACCEPTED
[01May2025 16:10:51.502] [Netty Epoll Server IO #3/DEBUG] [net.minecraftforge.network.NetworkRegistry/NETREGISTRY]: Channel 'fml:handshake' : Version test of 'FML3' from client : ACCEPTED
[01May2025 16:10:51.503] [Netty Epoll Server IO #3/DEBUG] [net.minecraftforge.network.NetworkRegistry/NETREGISTRY]: Channel 'call_of_drowner:call_of_drowner' : Version test of '1' from client : ACCEPTED
[01May2025 16:10:51.503] [Netty Epoll Server IO #3/DEBUG] [net.minecraftforge.network.NetworkRegistry/NETREGISTRY]: Channel 'minecraft:register' : Version test of 'FML3' from client : ACCEPTED
[01May2025 16:10:51.503] [Netty Epoll Server IO #3/DEBUG] [net.minecraftforge.network.NetworkRegistry/NETREGISTRY]: Channel 'forge:split' : Version test of '1.1' from client : ACCEPTED
[01May2025 16:10:51.503] [Netty Epoll Server IO #3/DEBUG] [net.minecraftforge.network.NetworkRegistry/NETREGISTRY]: Channel 'geckolib:main' : Version test of '1' from client : ACCEPTED
[01May2025 16:10:51.503] [Netty Epoll Server IO #3/DEBUG] [net.minecraftforge.network.NetworkRegistry/NETREGISTRY]: Channel 'graveyard:spawn_entity' : Version test of '1' from client : ACCEPTED
[01May2025 16:10:51.503] [Netty Epoll Server IO #3/DEBUG] [net.minecraftforge.network.NetworkRegistry/NETREGISTRY]: Accepting channel list from client
[01May2025 16:10:51.505] [Netty Epoll Server IO #3/DEBUG] [net.minecraftforge.network.HandshakeHandler/FMLHANDSHAKE]: Accepted client connection mod list
[01May2025 16:10:51.506] [Netty Epoll Server IO #3/DEBUG] [net.minecraftforge.network.LoginWrapper/FMLHANDSHAKE]: Recieved login wrapper packet event for channel fml:handshake with index 2
[01May2025 16:10:51.507] [Netty Epoll Server IO #3/DEBUG] [net.minecraftforge.network.HandshakeHandler/FMLHANDSHAKE]: Received client indexed reply 2 of type net.minecraftforge.network.HandshakeMessages$C2SAcknowledge
[01May2025 16:10:51.507] [Netty Epoll Server IO #3/DEBUG] [net.minecraftforge.network.HandshakeHandler/FMLHANDSHAKE]: Received acknowledgement from client
[01May2025 16:10:51.507] [Netty Epoll Server IO #3/DEBUG] [net.minecraftforge.network.LoginWrapper/FMLHANDSHAKE]: Recieved login wrapper packet event for channel fml:handshake with index 3
[01May2025 16:10:51.508] [Netty Epoll Server IO #3/DEBUG] [net.minecraftforge.network.HandshakeHandler/FMLHANDSHAKE]: Received client indexed reply 3 of type net.minecraftforge.network.HandshakeMessages$C2SAcknowledge
[01May2025 16:10:51.508] [Netty Epoll Server IO #3/DEBUG] [net.minecraftforge.network.HandshakeHandler/FMLHANDSHAKE]: Received acknowledgement from client
[01May2025 16:10:51.511] [Server thread/DEBUG] [net.minecraftforge.network.HandshakeHandler/FMLHANDSHAKE]: Sending ticking packet info 'Registry minecraft:potion' to 'fml:handshake' sequence 8
[01May2025 16:10:51.561] [Server thread/DEBUG] [net.minecraftforge.network.HandshakeHandler/FMLHANDSHAKE]: Sending ticking packet info 'Registry minecraft:painting_variant' to 'fml:handshake' sequence 9
[01May2025 16:10:51.611] [Server thread/DEBUG] [net.minecraftforge.network.HandshakeHandler/FMLHANDSHAKE]: Sending ticking packet info 'Registry forge:fluid_type' to 'fml:handshake' sequence 10
[01May2025 16:10:51.661] [Server thread/DEBUG] [net.minecraftforge.network.HandshakeHandler/FMLHANDSHAKE]: Sending ticking packet info 'Registry minecraft:block_entity_type' to 'fml:handshake' sequence 11
[01May2025 16:10:51.711] [Server thread/DEBUG] [net.minecraftforge.network.HandshakeHandler/FMLHANDSHAKE]: Sending ticking packet info 'Registry forge:display_contexts' to 'fml:handshake' sequence 12
[01May2025 16:10:51.761] [Server thread/DEBUG] [net.minecraftforge.network.HandshakeHandler/FMLHANDSHAKE]: Sending ticking packet info 'Registry minecraft:block' to 'fml:handshake' sequence 13
[01May2025 16:10:51.811] [Server thread/DEBUG] [net.minecraftforge.network.HandshakeHandler/FMLHANDSHAKE]: Sending ticking packet info 'Registry forge:entity_data_serializers' to 'fml:handshake' sequence 14
[01May2025 16:10:51.861] [Server thread/DEBUG] [net.minecraftforge.network.HandshakeHandler/FMLHANDSHAKE]: Sending ticking packet info 'Registry minecraft:mob_effect' to 'fml:handshake' sequence 15
[01May2025 16:10:51.878] [Netty Epoll Server IO #3/DEBUG] [net.minecraftforge.network.LoginWrapper/FMLHANDSHAKE]: Recieved login wrapper packet event for channel fml:handshake with index 4
[01May2025 16:10:51.879] [Netty Epoll Server IO #3/DEBUG] [net.minecraftforge.network.HandshakeHandler/FMLHANDSHAKE]: Received client indexed reply 4 of type net.minecraftforge.network.HandshakeMessages$C2SAcknowledge
[01May2025 16:10:51.879] [Netty Epoll Server IO #3/DEBUG] [net.minecraftforge.network.HandshakeHandler/FMLHANDSHAKE]: Received acknowledgement from client
[01May2025 16:10:51.911] [Server thread/DEBUG] [net.minecraftforge.network.HandshakeHandler/FMLHANDSHAKE]: Sending ticking packet info 'Registry minecraft:stat_type' to 'fml:handshake' sequence 16
[01May2025 16:10:51.911] [Netty Epoll Server IO #3/DEBUG] [net.minecraftforge.network.LoginWrapper/FMLHANDSHAKE]: Recieved login wrapper packet event for channel fml:handshake with index 5
[01May2025 16:10:51.911] [Netty Epoll Server IO #3/DEBUG] [net.minecraftforge.network.HandshakeHandler/FMLHANDSHAKE]: Received client indexed reply 5 of type net.minecraftforge.network.HandshakeMessages$C2SAcknowledge
[01May2025 16:10:51.911] [Netty Epoll Server IO #3/DEBUG] [net.minecraftforge.network.HandshakeHandler/FMLHANDSHAKE]: Received acknowledgement from client
[01May2025 16:10:51.912] [Netty Epoll Server IO #3/DEBUG] [net.minecraftforge.network.LoginWrapper/FMLHANDSHAKE]: Recieved login wrapper packet event for channel fml:handshake with index 6
[01May2025 16:10:51.912] [Netty Epoll Server IO #3/DEBUG] [net.minecraftforge.network.HandshakeHandler/FMLHANDSHAKE]: Received client indexed reply 6 of type net.minecraftforge.network.HandshakeMessages$C2SAcknowledge
[01May2025 16:10:51.912] [Netty Epoll Server IO #3/DEBUG] [net.minecraftforge.network.HandshakeHandler/FMLHANDSHAKE]: Received acknowledgement from client
[01May2025 16:10:51.961] [Server thread/DEBUG] [net.minecraftforge.network.HandshakeHandler/FMLHANDSHAKE]: Sending ticking packet info 'Registry minecraft:menu' to 'fml:handshake' sequence 17
[01May2025 16:10:52.011] [Server thread/DEBUG] [net.minecraftforge.network.HandshakeHandler/FMLHANDSHAKE]: Sending ticking packet info 'Registry minecraft:enchantment' to 'fml:handshake' sequence 18
[01May2025 16:10:52.061] [Server thread/DEBUG] [net.minecraftforge.network.HandshakeHandler/FMLHANDSHAKE]: Sending ticking packet info 'Registry minecraft:fluid' to 'fml:handshake' sequence 19
[01May2025 16:10:52.111] [Server thread/DEBUG] [net.minecraftforge.network.HandshakeHandler/FMLHANDSHAKE]: Sending ticking packet info 'Registry minecraft:entity_type' to 'fml:handshake' sequence 20
[01May2025 16:10:52.161] [Server thread/DEBUG] [net.minecraftforge.network.HandshakeHandler/FMLHANDSHAKE]: Sending ticking packet info 'Config curios-server.toml' to 'fml:handshake' sequence 21
[01May2025 16:10:52.211] [Server thread/DEBUG] [net.minecraftforge.network.HandshakeHandler/FMLHANDSHAKE]: Sending ticking packet info 'Config pehkui-server.toml' to 'fml:handshake' sequence 22
[01May2025 16:10:52.217] [Netty Epoll Server IO #3/DEBUG] [net.minecraftforge.network.LoginWrapper/FMLHANDSHAKE]: Recieved login wrapper packet event for channel fml:handshake with index 7
[01May2025 16:10:52.217] [Netty Epoll Server IO #3/DEBUG] [net.minecraftforge.network.HandshakeHandler/FMLHANDSHAKE]: Received client indexed reply 7 of type net.minecraftforge.network.HandshakeMessages$C2SAcknowledge
[01May2025 16:10:52.217] [Netty Epoll Server IO #3/DEBUG] [net.minecraftforge.network.HandshakeHandler/FMLHANDSHAKE]: Received acknowledgement from client
[01May2025 16:10:52.218] [Netty Epoll Server IO #3/DEBUG] [net.minecraftforge.network.LoginWrapper/FMLHANDSHAKE]: Recieved login wrapper packet event for channel fml:handshake with index 8
[01May2025 16:10:52.218] [Netty Epoll Server IO #3/DEBUG] [net.minecraftforge.network.HandshakeHandler/FMLHANDSHAKE]: Received client indexed reply 8 of type net.minecraftforge.network.HandshakeMessages$C2SAcknowledge
[01May2025 16:10:52.218] [Netty Epoll Server IO #3/DEBUG] [net.minecraftforge.network.HandshakeHandler/FMLHANDSHAKE]: Received acknowledgement from client
[01May2025 16:10:52.218] [Netty Epoll Server IO #3/DEBUG] [net.minecraftforge.network.LoginWrapper/FMLHANDSHAKE]: Recieved login wrapper packet event for channel fml:handshake with index 9
[01May2025 16:10:52.218] [Netty Epoll Server IO #3/DEBUG] [net.minecraftforge.network.HandshakeHandler/FMLHANDSHAKE]: Received client indexed reply 9 of type net.minecraftforge.network.HandshakeMessages$C2SAcknowledge
[01May2025 16:10:52.218] [Netty Epoll Server IO #3/DEBUG] [net.minecraftforge.network.HandshakeHandler/FMLHANDSHAKE]: Received acknowledgement from client
[01May2025 16:10:52.218] [Netty Epoll Server IO #3/DEBUG] [net.minecraftforge.network.LoginWrapper/FMLHANDSHAKE]: Recieved login wrapper packet event for channel fml:handshake with index 10
[01May2025 16:10:52.218] [Netty Epoll Server IO #3/DEBUG] [net.minecraftforge.network.HandshakeHandler/FMLHANDSHAKE]: Received client indexed reply 10 of type net.minecraftforge.network.HandshakeMessages$C2SAcknowledge
[01May2025 16:10:52.218] [Netty Epoll Server IO #3/DEBUG] [net.minecraftforge.network.HandshakeHandler/FMLHANDSHAKE]: Received acknowledgement from client
[01May2025 16:10:52.219] [Netty Epoll Server IO #3/DEBUG] [net.minecraftforge.network.LoginWrapper/FMLHANDSHAKE]: Recieved login wrapper packet event for channel fml:handshake with index 11
[01May2025 16:10:52.219] [Netty Epoll Server IO #3/DEBUG] [net.minecraftforge.network.HandshakeHandler/FMLHANDSHAKE]: Received client indexed reply 11 of type net.minecraftforge.network.HandshakeMessages$C2SAcknowledge
[01May2025 16:10:52.219] [Netty Epoll Server IO #3/DEBUG] [net.minecraftforge.network.HandshakeHandler/FMLHANDSHAKE]: Received acknowledgement from client
[01May2025 16:10:52.220] [Netty Epoll Server IO #3/DEBUG] [net.minecraftforge.network.LoginWrapper/FMLHANDSHAKE]: Recieved login wrapper packet event for channel fml:handshake with index 12
[01May2025 16:10:52.220] [Netty Epoll Server IO #3/DEBUG] [net.minecraftforge.network.HandshakeHandler/FMLHANDSHAKE]: Received client indexed reply 12 of type net.minecraftforge.network.HandshakeMessages$C2SAcknowledge
[01May2025 16:10:52.220] [Netty Epoll Server IO #3/DEBUG] [net.minecraftforge.network.HandshakeHandler/FMLHANDSHAKE]: Received acknowledgement from client
[01May2025 16:10:52.220] [Netty Epoll Server IO #3/DEBUG] [net.minecraftforge.network.LoginWrapper/FMLHANDSHAKE]: Recieved login wrapper packet event for channel fml:handshake with index 13
[01May2025 16:10:52.220] [Netty Epoll Server IO #3/DEBUG] [net.minecraftforge.network.HandshakeHandler/FMLHANDSHAKE]: Received client indexed reply 13 of type net.minecraftforge.network.HandshakeMessages$C2SAcknowledge
[01May2025 16:10:52.220] [Netty Epoll Server IO #3/DEBUG] [net.minecraftforge.network.HandshakeHandler/FMLHANDSHAKE]: Received acknowledgement from client
[01May2025 16:10:52.220] [Netty Epoll Server IO #3/DEBUG] [net.minecraftforge.network.LoginWrapper/FMLHANDSHAKE]: Recieved login wrapper packet event for channel fml:handshake with index 14
[01May2025 16:10:52.221] [Netty Epoll Server IO #3/DEBUG] [net.minecraftforge.network.HandshakeHandler/FMLHANDSHAKE]: Received client indexed reply 14 of type net.minecraftforge.network.HandshakeMessages$C2SAcknowledge
[01May2025 16:10:52.221] [Netty Epoll Server IO #3/DEBUG] [net.minecraftforge.network.HandshakeHandler/FMLHANDSHAKE]: Received acknowledgement from client
[01May2025 16:10:52.221] [Netty Epoll Server IO #3/DEBUG] [net.minecraftforge.network.LoginWrapper/FMLHANDSHAKE]: Recieved login wrapper packet event for channel fml:handshake with index 15
[01May2025 16:10:52.221] [Netty Epoll Server IO #3/DEBUG] [net.minecraftforge.network.HandshakeHandler/FMLHANDSHAKE]: Received client indexed reply 15 of type net.minecraftforge.network.HandshakeMessages$C2SAcknowledge
[01May2025 16:10:52.221] [Netty Epoll Server IO #3/DEBUG] [net.minecraftforge.network.HandshakeHandler/FMLHANDSHAKE]: Received acknowledgement from client
[01May2025 16:10:52.221] [Netty Epoll Server IO #3/DEBUG] [net.minecraftforge.network.LoginWrapper/FMLHANDSHAKE]: Recieved login wrapper packet event for channel fml:handshake with index 16
[01May2025 16:10:52.221] [Netty Epoll Server IO #3/DEBUG] [net.minecraftforge.network.HandshakeHandler/FMLHANDSHAKE]: Received client indexed reply 16 of type net.minecraftforge.network.HandshakeMessages$C2SAcknowledge
[01May2025 16:10:52.221] [Netty Epoll Server IO #3/DEBUG] [net.minecraftforge.network.HandshakeHandler/FMLHANDSHAKE]: Received acknowledgement from client
[01May2025 16:10:52.222] [Netty Epoll Server IO #3/DEBUG] [net.minecraftforge.network.LoginWrapper/FMLHANDSHAKE]: Recieved login wrapper packet event for channel fml:handshake with index 17
[01May2025 16:10:52.222] [Netty Epoll Server IO #3/DEBUG] [net.minecraftforge.network.HandshakeHandler/FMLHANDSHAKE]: Received client indexed reply 17 of type net.minecraftforge.network.HandshakeMessages$C2SAcknowledge
[01May2025 16:10:52.222] [Netty Epoll Server IO #3/DEBUG] [net.minecraftforge.network.HandshakeHandler/FMLHANDSHAKE]: Received acknowledgement from client
[01May2025 16:10:52.255] [Netty Epoll Server IO #3/DEBUG] [net.minecraftforge.network.LoginWrapper/FMLHANDSHAKE]: Recieved login wrapper packet event for channel fml:handshake with index 18
[01May2025 16:10:52.255] [Netty Epoll Server IO #3/DEBUG] [net.minecraftforge.network.HandshakeHandler/FMLHANDSHAKE]: Received client indexed reply 18 of type net.minecraftforge.network.HandshakeMessages$C2SAcknowledge
[01May2025 16:10:52.255] [Netty Epoll Server IO #3/DEBUG] [net.minecraftforge.network.HandshakeHandler/FMLHANDSHAKE]: Received acknowledgement from client
[01May2025 16:10:52.261] [Server thread/DEBUG] [net.minecraftforge.network.HandshakeHandler/FMLHANDSHAKE]: Sending ticking packet info 'Config forge-server.toml' to 'fml:handshake' sequence 23
[01May2025 16:10:52.479] [Netty Epoll Server IO #3/DEBUG] [net.minecraftforge.network.LoginWrapper/FMLHANDSHAKE]: Recieved login wrapper packet event for channel fml:handshake with index 19
[01May2025 16:10:52.479] [Netty Epoll Server IO #3/DEBUG] [net.minecraftforge.network.HandshakeHandler/FMLHANDSHAKE]: Received client indexed reply 19 of type net.minecraftforge.network.HandshakeMessages$C2SAcknowledge
[01May2025 16:10:52.479] [Netty Epoll Server IO #3/DEBUG] [net.minecraftforge.network.HandshakeHandler/FMLHANDSHAKE]: Received acknowledgement from client
[01May2025 16:10:53.539] [Netty Epoll Server IO #3/DEBUG] [net.minecraftforge.network.LoginWrapper/FMLHANDSHAKE]: Recieved login wrapper packet event for channel fml:handshake with index 20
[01May2025 16:10:53.539] [Netty Epoll Server IO #3/DEBUG] [net.minecraftforge.network.HandshakeHandler/FMLHANDSHAKE]: Received client indexed reply 20 of type net.minecraftforge.network.HandshakeMessages$C2SAcknowledge
[01May2025 16:10:53.539] [Netty Epoll Server IO #3/DEBUG] [net.minecraftforge.network.HandshakeHandler/FMLHANDSHAKE]: Received acknowledgement from client
[01May2025 16:10:53.714] [Netty Epoll Server IO #3/DEBUG] [net.minecraftforge.network.LoginWrapper/FMLHANDSHAKE]: Recieved login wrapper packet event for channel fml:handshake with index 21
[01May2025 16:10:53.714] [Netty Epoll Server IO #3/DEBUG] [net.minecraftforge.network.HandshakeHandler/FMLHANDSHAKE]: Received client indexed reply 21 of type net.minecraftforge.network.HandshakeMessages$C2SAcknowledge
[01May2025 16:10:53.714] [Netty Epoll Server IO #3/DEBUG] [net.minecraftforge.network.HandshakeHandler/FMLHANDSHAKE]: Received acknowledgement from client
[01May2025 16:10:53.763] [Netty Epoll Server IO #3/DEBUG] [net.minecraftforge.network.LoginWrapper/FMLHANDSHAKE]: Recieved login wrapper packet event for channel fml:handshake with index 22
[01May2025 16:10:53.763] [Netty Epoll Server IO #3/DEBUG] [net.minecraftforge.network.HandshakeHandler/FMLHANDSHAKE]: Received client indexed reply 22 of type net.minecraftforge.network.HandshakeMessages$C2SAcknowledge
[01May2025 16:10:53.763] [Netty Epoll Server IO #3/DEBUG] [net.minecraftforge.network.HandshakeHandler/FMLHANDSHAKE]: Received acknowledgement from client
[01May2025 16:10:53.823] [Netty Epoll Server IO #3/DEBUG] [net.minecraftforge.network.LoginWrapper/FMLHANDSHAKE]: Recieved login wrapper packet event for channel fml:handshake with index 23
[01May2025 16:10:53.823] [Netty Epoll Server IO #3/DEBUG] [net.minecraftforge.network.HandshakeHandler/FMLHANDSHAKE]: Received client indexed reply 23 of type net.minecraftforge.network.HandshakeMessages$C2SAcknowledge
[01May2025 16:10:53.823] [Netty Epoll Server IO #3/DEBUG] [net.minecraftforge.network.HandshakeHandler/FMLHANDSHAKE]: Received acknowledgement from client
[01May2025 16:10:53.861] [Server thread/DEBUG] [net.minecraftforge.network.HandshakeHandler/FMLHANDSHAKE]: Handshake complete!
[01May2025 16:10:53.916] [Server thread/DEBUG] [mixin/]: Mixing gameplay.ItemCooldownsAccessor from the_bumblezone-common.mixins.json into net.minecraft.world.item.ItemCooldowns
[01May2025 16:10:53.922] [Server thread/DEBUG] [mixin/]: Mixing compat1204minus.HorseScreenHandlerMixin from pehkui.mixins.json into net.minecraft.world.inventory.HorseInventoryMenu
[01May2025 16:10:54.002] [Server thread/DEBUG] [mixin/]: Mixing entities.PlayerAdvancementsAccessor from the_bumblezone-common.mixins.json into net.minecraft.server.PlayerAdvancements
[01May2025 16:10:54.084] [Server thread/INFO] [net.minecraft.server.players.PlayerList/]: mateoXDn4zia[/127.215.214.81:51275] logged in with entity id 143 at (45.437231876109124, 75.65767136311594, 202.66136257524388)
[01May2025 16:10:54.099] [Server thread/DEBUG] [net.minecraftforge.network.filters.NetworkFilters/]: Injected net.minecraftforge.network.filters.ForgeConnectionNetworkFilter@246559e4 into net.minecraft.network.Connection@34b1034e
[01May2025 16:10:54.278] [Server thread/INFO] [net.minecraft.server.MinecraftServer/]: mateoXDn4zia joined the game
[01May2025 16:10:54.956] [Server thread/DEBUG] [mixin/]: Mixing loot.LootParamsMixin from the_bumblezone-common.mixins.json into net.minecraft.world.level.storage.loot.LootParams
[01May2025 16:10:55.095] [Server thread/DEBUG] [io.netty.util.internal.ThreadLocalRandom/]: -Dio.netty.initialSeedUniquifier: 0x554aacf461adcf29
[01May2025 16:10:56.981] [Server thread/DEBUG] [mixin/]: Mixing entities.FlyNodeEvaluatorMixin from the_bumblezone-common.mixins.json into net.minecraft.world.level.pathfinder.FlyNodeEvaluator
[01May2025 16:12:55.810] [Server thread/DEBUG] [mixin/]: Mixing VillagerGoalPackagesMixin from guardvillagers.mixins.json into net.minecraft.world.entity.ai.behavior.VillagerGoalPackages
[01May2025 16:12:55.923] [Server thread/DEBUG] [mixin/]: Mixing compat116plus.VillagerBreedTaskMixin from pehkui.mixins.json into net.minecraft.world.entity.ai.behavior.VillagerMakeLove
[01May2025 16:12:56.700] [Worker-Main-9/DEBUG] [mixin/]: Mixing ChunkRegionAccessor from graveyard-common.mixins.json into net.minecraft.server.level.WorldGenRegion
[01May2025 16:12:56.702] [Worker-Main-9/DEBUG] [mixin/]: Mixing WorldGenRegionAccessor from cataclysm.mixins.json into net.minecraft.server.level.WorldGenRegion
[01May2025 16:12:56.703] [Worker-Main-9/DEBUG] [mixin/]: Mixing world.WorldGenRegionAccessor from the_bumblezone-common.mixins.json into net.minecraft.server.level.WorldGenRegion
[01May2025 16:12:57.638] [Worker-Main-19/DEBUG] [mixin/]: Mixing world.NoiseChunkAccessor from the_bumblezone-common.mixins.json into net.minecraft.world.level.levelgen.NoiseChunk
[01May2025 16:12:57.639] [Worker-Main-19/DEBUG] [mixin/]: Mixing world.NoiseChunkMixin from the_bumblezone-common.mixins.json into net.minecraft.world.level.levelgen.NoiseChunk
[01May2025 16:12:57.640] [Worker-Main-19/DEBUG] [mixin/]: Renaming synthetic method lambda$injectWrapNew$1()Lnet/minecraft/world/level/biome/Climate$Sampler; to md1c81d2$lambda$injectWrapNew$1$0 in the_bumblezone-common.mixins.json:world.NoiseChunkMixin
[01May2025 16:12:57.640] [Worker-Main-19/DEBUG] [mixin/]: Renaming synthetic method lambda$injectWrapNew$0()Lnet/minecraft/world/level/biome/BiomeSource; to md1c81d2$lambda$injectWrapNew$0$1 in the_bumblezone-common.mixins.json:world.NoiseChunkMixin
[01May2025 16:12:57.650] [Worker-Main-19/DEBUG] [mixin/]: Mixing accessor.BeardifierAccessor from cataclysm.mixins.json into net.minecraft.world.level.levelgen.Beardifier
[01May2025 16:13:52.186] [Server thread/DEBUG] [net.minecraftforge.common.ForgeHooks/WP]: Gathering id map for writing to world save world
[01May2025 16:13:52.205] [Server thread/DEBUG] [net.minecraftforge.common.ForgeHooks/WP]: ID Map collection complete world
[01May2025 16:13:58.715] [Server thread/DEBUG] [mixin/]: Mixing entities.AmphibiousNodeEvaluatorMixin from the_bumblezone-common.mixins.json into net.minecraft.world.level.pathfinder.AmphibiousNodeEvaluator
[01May2025 16:14:43.288] [Server thread/DEBUG] [mixin/]: Mixing gameplay.CooldownInstanceAccessor from the_bumblezone-common.mixins.json into net.minecraft.world.item.ItemCooldowns$CooldownInstance
[01May2025 16:14:47.014] [Server thread/WARN] [net.minecraft.server.MinecraftServer/]: Can't keep up! Is the server overloaded? Running 3603ms or 72 ticks behind
[01May2025 16:15:16.643] [Server thread/INFO] [net.minecraft.server.MinecraftServer/]: [mateoXDn4zia: Set own game mode to Spectator Mode]
[01May2025 16:16:14.551] [Server thread/INFO] [net.minecraft.server.MinecraftServer/]: [mateoXDn4zia: The difficulty has been set to Hard]
[01May2025 16:16:48.580] [Server thread/WARN] [net.minecraft.server.network.ServerGamePacketListenerImpl/]: mateoXDn4zia moved too quickly! -1.7828172453834839,-3.738731293803596,-10.128666068875646
[01May2025 16:18:03.520] [Server thread/INFO] [net.minecraft.server.MinecraftServer/]: [mateoXDn4zia: Set own game mode to Survival Mode]
[01May2025 16:18:05.654] [Server thread/INFO] [net.minecraft.server.MinecraftServer/]: [mateoXDn4zia: Set own game mode to Adventure Mode]
[01May2025 16:18:06.636] [Server thread/WARN] [net.minecraft.server.network.ServerGamePacketListenerImpl/]: mateoXDn4zia moved too quickly! 0.0,-12.262358999312099,0.0
[01May2025 16:18:07.623] [Server thread/WARN] [net.minecraft.server.network.ServerGamePacketListenerImpl/]: mateoXDn4zia was kicked for floating too long!
[01May2025 16:18:07.712] [Server thread/INFO] [net.minecraft.server.network.ServerGamePacketListenerImpl/]: mateoXDn4zia lost connection: Flying is not enabled on this server
[01May2025 16:18:07.713] [Server thread/INFO] [net.minecraft.server.MinecraftServer/]: mateoXDn4zia left the game
[01May2025 16:18:55.330] [Server thread/DEBUG] [net.minecraftforge.common.ForgeHooks/WP]: Gathering id map for writing to world save world
[01May2025 16:18:55.341] [Server thread/DEBUG] [net.minecraftforge.common.ForgeHooks/WP]: ID Map collection complete world
[01May2025 16:18:57.439] [Netty Epoll Server IO #0/DEBUG] [net.minecraftforge.network.HandshakeHandler/FMLHANDSHAKE]: Starting new modded impl connection. Found 24 messages to dispatch.
[01May2025 16:18:57.461] [Server thread/DEBUG] [net.minecraftforge.network.HandshakeHandler/FMLHANDSHAKE]: Sending ticking packet info 'net.minecraftforge.network.HandshakeMessages$S2CModData' to 'fml:handshake' sequence 0
[01May2025 16:18:57.511] [Server thread/DEBUG] [net.minecraftforge.network.HandshakeHandler/FMLHANDSHAKE]: Sending ticking packet info 'net.minecraftforge.network.HandshakeMessages$S2CModList' to 'fml:handshake' sequence 1
[01May2025 16:18:57.560] [Server thread/DEBUG] [net.minecraftforge.network.HandshakeHandler/FMLHANDSHAKE]: Sending ticking packet info 'Registry minecraft:command_argument_type' to 'fml:handshake' sequence 2
[01May2025 16:18:57.610] [Server thread/DEBUG] [net.minecraftforge.network.HandshakeHandler/FMLHANDSHAKE]: Sending ticking packet info 'Registry minecraft:recipe_serializer' to 'fml:handshake' sequence 3
[01May2025 16:18:57.661] [Server thread/DEBUG] [net.minecraftforge.network.HandshakeHandler/FMLHANDSHAKE]: Sending ticking packet info 'Registry minecraft:sound_event' to 'fml:handshake' sequence 4
[01May2025 16:18:57.710] [Server thread/DEBUG] [net.minecraftforge.network.HandshakeHandler/FMLHANDSHAKE]: Sending ticking packet info 'Registry minecraft:particle_type' to 'fml:handshake' sequence 5
[01May2025 16:18:57.761] [Server thread/DEBUG] [net.minecraftforge.network.HandshakeHandler/FMLHANDSHAKE]: Sending ticking packet info 'Registry minecraft:villager_profession' to 'fml:handshake' sequence 6
[01May2025 16:18:57.811] [Server thread/DEBUG] [net.minecraftforge.network.HandshakeHandler/FMLHANDSHAKE]: Sending ticking packet info 'Registry minecraft:item' to 'fml:handshake' sequence 7
[01May2025 16:18:57.861] [Server thread/DEBUG] [net.minecraftforge.network.HandshakeHandler/FMLHANDSHAKE]: Sending ticking packet info 'Registry minecraft:potion' to 'fml:handshake' sequence 8
[01May2025 16:18:57.910] [Server thread/DEBUG] [net.minecraftforge.network.HandshakeHandler/FMLHANDSHAKE]: Sending ticking packet info 'Registry minecraft:painting_variant' to 'fml:handshake' sequence 9
[01May2025 16:18:57.960] [Server thread/DEBUG] [net.minecraftforge.network.HandshakeHandler/FMLHANDSHAKE]: Sending ticking packet info 'Registry forge:fluid_type' to 'fml:handshake' sequence 10
[01May2025 16:18:58.010] [Server thread/DEBUG] [net.minecraftforge.network.HandshakeHandler/FMLHANDSHAKE]: Sending ticking packet info 'Registry minecraft:block_entity_type' to 'fml:handshake' sequence 11
[01May2025 16:18:58.060] [Server thread/DEBUG] [net.minecraftforge.network.HandshakeHandler/FMLHANDSHAKE]: Sending ticking packet info 'Registry forge:display_contexts' to 'fml:handshake' sequence 12
[01May2025 16:18:58.111] [Server thread/DEBUG] [net.minecraftforge.network.HandshakeHandler/FMLHANDSHAKE]: Sending ticking packet info 'Registry minecraft:block' to 'fml:handshake' sequence 13
[01May2025 16:18:58.160] [Server thread/DEBUG] [net.minecraftforge.network.HandshakeHandler/FMLHANDSHAKE]: Sending ticking packet info 'Registry forge:entity_data_serializers' to 'fml:handshake' sequence 14
[01May2025 16:18:58.211] [Server thread/DEBUG] [net.minecraftforge.network.HandshakeHandler/FMLHANDSHAKE]: Sending ticking packet info 'Registry minecraft:mob_effect' to 'fml:handshake' sequence 15
[01May2025 16:18:58.220] [Netty Epoll Server IO #0/DEBUG] [net.minecraftforge.network.LoginWrapper/FMLHANDSHAKE]: Recieved login wrapper packet event for channel fml:handshake with index 1
[01May2025 16:18:58.221] [Netty Epoll Server IO #0/DEBUG] [net.minecraftforge.network.HandshakeHandler/FMLHANDSHAKE]: Received client indexed reply 1 of type net.minecraftforge.network.HandshakeMessages$C2SModListReply
[01May2025 16:18:58.221] [Netty Epoll Server IO #0/DEBUG] [net.minecraftforge.network.HandshakeHandler/FMLHANDSHAKE]: Received client connection with modlist [minecraft, sons_of_sins, mowziesmobs, geckolib, eeeabsmobs, call_of_drowner, graveyard, pehkui, born_in_chaos_v1, lionfishapi, obscure_api, cataclysm, curios, cerbons_api, citadel, legendary_monsters, mr_dungeons_andtaverns, mixinextras, call_of_yucutan, guardvillagers, takesapillage, animatedmobsmod, bosses_of_mass_destruction, the_bumblezone, faded_conquest_2, illageandspillage, cloth_config, forge, tlskincape, athena, aquamirae, hs_bosses, dungeons_arise]
[01May2025 16:18:58.221] [Netty Epoll Server IO #0/DEBUG] [net.minecraftforge.network.NetworkRegistry/NETREGISTRY]: Channel 'the_bumblezone:networking' : Version test of '7.6.8+1.20.1-forge' from client : ACCEPTED
[01May2025 16:18:58.221] [Netty Epoll Server IO #0/DEBUG] [net.minecraftforge.network.NetworkRegistry/NETREGISTRY]: Channel 'eeeabsmobs:net' : Version test of '1.0' from client : ACCEPTED
[01May2025 16:18:58.221] [Netty Epoll Server IO #0/DEBUG] [net.minecraftforge.network.NetworkRegistry/NETREGISTRY]: Channel 'legendary_monsters:main_channel' : Version test of '1' from client : ACCEPTED
[01May2025 16:18:58.221] [Netty Epoll Server IO #0/DEBUG] [net.minecraftforge.network.NetworkRegistry/NETREGISTRY]: Channel 'guardvillagers:main' : Version test of '1' from client : ACCEPTED
[01May2025 16:18:58.221] [Netty Epoll Server IO #0/DEBUG] [net.minecraftforge.network.NetworkRegistry/NETREGISTRY]: Channel 'minecraft:unregister' : Version test of 'FML3' from client : ACCEPTED
[01May2025 16:18:58.221] [Netty Epoll Server IO #0/DEBUG] [net.minecraftforge.network.NetworkRegistry/NETREGISTRY]: Channel 'hs_bosses:hs_bosses' : Version test of '1' from client : ACCEPTED
[01May2025 16:18:58.221] [Netty Epoll Server IO #0/DEBUG] [net.minecraftforge.network.NetworkRegistry/NETREGISTRY]: Channel 'illageandspillage:channel' : Version test of '2' from client : ACCEPTED
[01May2025 16:18:58.221] [Netty Epoll Server IO #0/DEBUG] [net.minecraftforge.network.NetworkRegistry/NETREGISTRY]: Channel 'citadel:main_channel' : Version test of '1' from client : ACCEPTED
[01May2025 16:18:58.221] [Netty Epoll Server IO #0/DEBUG] [net.minecraftforge.network.NetworkRegistry/NETREGISTRY]: Channel 'born_in_chaos_v1:born_in_chaos_v1' : Version test of '1' from client : ACCEPTED
[01May2025 16:18:58.221] [Netty Epoll Server IO #0/DEBUG] [net.minecraftforge.network.NetworkRegistry/NETREGISTRY]: Channel 'sons_of_sins:sons_of_sins' : Version test of '1' from client : ACCEPTED
[01May2025 16:18:58.221] [Netty Epoll Server IO #0/DEBUG] [net.minecraftforge.network.NetworkRegistry/NETREGISTRY]: Channel 'obscure_api:obscure_api' : Version test of '1' from client : ACCEPTED
[01May2025 16:18:58.221] [Netty Epoll Server IO #0/DEBUG] [net.minecraftforge.network.NetworkRegistry/NETREGISTRY]: Channel 'bosses_of_mass_destruction:packets' : Version test of '1' from client : ACCEPTED
[01May2025 16:18:58.221] [Netty Epoll Server IO #0/DEBUG] [net.minecraftforge.network.NetworkRegistry/NETREGISTRY]: Channel 'curios:main' : Version test of '1' from client : ACCEPTED
[01May2025 16:18:58.221] [Netty Epoll Server IO #0/DEBUG] [net.minecraftforge.network.NetworkRegistry/NETREGISTRY]: Channel 'pehkui:main' : Version test of '2' from client : ACCEPTED
[01May2025 16:18:58.221] [Netty Epoll Server IO #0/DEBUG] [net.minecraftforge.network.NetworkRegistry/NETREGISTRY]: Channel 'cataclysm:main_channel' : Version test of '1' from client : ACCEPTED
[01May2025 16:18:58.221] [Netty Epoll Server IO #0/DEBUG] [net.minecraftforge.network.NetworkRegistry/NETREGISTRY]: Channel 'lionfishapi:main_channel' : Version test of '1' from client : ACCEPTED
[01May2025 16:18:58.221] [Netty Epoll Server IO #0/DEBUG] [net.minecraftforge.network.NetworkRegistry/NETREGISTRY]: Channel 'fml:loginwrapper' : Version test of 'FML3' from client : ACCEPTED
[01May2025 16:18:58.221] [Netty Epoll Server IO #0/DEBUG] [net.minecraftforge.network.NetworkRegistry/NETREGISTRY]: Channel 'cerbons_api:packets' : Version test of '1' from client : ACCEPTED
[01May2025 16:18:58.221] [Netty Epoll Server IO #0/DEBUG] [net.minecraftforge.network.NetworkRegistry/NETREGISTRY]: Channel 'forge:tier_sorting' : Version test of '1.0' from client : ACCEPTED
[01May2025 16:18:58.221] [Netty Epoll Server IO #0/DEBUG] [net.minecraftforge.network.NetworkRegistry/NETREGISTRY]: Channel 'aquamirae:main' : Version test of '1' from client : ACCEPTED
[01May2025 16:18:58.221] [Netty Epoll Server IO #0/DEBUG] [net.minecraftforge.network.NetworkRegistry/NETREGISTRY]: Channel 'call_of_yucutan:call_of_yucutan' : Version test of '1' from client : ACCEPTED
[01May2025 16:18:58.221] [Netty Epoll Server IO #0/DEBUG] [net.minecraftforge.network.NetworkRegistry/NETREGISTRY]: Channel 'mowziesmobs:net' : Version test of '1' from client : ACCEPTED
[01May2025 16:18:58.221] [Netty Epoll Server IO #0/DEBUG] [net.minecraftforge.network.NetworkRegistry/NETREGISTRY]: Channel 'animatedmobsmod:animatedmobsmod' : Version test of '1' from client : ACCEPTED
[01May2025 16:18:58.221] [Netty Epoll Server IO #0/DEBUG] [net.minecraftforge.network.NetworkRegistry/NETREGISTRY]: Channel 'fml:play' : Version test of 'FML3' from client : ACCEPTED
[01May2025 16:18:58.221] [Netty Epoll Server IO #0/DEBUG] [net.minecraftforge.network.NetworkRegistry/NETREGISTRY]: Channel 'faded_conquest_2:faded_conquest_2' : Version test of '1' from client : ACCEPTED
[01May2025 16:18:58.222] [Netty Epoll Server IO #0/DEBUG] [net.minecraftforge.network.NetworkRegistry/NETREGISTRY]: Channel 'fml:handshake' : Version test of 'FML3' from client : ACCEPTED
[01May2025 16:18:58.222] [Netty Epoll Server IO #0/DEBUG] [net.minecraftforge.network.NetworkRegistry/NETREGISTRY]: Channel 'call_of_drowner:call_of_drowner' : Version test of '1' from client : ACCEPTED
[01May2025 16:18:58.222] [Netty Epoll Server IO #0/DEBUG] [net.minecraftforge.network.NetworkRegistry/NETREGISTRY]: Channel 'minecraft:register' : Version test of 'FML3' from client : ACCEPTED
[01May2025 16:18:58.222] [Netty Epoll Server IO #0/DEBUG] [net.minecraftforge.network.NetworkRegistry/NETREGISTRY]: Channel 'forge:split' : Version test of '1.1' from client : ACCEPTED
[01May2025 16:18:58.222] [Netty Epoll Server IO #0/DEBUG] [net.minecraftforge.network.NetworkRegistry/NETREGISTRY]: Channel 'geckolib:main' : Version test of '1' from client : ACCEPTED
[01May2025 16:18:58.222] [Netty Epoll Server IO #0/DEBUG] [net.minecraftforge.network.NetworkRegistry/NETREGISTRY]: Channel 'graveyard:spawn_entity' : Version test of '1' from client : ACCEPTED
[01May2025 16:18:58.222] [Netty Epoll Server IO #0/DEBUG] [net.minecraftforge.network.NetworkRegistry/NETREGISTRY]: Accepting channel list from client
[01May2025 16:18:58.222] [Netty Epoll Server IO #0/DEBUG] [net.minecraftforge.network.HandshakeHandler/FMLHANDSHAKE]: Accepted client connection mod list
[01May2025 16:18:58.260] [Server thread/DEBUG] [net.minecraftforge.network.HandshakeHandler/FMLHANDSHAKE]: Sending ticking packet info 'Registry minecraft:stat_type' to 'fml:handshake' sequence 16
[01May2025 16:18:58.311] [Server thread/DEBUG] [net.minecraftforge.network.HandshakeHandler/FMLHANDSHAKE]: Sending ticking packet info 'Registry minecraft:menu' to 'fml:handshake' sequence 17
[01May2025 16:18:58.336] [Netty Epoll Server IO #0/DEBUG] [net.minecraftforge.network.LoginWrapper/FMLHANDSHAKE]: Recieved login wrapper packet event for channel fml:handshake with index 2
[01May2025 16:18:58.336] [Netty Epoll Server IO #0/DEBUG] [net.minecraftforge.network.HandshakeHandler/FMLHANDSHAKE]: Received client indexed reply 2 of type net.minecraftforge.network.HandshakeMessages$C2SAcknowledge
[01May2025 16:18:58.336] [Netty Epoll Server IO #0/DEBUG] [net.minecraftforge.network.HandshakeHandler/FMLHANDSHAKE]: Received acknowledgement from client
[01May2025 16:18:58.336] [Netty Epoll Server IO #0/DEBUG] [net.minecraftforge.network.LoginWrapper/FMLHANDSHAKE]: Recieved login wrapper packet event for channel fml:handshake with index 3
[01May2025 16:18:58.336] [Netty Epoll Server IO #0/DEBUG] [net.minecraftforge.network.HandshakeHandler/FMLHANDSHAKE]: Received client indexed reply 3 of type net.minecraftforge.network.HandshakeMessages$C2SAcknowledge
[01May2025 16:18:58.336] [Netty Epoll Server IO #0/DEBUG] [net.minecraftforge.network.HandshakeHandler/FMLHANDSHAKE]: Received acknowledgement from client
[01May2025 16:18:58.359] [Netty Epoll Server IO #0/DEBUG] [net.minecraftforge.network.LoginWrapper/FMLHANDSHAKE]: Recieved login wrapper packet event for channel fml:handshake with index 4
[01May2025 16:18:58.359] [Netty Epoll Server IO #0/DEBUG] [net.minecraftforge.network.HandshakeHandler/FMLHANDSHAKE]: Received client indexed reply 4 of type net.minecraftforge.network.HandshakeMessages$C2SAcknowledge
[01May2025 16:18:58.359] [Netty Epoll Server IO #0/DEBUG] [net.minecraftforge.network.HandshakeHandler/FMLHANDSHAKE]: Received acknowledgement from client
[01May2025 16:18:58.361] [Server thread/DEBUG] [net.minecraftforge.network.HandshakeHandler/FMLHANDSHAKE]: Sending ticking packet info 'Registry minecraft:enchantment' to 'fml:handshake' sequence 18
[01May2025 16:18:58.379] [Netty Epoll Server IO #0/DEBUG] [net.minecraftforge.network.LoginWrapper/FMLHANDSHAKE]: Recieved login wrapper packet event for channel fml:handshake with index 5
[01May2025 16:18:58.379] [Netty Epoll Server IO #0/DEBUG] [net.minecraftforge.network.HandshakeHandler/FMLHANDSHAKE]: Received client indexed reply 5 of type net.minecraftforge.network.HandshakeMessages$C2SAcknowledge
[01May2025 16:18:58.379] [Netty Epoll Server IO #0/DEBUG] [net.minecraftforge.network.HandshakeHandler/FMLHANDSHAKE]: Received acknowledgement from client
[01May2025 16:18:58.411] [Server thread/DEBUG] [net.minecraftforge.network.HandshakeHandler/FMLHANDSHAKE]: Sending ticking packet info 'Registry minecraft:fluid' to 'fml:handshake' sequence 19
[01May2025 16:18:58.411] [Netty Epoll Server IO #0/DEBUG] [net.minecraftforge.network.LoginWrapper/FMLHANDSHAKE]: Recieved login wrapper packet event for channel fml:handshake with index 6
[01May2025 16:18:58.411] [Netty Epoll Server IO #0/DEBUG] [net.minecraftforge.network.HandshakeHandler/FMLHANDSHAKE]: Received client indexed reply 6 of type net.minecraftforge.network.HandshakeMessages$C2SAcknowledge
[01May2025 16:18:58.411] [Netty Epoll Server IO #0/DEBUG] [net.minecraftforge.network.HandshakeHandler/FMLHANDSHAKE]: Received acknowledgement from client
[01May2025 16:18:58.411] [Netty Epoll Server IO #0/DEBUG] [net.minecraftforge.network.LoginWrapper/FMLHANDSHAKE]: Recieved login wrapper packet event for channel fml:handshake with index 7
[01May2025 16:18:58.411] [Netty Epoll Server IO #0/DEBUG] [net.minecraftforge.network.HandshakeHandler/FMLHANDSHAKE]: Received client indexed reply 7 of type net.minecraftforge.network.HandshakeMessages$C2SAcknowledge
[01May2025 16:18:58.411] [Netty Epoll Server IO #0/DEBUG] [net.minecraftforge.network.HandshakeHandler/FMLHANDSHAKE]: Received acknowledgement from client
[01May2025 16:18:58.411] [Netty Epoll Server IO #0/DEBUG] [net.minecraftforge.network.LoginWrapper/FMLHANDSHAKE]: Recieved login wrapper packet event for channel fml:handshake with index 8
[01May2025 16:18:58.411] [Netty Epoll Server IO #0/DEBUG] [net.minecraftforge.network.HandshakeHandler/FMLHANDSHAKE]: Received client indexed reply 8 of type net.minecraftforge.network.HandshakeMessages$C2SAcknowledge
[01May2025 16:18:58.412] [Netty Epoll Server IO #0/DEBUG] [net.minecraftforge.network.HandshakeHandler/FMLHANDSHAKE]: Received acknowledgement from client
[01May2025 16:18:58.451] [Netty Epoll Server IO #0/DEBUG] [net.minecraftforge.network.LoginWrapper/FMLHANDSHAKE]: Recieved login wrapper packet event for channel fml:handshake with index 9
[01May2025 16:18:58.451] [Netty Epoll Server IO #0/DEBUG] [net.minecraftforge.network.HandshakeHandler/FMLHANDSHAKE]: Received client indexed reply 9 of type net.minecraftforge.network.HandshakeMessages$C2SAcknowledge
[01May2025 16:18:58.451] [Netty Epoll Server IO #0/DEBUG] [net.minecraftforge.network.HandshakeHandler/FMLHANDSHAKE]: Received acknowledgement from client
[01May2025 16:18:58.453] [Netty Epoll Server IO #0/DEBUG] [net.minecraftforge.network.LoginWrapper/FMLHANDSHAKE]: Recieved login wrapper packet event for channel fml:handshake with index 10
[01May2025 16:18:58.453] [Netty Epoll Server IO #0/DEBUG] [net.minecraftforge.network.HandshakeHandler/FMLHANDSHAKE]: Received client indexed reply 10 of type net.minecraftforge.network.HandshakeMessages$C2SAcknowledge
[01May2025 16:18:58.453] [Netty Epoll Server IO #0/DEBUG] [net.minecraftforge.network.HandshakeHandler/FMLHANDSHAKE]: Received acknowledgement from client
[01May2025 16:18:58.453] [Netty Epoll Server IO #0/DEBUG] [net.minecraftforge.network.LoginWrapper/FMLHANDSHAKE]: Recieved login wrapper packet event for channel fml:handshake with index 11
[01May2025 16:18:58.453] [Netty Epoll Server IO #0/DEBUG] [net.minecraftforge.network.HandshakeHandler/FMLHANDSHAKE]: Received client indexed reply 11 of type net.minecraftforge.network.HandshakeMessages$C2SAcknowledge
[01May2025 16:18:58.453] [Netty Epoll Server IO #0/DEBUG] [net.minecraftforge.network.HandshakeHandler/FMLHANDSHAKE]: Received acknowledgement from client
[01May2025 16:18:58.453] [Netty Epoll Server IO #0/DEBUG] [net.minecraftforge.network.LoginWrapper/FMLHANDSHAKE]: Recieved login wrapper packet event for channel fml:handshake with index 12
[01May2025 16:18:58.453] [Netty Epoll Server IO #0/DEBUG] [net.minecraftforge.network.HandshakeHandler/FMLHANDSHAKE]: Received client indexed reply 12 of type net.minecraftforge.network.HandshakeMessages$C2SAcknowledge
[01May2025 16:18:58.453] [Netty Epoll Server IO #0/DEBUG] [net.minecraftforge.network.HandshakeHandler/FMLHANDSHAKE]: Received acknowledgement from client
[01May2025 16:18:58.461] [Server thread/DEBUG] [net.minecraftforge.network.HandshakeHandler/FMLHANDSHAKE]: Sending ticking packet info 'Registry minecraft:entity_type' to 'fml:handshake' sequence 20
[01May2025 16:18:58.511] [Server thread/DEBUG] [net.minecraftforge.network.HandshakeHandler/FMLHANDSHAKE]: Sending ticking packet info 'Config curios-server.toml' to 'fml:handshake' sequence 21
[01May2025 16:18:58.540] [Netty Epoll Server IO #0/DEBUG] [net.minecraftforge.network.LoginWrapper/FMLHANDSHAKE]: Recieved login wrapper packet event for channel fml:handshake with index 13
[01May2025 16:18:58.540] [Netty Epoll Server IO #0/DEBUG] [net.minecraftforge.network.HandshakeHandler/FMLHANDSHAKE]: Received client indexed reply 13 of type net.minecraftforge.network.HandshakeMessages$C2SAcknowledge
[01May2025 16:18:58.540] [Netty Epoll Server IO #0/DEBUG] [net.minecraftforge.network.HandshakeHandler/FMLHANDSHAKE]: Received acknowledgement from client
[01May2025 16:18:58.561] [Server thread/DEBUG] [net.minecraftforge.network.HandshakeHandler/FMLHANDSHAKE]: Sending ticking packet info 'Config pehkui-server.toml' to 'fml:handshake' sequence 22
[01May2025 16:18:58.561] [Netty Epoll Server IO #0/DEBUG] [net.minecraftforge.network.LoginWrapper/FMLHANDSHAKE]: Recieved login wrapper packet event for channel fml:handshake with index 14
[01May2025 16:18:58.561] [Netty Epoll Server IO #0/DEBUG] [net.minecraftforge.network.HandshakeHandler/FMLHANDSHAKE]: Received client indexed reply 14 of type net.minecraftforge.network.HandshakeMessages$C2SAcknowledge
[01May2025 16:18:58.561] [Netty Epoll Server IO #0/DEBUG] [net.minecraftforge.network.HandshakeHandler/FMLHANDSHAKE]: Received acknowledgement from client
[01May2025 16:18:58.601] [Netty Epoll Server IO #0/DEBUG] [net.minecraftforge.network.LoginWrapper/FMLHANDSHAKE]: Recieved login wrapper packet event for channel fml:handshake with index 15
[01May2025 16:18:58.601] [Netty Epoll Server IO #0/DEBUG] [net.minecraftforge.network.HandshakeHandler/FMLHANDSHAKE]: Received client indexed reply 15 of type net.minecraftforge.network.HandshakeMessages$C2SAcknowledge
[01May2025 16:18:58.601] [Netty Epoll Server IO #0/DEBUG] [net.minecraftforge.network.HandshakeHandler/FMLHANDSHAKE]: Received acknowledgement from client
[01May2025 16:18:58.601] [Netty Epoll Server IO #0/DEBUG] [net.minecraftforge.network.LoginWrapper/FMLHANDSHAKE]: Recieved login wrapper packet event for channel fml:handshake with index 16
[01May2025 16:18:58.601] [Netty Epoll Server IO #0/DEBUG] [net.minecraftforge.network.HandshakeHandler/FMLHANDSHAKE]: Received client indexed reply 16 of type net.minecraftforge.network.HandshakeMessages$C2SAcknowledge
[01May2025 16:18:58.601] [Netty Epoll Server IO #0/DEBUG] [net.minecraftforge.network.HandshakeHandler/FMLHANDSHAKE]: Received acknowledgement from client
[01May2025 16:18:58.601] [Netty Epoll Server IO #0/DEBUG] [net.minecraftforge.network.LoginWrapper/FMLHANDSHAKE]: Recieved login wrapper packet event for channel fml:handshake with index 17
[01May2025 16:18:58.601] [Netty Epoll Server IO #0/DEBUG] [net.minecraftforge.network.HandshakeHandler/FMLHANDSHAKE]: Received client indexed reply 17 of type net.minecraftforge.network.HandshakeMessages$C2SAcknowledge
[01May2025 16:18:58.601] [Netty Epoll Server IO #0/DEBUG] [net.minecraftforge.network.HandshakeHandler/FMLHANDSHAKE]: Received acknowledgement from client
[01May2025 16:18:58.602] [Netty Epoll Server IO #0/DEBUG] [net.minecraftforge.network.LoginWrapper/FMLHANDSHAKE]: Recieved login wrapper packet event for channel fml:handshake with index 18
[01May2025 16:18:58.602] [Netty Epoll Server IO #0/DEBUG] [net.minecraftforge.network.HandshakeHandler/FMLHANDSHAKE]: Received client indexed reply 18 of type net.minecraftforge.network.HandshakeMessages$C2SAcknowledge
[01May2025 16:18:58.602] [Netty Epoll Server IO #0/DEBUG] [net.minecraftforge.network.HandshakeHandler/FMLHANDSHAKE]: Received acknowledgement from client
[01May2025 16:18:58.611] [Server thread/DEBUG] [net.minecraftforge.network.HandshakeHandler/FMLHANDSHAKE]: Sending ticking packet info 'Config forge-server.toml' to 'fml:handshake' sequence 23
[01May2025 16:18:58.650] [Netty Epoll Server IO #0/DEBUG] [net.minecraftforge.network.LoginWrapper/FMLHANDSHAKE]: Recieved login wrapper packet event for channel fml:handshake with index 19
[01May2025 16:18:58.651] [Netty Epoll Server IO #0/DEBUG] [net.minecraftforge.network.HandshakeHandler/FMLHANDSHAKE]: Received client indexed reply 19 of type net.minecraftforge.network.HandshakeMessages$C2SAcknowledge
[01May2025 16:18:58.651] [Netty Epoll Server IO #0/DEBUG] [net.minecraftforge.network.HandshakeHandler/FMLHANDSHAKE]: Received acknowledgement from client
[01May2025 16:19:00.941] [Netty Epoll Server IO #0/DEBUG] [net.minecraftforge.network.LoginWrapper/FMLHANDSHAKE]: Recieved login wrapper packet event for channel fml:handshake with index 20
[01May2025 16:19:00.941] [Netty Epoll Server IO #0/DEBUG] [net.minecraftforge.network.HandshakeHandler/FMLHANDSHAKE]: Received client indexed reply 20 of type net.minecraftforge.network.HandshakeMessages$C2SAcknowledge
[01May2025 16:19:00.941] [Netty Epoll Server IO #0/DEBUG] [net.minecraftforge.network.HandshakeHandler/FMLHANDSHAKE]: Received acknowledgement from client
[01May2025 16:19:01.411] [Netty Epoll Server IO #0/DEBUG] [net.minecraftforge.network.LoginWrapper/FMLHANDSHAKE]: Recieved login wrapper packet event for channel fml:handshake with index 21
[01May2025 16:19:01.411] [Netty Epoll Server IO #0/DEBUG] [net.minecraftforge.network.HandshakeHandler/FMLHANDSHAKE]: Received client indexed reply 21 of type net.minecraftforge.network.HandshakeMessages$C2SAcknowledge
[01May2025 16:19:01.411] [Netty Epoll Server IO #0/DEBUG] [net.minecraftforge.network.HandshakeHandler/FMLHANDSHAKE]: Received acknowledgement from client
[01May2025 16:19:01.633] [Netty Epoll Server IO #0/DEBUG] [net.minecraftforge.network.LoginWrapper/FMLHANDSHAKE]: Recieved login wrapper packet event for channel fml:handshake with index 22
[01May2025 16:19:01.634] [Netty Epoll Server IO #0/DEBUG] [net.minecraftforge.network.HandshakeHandler/FMLHANDSHAKE]: Received client indexed reply 22 of type net.minecraftforge.network.HandshakeMessages$C2SAcknowledge
[01May2025 16:19:01.634] [Netty Epoll Server IO #0/DEBUG] [net.minecraftforge.network.HandshakeHandler/FMLHANDSHAKE]: Received acknowledgement from client
[01May2025 16:19:01.758] [Netty Epoll Server IO #0/DEBUG] [net.minecraftforge.network.LoginWrapper/FMLHANDSHAKE]: Recieved login wrapper packet event for channel fml:handshake with index 23
[01May2025 16:19:01.758] [Netty Epoll Server IO #0/DEBUG] [net.minecraftforge.network.HandshakeHandler/FMLHANDSHAKE]: Received client indexed reply 23 of type net.minecraftforge.network.HandshakeMessages$C2SAcknowledge
[01May2025 16:19:01.758] [Netty Epoll Server IO #0/DEBUG] [net.minecraftforge.network.HandshakeHandler/FMLHANDSHAKE]: Received acknowledgement from client
[01May2025 16:19:01.761] [Server thread/DEBUG] [net.minecraftforge.network.HandshakeHandler/FMLHANDSHAKE]: Handshake complete!
[01May2025 16:19:01.829] [Server thread/INFO] [net.minecraft.server.players.PlayerList/]: mateoXDn4zia[/127.215.214.81:60713] logged in with entity id 4633 at (177.6285453776562, 87.82045192219172, -558.5616358472614)
[01May2025 16:19:01.829] [Server thread/DEBUG] [net.minecraftforge.network.filters.NetworkFilters/]: Injected net.minecraftforge.network.filters.ForgeConnectionNetworkFilter@6a2fc4c4 into net.minecraft.network.Connection@124eb950
[01May2025 16:19:01.913] [Server thread/INFO] [net.minecraft.server.MinecraftServer/]: mateoXDn4zia joined the game
[01May2025 16:19:14.837] [Server thread/INFO] [net.minecraft.server.MinecraftServer/]: [mateoXDn4zia: Set own game mode to Creative Mode]
[01May2025 16:20:39.670] [Server thread/INFO] [net.minecraft.server.network.ServerGamePacketListenerImpl/]: mateoXDn4zia lost connection: Disconnected
[01May2025 16:20:39.671] [Server thread/INFO] [net.minecraft.server.MinecraftServer/]: mateoXDn4zia left the game
[01May2025 16:23:55.264] [Server thread/DEBUG] [net.minecraftforge.common.ForgeHooks/WP]: Gathering id map for writing to world save world
[01May2025 16:23:55.271] [Server thread/DEBUG] [net.minecraftforge.common.ForgeHooks/WP]: ID Map collection complete world
